label	Reference	HEK	HeLa	K562	MCF7	HMC3	gene_exon	variant_hg38	snp	event_id	event_id_str	exclusive_high_cl	exclusive_low_cl	max_val	min_val	exclusive_cl	psi_pattern	sort_val	mingap
"MEFV exon 8
chr16:3244275:A>C"	26040	0.6647324306898775	0.9788732394366197	0.7123076923076923	0.7029411764705882	0.6988710377768128	MEFV exon 8	chr16:3244275:A>C	119:T>G	chr16:3244234-3244394:-	chr16:3244234-3244394:-	HeLa	HEK	0.9788732394366197	0.6647324306898775	HeLa	Exclusive High	0.9788732394366197	
"ELN exon 5
chr7:74041183:G>A;chr7:74041243:T>A"	145684	0.5329077701959057	0.9275303643724696	0.43810359964881473	0.4539295392953929	0.6771929824561403	ELN exon 5	chr7:74041183:G>A;chr7:74041243:T>A	72:G>A ; 132:T>A	chr7:74041111-74041271:+	chr7:74041111-74041271:+	HeLa	K562	0.9275303643724696	0.43810359964881473	HeLa	Exclusive High	0.9275303643724696	
"DIAPH1 exon 2
chr5:141588334:G>C;chr5:141588280:A>G"	114267	0.5408108108108108	0.9224137931034483	0.5350877192982455	0.5653357531760436	0.5602103120759838	DIAPH1 exon 2	chr5:141588334:G>C;chr5:141588280:A>G	30:C>G ; 84:T>C	chr5:141588204-141588364:-	chr5:141588204-141588364:-	HeLa	K562	0.9224137931034483	0.5350877192982455	HeLa	Exclusive High	0.9224137931034483	
"COL11A2 exon 7
chr6:33185108:A>C;chr6:33184976:T>A"	221413	0.4292372881355932	0.90625	0.46014492753623193	0.5071428571428571	0.6153100775193798	COL11A2 exon 7	chr6:33185108:A>C;chr6:33184976:T>A	24:T>G ; 156:A>T	chr6:33184972-33185132:-	chr6:33184972-33185132:-	HeLa	HEK	0.90625	0.4292372881355932	HeLa	Exclusive High	0.90625	
"CACNA2D4 exon 28
chr12:1810645:T>C"	7733	0.4423076923076923	0.8857142857142857	0.5515919811320755	0.37053571428571425	0.52	CACNA2D4 exon 28	chr12:1810645:T>C	38:A>G	chr12:1810523-1810683:-	chr12:1810523-1810683:-	HeLa	MCF7	0.8857142857142857	0.37053571428571425	HeLa	Exclusive High	0.8857142857142857	
"NEXN exon 6
chr1:77925137:A>C;chr1:77925245:C>A"	197473	0.5550078247261345	0.8471102150537635	0.5575396825396826	0.43095238095238086	0.5419421877952012	NEXN exon 6	chr1:77925137:A>C;chr1:77925245:C>A	48:A>C ; 156:C>A	chr1:77925089-77925249:+	chr1:77925089-77925249:+	HeLa	MCF7	0.8471102150537635	0.43095238095238086	HeLa	Exclusive High	0.8471102150537635	
"EPB41L1 exon 13
chr20:36195317:A>C"	42137	0.5554852320675105	0.840625	0.5125	0.519047619047619	0.47744360902255634	EPB41L1 exon 13	chr20:36195317:A>C	93:A>C	chr20:36195224-36195384:+	chr20:36195224-36195384:+	HeLa	HMC3	0.840625	0.47744360902255634	HeLa	Exclusive High	0.840625	
"PAFAH1B1 exon 4
chr17:2665980:G>A;chr17:2666004:T>A"	194559	0.3526648968756382	0.8305860805860807	0.55	0.5576923076923077	0.3218637992831541	PAFAH1B1 exon 4	chr17:2665980:G>A;chr17:2666004:T>A	30:G>A ; 54:T>A	chr17:2665950-2666110:+	chr17:2665950-2666110:+	HeLa	HMC3	0.8305860805860807	0.3218637992831541	HeLa	Exclusive High	0.8305860805860807	
"DIAPH1 exon 2
chr5:141588334:G>A"	62381	0.4320290616246498	0.8262310606060606	0.539391323116771	0.35858585858585856	0.4001811594202898	DIAPH1 exon 2	chr5:141588334:G>A	30:C>T	chr5:141588204-141588364:-	chr5:141588204-141588364:-	HeLa	MCF7	0.8262310606060606	0.35858585858585856	HeLa	Exclusive High	0.8262310606060606	
"NEXN exon 6
chr1:77925135:G>C"	41054	0.4488157894736842	0.7621138703815868	0.48827493261455523	0.3697093319734829	0.36980817347789824	NEXN exon 6	chr1:77925135:G>C	46:G>C	chr1:77925089-77925249:+	chr1:77925089-77925249:+	HeLa	MCF7	0.7621138703815868	0.3697093319734829	HeLa	Exclusive High	0.7621138703815868	
"ELN exon 5
chr7:74041159:T>G;chr7:74041171:C>T"	145477	0.2632850241545893	0.7369597615499255	0.37348668280871666	0.45588235294117646	0.47619047619047616	ELN exon 5	chr7:74041159:T>G;chr7:74041171:C>T	48:T>G ; 60:C>T	chr7:74041111-74041271:+	chr7:74041111-74041271:+	HeLa	HEK	0.7369597615499255	0.2632850241545893	HeLa	Exclusive High	0.7369597615499255	
"HMBS exon 10
chr11:119092157:G>C"	4673	0.2151197426426784	0.7019230769230769	0.38428604489701457	0.23689258312020456	0.4363327674023768	HMBS exon 10	chr11:119092157:G>C	134:G>C	chr11:119092023-119092183:+	chr11:119092023-119092183:+	HeLa	HEK	0.7019230769230769	0.2151197426426784	HeLa	Exclusive High	0.7019230769230769	
"LMNA exon 10
chr1:156137687:A>T;chr1:156137753:A>G"	150430	0.16090167120093274	0.6838709677419355	0.3936507936507936	0.2009803921568627	0.39583333333333337	LMNA exon 10	chr1:156137687:A>T;chr1:156137753:A>G	84:A>T ; 150:A>G	chr1:156137603-156137763:+	chr1:156137603-156137763:+	HeLa	HEK	0.6838709677419355	0.16090167120093274	HeLa	Exclusive High	0.6838709677419355	
"ELN exon 5
chr7:74041237:C>A;chr7:74041249:C>G"	145138	0.28292682926829266	0.6808176100628931	0.3745614035087719	0.3218390804597701	0.4122807017543859	ELN exon 5	chr7:74041237:C>A;chr7:74041249:C>G	126:C>A ; 138:C>G	chr7:74041111-74041271:+	chr7:74041111-74041271:+	HeLa	HEK	0.6808176100628931	0.28292682926829266	HeLa	Exclusive High	0.6808176100628931	
"LMNA exon 10
chr1:156137639:C>G;chr1:156137753:A>G"	150879	0.2184931506849315	0.6707650273224044	0.39242424242424245	0.3890746934225195	0.4005296259516716	LMNA exon 10	chr1:156137639:C>G;chr1:156137753:A>G	36:C>G ; 150:A>G	chr1:156137603-156137763:+	chr1:156137603-156137763:+	HeLa	HEK	0.6707650273224044	0.2184931506849315	HeLa	Exclusive High	0.6707650273224044	
"NEK1 exon 20
chr4:169508760:G>A"	59405	0.3098023396530859	0.6594110115236875	0.2951388888888889	0.14522417153996095	0.3662613981762918	NEK1 exon 20	chr4:169508760:G>A	149:C>T	chr4:169508749-169508909:-	chr4:169508749-169508909:-	HeLa	MCF7	0.6594110115236875	0.14522417153996095	HeLa	Exclusive High	0.6594110115236875	
"EPB41L1 exon 13
chr20:36195312:C>T"	42122	0.14250000000000002	0.6284340659340659	0.16758241758241754	0.3299856527977044	0.31547619047619047	EPB41L1 exon 13	chr20:36195312:C>T	88:C>T	chr20:36195224-36195384:+	chr20:36195224-36195384:+	HeLa	HEK	0.6284340659340659	0.14250000000000002	HeLa	Exclusive High	0.6284340659340659	
"DIAPH1 exon 2
chr5:141588244:T>C;chr5:141588220:T>A"	114105	0.2525252525252525	0.5619433198380567	0.18421052631578938	0.17505720823798626	0.2831050228310502	DIAPH1 exon 2	chr5:141588244:T>C;chr5:141588220:T>A	120:A>G ; 144:A>T	chr5:141588204-141588364:-	chr5:141588204-141588364:-	HeLa	MCF7	0.5619433198380567	0.17505720823798626	HeLa	Exclusive High	0.5619433198380567	
"COL11A2 exon 7
chr6:33185132:A>C;chr6:33184982:A>C"	156796	0.13841463414634145	0.5617766203703703	0.22835130970724185	0.30240240240240235	0.28301886792452824	COL11A2 exon 7	chr6:33185132:A>C;chr6:33184982:A>C	0:T>G ; 150:T>G	chr6:33184972-33185132:-	chr6:33184972-33185132:-	HeLa	HEK	0.5617766203703703	0.13841463414634145	HeLa	Exclusive High	0.5617766203703703	
"DYSF exon 17
chr2:71549276:C>G"	51946	0.12132352941176469	0.4929078014184397	0.22632575757575757	0.20871143375680573	0.0768707482993197	DYSF exon 17	chr2:71549276:C>G	25:C>G	chr2:71549251-71549411:+	chr2:71549251-71549411:+	HeLa	HMC3	0.4929078014184397	0.0768707482993197	HeLa	Exclusive High	0.4929078014184397	
"COLQ exon 5
chr3:15479075:A>T;chr3:15478961:A>G"	139250	0.07957103137826024	0.4525641025641025	0.080503144654088	0.1529471544715447	0.19785575048732934	COLQ exon 5	chr3:15479075:A>T;chr3:15478961:A>G	42:T>A ; 156:T>C	chr3:15478957-15479117:-	chr3:15478957-15479117:-	HeLa	HEK	0.4525641025641025	0.07957103137826024	HeLa	Exclusive High	0.4525641025641025	
"ABCB7 exon 2
chrX:75114750:T>C;chrX:75114738:G>A"	144173	0.5170940170940171	0.630656108597285	0.9085081585081586	0.1833333333333333	0.5082706766917293	ABCB7 exon 2	chrX:75114750:T>C;chrX:75114738:G>A	144:A>G ; 156:C>T	chrX:75114734-75114894:-	chrX:75114734-75114894:-	K562	MCF7	0.9085081585081586	0.1833333333333333	K562	Exclusive High	0.9085081585081586	
"ANK2 exon 36
chr4:113348222:T>A;chr4:113348276:G>A"	171879	0.47318107856810787	0.5428047968021319	0.828125	0.4292626728110599	0.41617647058823526	ANK2 exon 36	chr4:113348222:T>A;chr4:113348276:G>A	54:T>A ; 108:G>A	chr4:113348168-113348328:+	chr4:113348168-113348328:+	K562	HMC3	0.828125	0.41617647058823526	K562	Exclusive High	0.828125	
"USP28 exon 6
chr11:113834365:C>A"	2922	0.22976190476190475	0.4091990483743061	0.7543859649122806	0.2965116279069767	0.47818791946308725	USP28 exon 6	chr11:113834365:C>A	24:G>T	chr11:113834229-113834389:-	chr11:113834229-113834389:-	K562	HEK	0.7543859649122806	0.22976190476190475	K562	Exclusive High	0.7543859649122806	
"USP28 exon 6
chr11:113834364:G>T"	2924	0.2638526119402985	0.41129032258064513	0.7033799533799534	0.3325085060315496	0.43943355119825706	USP28 exon 6	chr11:113834364:G>T	25:C>A	chr11:113834229-113834389:-	chr11:113834229-113834389:-	K562	HEK	0.7033799533799534	0.2638526119402985	K562	Exclusive High	0.7033799533799534	
"CDC7 exon 3
chr1:91507887:C>T"	86729	0.1805576776165011	0.33088235294117646	0.7011093073593073	0.1556749467090094	0.25018165443697354	CDC7 exon 3	chr1:91507887:C>T	90:C>T	chr1:91507797-91507957:+	chr1:91507797-91507957:+	K562	MCF7	0.7011093073593073	0.1556749467090094	K562	Exclusive High	0.7011093073593073	
"USP28 exon 6
chr11:113834305:G>C;chr11:113834263:A>C"	116784	0.1196471855642337	0.25392156862745097	0.5510912698412698	0.1975862068965517	0.2910028116213683	USP28 exon 6	chr11:113834305:G>C;chr11:113834263:A>C	84:C>G ; 126:T>G	chr11:113834229-113834389:-	chr11:113834229-113834389:-	K562	HEK	0.5510912698412698	0.1196471855642337	K562	Exclusive High	0.5510912698412698	
"CDC7 exon 3
NA"	83327	0.10622899974153525	0.20698051948051943	0.5333333333333333	0.22727272727272724	0.2688405797101449	CDC7 exon 3		none	chr1:91507797-91507957:+	chr1:91507797-91507957:+	K562	HEK	0.5333333333333333	0.10622899974153525	K562	Exclusive High	0.5333333333333333	
"USP28 exon 6
chr11:113834378:T>G"	2883	0.14293085655314755	0.2054924242424242	0.47413793103448276	0.1333333333333333	0.2051820728291316	USP28 exon 6	chr11:113834378:T>G	11:A>C	chr11:113834229-113834389:-	chr11:113834229-113834389:-	K562	MCF7	0.47413793103448276	0.1333333333333333	K562	Exclusive High	0.47413793103448276	
"NRXN1 exon 3
chr2:50926078:A>T;chr2:50925958:G>A"	201549	0.5940904022643452	0.6499999999999999	0.5892857142857143	0.9032534246575342	0.6339404978749241	NRXN1 exon 3	chr2:50926078:A>T;chr2:50925958:G>A	0:T>A ; 120:C>T	chr2:50925918-50926078:-	chr2:50925918-50926078:-	MCF7	K562	0.9032534246575342	0.5892857142857143	MCF7	Exclusive High	0.9032534246575342	
"NRXN1 exon 3
chr2:50926072:T>C;chr2:50925952:T>A"	202120	0.5173959827833572	0.5387481371087928	0.24652777777777776	0.8465818759936408	0.47346698113207547	NRXN1 exon 3	chr2:50926072:T>C;chr2:50925952:T>A	6:A>G ; 126:A>T	chr2:50925918-50926078:-	chr2:50925918-50926078:-	MCF7	K562	0.8465818759936408	0.24652777777777776	MCF7	Exclusive High	0.8465818759936408	
"NRXN1 exon 3
chr2:50926006:A>C;chr2:50925952:T>A"	202063	0.5797021511307225	0.5868852459016394	0.46753246753246747	0.8390092879256965	0.4658730158730158	NRXN1 exon 3	chr2:50926006:A>C;chr2:50925952:T>A	72:T>G ; 126:A>T	chr2:50925918-50926078:-	chr2:50925918-50926078:-	MCF7	HMC3	0.8390092879256965	0.4658730158730158	MCF7	Exclusive High	0.8390092879256965	
"NRXN1 exon 3
chr2:50926033:A>T"	51524	0.5724925521350546	0.5720693779904306	0.5319177350427351	0.8267857142857142	0.5623886851754845	NRXN1 exon 3	chr2:50926033:A>T	45:T>A	chr2:50925918-50926078:-	chr2:50925918-50926078:-	MCF7	K562	0.8267857142857142	0.5319177350427351	MCF7	Exclusive High	0.8267857142857142	
"NRXN1 exon 3
chr2:50925991:A>C"	51652	0.42405239687848384	0.45238095238095233	0.3927710843373494	0.8210526315789474	0.4652777777777778	NRXN1 exon 3	chr2:50925991:A>C	87:T>G	chr2:50925918-50926078:-	chr2:50925918-50926078:-	MCF7	K562	0.8210526315789474	0.3927710843373494	MCF7	Exclusive High	0.8210526315789474	
"NRXN1 exon 3
chr2:50925951:G>T"	51769	0.3857093104248897	0.47916666666666663	0.35018382352941174	0.8201754385964912	0.445021645021645	NRXN1 exon 3	chr2:50925951:G>T	127:C>A	chr2:50925918-50926078:-	chr2:50925918-50926078:-	MCF7	K562	0.8201754385964912	0.35018382352941174	MCF7	Exclusive High	0.8201754385964912	
"TNNT2 exon 5
chr1:201369932:C>G;chr1:201369812:C>G"	109572	0.25987646644281387	0.38600138600138595	0.34090909090909094	0.7521929824561404	0.49916770703287555	TNNT2 exon 5	chr1:201369932:C>G;chr1:201369812:C>G	24:G>C ; 144:G>C	chr1:201369796-201369956:-	chr1:201369796-201369956:-	MCF7	HEK	0.7521929824561404	0.25987646644281387	MCF7	Exclusive High	0.7521929824561404	
"DRD2 exon 6
chr11:113414467:G>C;chr11:113414437:T>A"	110620	0.0964887640449438	0.2569327731092437	0.1688311688311688	0.712768413761256	0.40660474716202266	DRD2 exon 6	chr11:113414467:G>C;chr11:113414437:T>A	48:C>G ; 78:A>T	chr11:113414355-113414515:-	chr11:113414355-113414515:-	MCF7	HEK	0.712768413761256	0.0964887640449438	MCF7	Exclusive High	0.712768413761256	
"TNNT2 exon 5
chr1:201369926:G>T;chr1:201369800:G>T"	110128	0.1811904627698551	0.41666666666666663	0.2314049586776859	0.6962943071965628	0.4336372847011145	TNNT2 exon 5	chr1:201369926:G>T;chr1:201369800:G>T	30:C>A ; 156:C>A	chr1:201369796-201369956:-	chr1:201369796-201369956:-	MCF7	HEK	0.6962943071965628	0.1811904627698551	MCF7	Exclusive High	0.6962943071965628	
"TNNT2 exon 5
chr1:201369931:C>G"	39084	0.13072033898305085	0.27932098765432095	0.13370288248337026	0.6859683794466402	0.22826086956521735	TNNT2 exon 5	chr1:201369931:C>G	25:G>C	chr1:201369796-201369956:-	chr1:201369796-201369956:-	MCF7	HEK	0.6859683794466402	0.13072033898305085	MCF7	Exclusive High	0.6859683794466402	
"NRXN1 exon 3
chr2:50925984:A>T"	51671	0.2873427672955975	0.2376373626373626	0.2722222222222222	0.675	0.20779220779220775	NRXN1 exon 3	chr2:50925984:A>T	94:T>A	chr2:50925918-50926078:-	chr2:50925918-50926078:-	MCF7	HMC3	0.675	0.20779220779220775	MCF7	Exclusive High	0.675	
"NRXN1 exon 3
chr2:50925983:A>G"	51675	0.28585397653194267	0.4064890204786577	0.16368159203980095	0.669606512890095	0.2974829198130169	NRXN1 exon 3	chr2:50925983:A>G	95:T>C	chr2:50925918-50926078:-	chr2:50925918-50926078:-	MCF7	K562	0.669606512890095	0.16368159203980095	MCF7	Exclusive High	0.669606512890095	
"CACNA1C exon 31
chr12:2633626:T>G;chr12:2633668:A>G"	158502	0.12187408061194464	0.26308784383318545	0.3101694915254237	0.6669150521609538	0.3972100095864599	CACNA1C exon 31	chr12:2633626:T>G;chr12:2633668:A>G	54:T>G ; 96:A>G	chr12:2633572-2633732:+	chr12:2633572-2633732:+	MCF7	HEK	0.6669150521609538	0.12187408061194464	MCF7	Exclusive High	0.6669150521609538	
"DMD exon 71
chrX:31178066:T>G;chrX:31177994:T>G"	160883	0.05898494414764445	0.21527777777777773	0.2237775289287047	0.6630936227951154	0.40489546149923505	DMD exon 71	chrX:31178066:T>G;chrX:31177994:T>G	6:A>C ; 78:A>C	chrX:31177912-31178072:-	chrX:31177912-31178072:-	MCF7	HEK	0.6630936227951154	0.05898494414764445	MCF7	Exclusive High	0.6630936227951154	
"DRD2 exon 6
chr11:113414503:G>C;chr11:113414467:G>C"	110920	0.09433685446009385	0.3137254901960784	0.2388091216216216	0.6546814671814671	0.3801498127340823	DRD2 exon 6	chr11:113414503:G>C;chr11:113414467:G>C	12:C>G ; 48:C>G	chr11:113414355-113414515:-	chr11:113414355-113414515:-	MCF7	HEK	0.6546814671814671	0.09433685446009385	MCF7	Exclusive High	0.6546814671814671	
"NRXN1 exon 3
chr2:50925978:G>C"	51691	0.1782398452611218	0.29838187702265373	0.18030350438047554	0.6479105571847508	0.24658091826766526	NRXN1 exon 3	chr2:50925978:G>C	100:C>G	chr2:50925918-50926078:-	chr2:50925918-50926078:-	MCF7	HEK	0.6479105571847508	0.1782398452611218	MCF7	Exclusive High	0.6479105571847508	
"TNNT2 exon 5
chr1:201369883:C>T"	39226	0.07846320346320346	0.09791666666666665	0.07522624434389136	0.6473063973063973	0.2825460829493087	TNNT2 exon 5	chr1:201369883:C>T	73:G>A	chr1:201369796-201369956:-	chr1:201369796-201369956:-	MCF7	K562	0.6473063973063973	0.07522624434389136	MCF7	Exclusive High	0.6473063973063973	
"TNNT2 exon 5
chr1:201369911:C>G"	39144	0.053541961338991	0.15728715728715725	0.08351449275362315	0.639764996907854	0.24186507936507934	TNNT2 exon 5	chr1:201369911:C>G	45:G>C	chr1:201369796-201369956:-	chr1:201369796-201369956:-	MCF7	HEK	0.639764996907854	0.053541961338991	MCF7	Exclusive High	0.639764996907854	
"TNNT2 exon 5
chr1:201369932:C>G;chr1:201369812:C>A"	109626	0.1129312931293129	0.20629370629370625	0.12949308755760364	0.621082621082621	0.3263888888888889	TNNT2 exon 5	chr1:201369932:C>G;chr1:201369812:C>A	24:G>C ; 144:G>T	chr1:201369796-201369956:-	chr1:201369796-201369956:-	MCF7	HEK	0.621082621082621	0.1129312931293129	MCF7	Exclusive High	0.621082621082621	
"TNNT2 exon 5
chr1:201369938:A>C;chr1:201369830:C>G"	109680	0.2037577213452299	0.31785714285714284	0.20223608153331302	0.6191229331416247	0.3011846405228758	TNNT2 exon 5	chr1:201369938:A>C;chr1:201369830:C>G	18:T>G ; 126:G>C	chr1:201369796-201369956:-	chr1:201369796-201369956:-	MCF7	K562	0.6191229331416247	0.20223608153331302	MCF7	Exclusive High	0.6191229331416247	
"COL11A2 exon 7
chr6:33185054:C>A;chr6:33185006:G>A"	118612	0.13609842719431758	0.33850931677018636	0.16191191191191184	0.6108452950558213	0.27638453500522464	COL11A2 exon 7	chr6:33185054:C>A;chr6:33185006:G>A	78:G>T ; 126:C>T	chr6:33184972-33185132:-	chr6:33184972-33185132:-	MCF7	HEK	0.6108452950558213	0.13609842719431758	MCF7	Exclusive High	0.6108452950558213	
"TNNT2 exon 5
chr1:201369943:T>C"	39048	0.11494755244755239	0.2102823430257058	0.09423897581792315	0.6095334685598377	0.19393741851368967	TNNT2 exon 5	chr1:201369943:T>C	13:A>G	chr1:201369796-201369956:-	chr1:201369796-201369956:-	MCF7	K562	0.6095334685598377	0.09423897581792315	MCF7	Exclusive High	0.6095334685598377	
"TNNT2 exon 5
chr1:201369902:A>C;chr1:201369812:C>G"	109745	0.12749765111180705	0.24220779220779215	0.17346481398476016	0.5959183673469388	0.2696100403406544	TNNT2 exon 5	chr1:201369902:A>C;chr1:201369812:C>G	54:T>G ; 144:G>C	chr1:201369796-201369956:-	chr1:201369796-201369956:-	MCF7	HEK	0.5959183673469388	0.12749765111180705	MCF7	Exclusive High	0.5959183673469388	
"EPB41L1 exon 13
chr20:36195230:G>T;chr20:36195242:T>C"	211155	0.15658315565031974	0.31361386138613856	0.1901737967914438	0.5919540229885057	0.30753373313343324	EPB41L1 exon 13	chr20:36195230:G>T;chr20:36195242:T>C	6:G>T ; 18:T>C	chr20:36195224-36195384:+	chr20:36195224-36195384:+	MCF7	HEK	0.5919540229885057	0.15658315565031974	MCF7	Exclusive High	0.5919540229885057	
"CACNA1C exon 10
chr12:2547444:T>C;chr12:2547540:G>C"	152565	0.0551204819277108	0.1324838187702265	0.093351548269581	0.5904858299595142	0.27425055928411635	CACNA1C exon 10	chr12:2547444:T>C;chr12:2547540:G>C	60:T>C ; 156:G>C	chr12:2547384-2547544:+	chr12:2547384-2547544:+	MCF7	HEK	0.5904858299595142	0.0551204819277108	MCF7	Exclusive High	0.5904858299595142	
"TNNT2 exon 5
chr1:201369807:C>A"	39451	0.13543757527097544	0.334841628959276	0.20191804707933741	0.5852272727272727	0.24162561576354674	TNNT2 exon 5	chr1:201369807:C>A	149:G>T	chr1:201369796-201369956:-	chr1:201369796-201369956:-	MCF7	HEK	0.5852272727272727	0.13543757527097544	MCF7	Exclusive High	0.5852272727272727	
"DRD2 exon 6
chr11:113414467:G>C;chr11:113414449:G>T"	110175	0.0399305555555555	0.13597582651972978	0.14671361502347413	0.5775862068965517	0.22754946727549466	DRD2 exon 6	chr11:113414467:G>C;chr11:113414449:G>T	48:C>G ; 66:C>A	chr11:113414355-113414515:-	chr11:113414355-113414515:-	MCF7	HEK	0.5775862068965517	0.0399305555555555	MCF7	Exclusive High	0.5775862068965517	
"TNNT2 exon 5
chr1:201369830:C>T;chr1:201369800:G>T"	109979	0.13065653756699355	0.29327610872675247	0.18015154779860654	0.5722448979591837	0.21506894490590925	TNNT2 exon 5	chr1:201369830:C>T;chr1:201369800:G>T	126:G>A ; 156:C>A	chr1:201369796-201369956:-	chr1:201369796-201369956:-	MCF7	HEK	0.5722448979591837	0.13065653756699355	MCF7	Exclusive High	0.5722448979591837	
"TNNT2 exon 5
chr1:201369932:C>G;chr1:201369914:G>T"	109812	0.12527160287481195	0.23823529411764705	0.1118174015663555	0.5669117647058823	0.20869675456389453	TNNT2 exon 5	chr1:201369932:C>G;chr1:201369914:G>T	24:G>C ; 42:C>A	chr1:201369796-201369956:-	chr1:201369796-201369956:-	MCF7	K562	0.5669117647058823	0.1118174015663555	MCF7	Exclusive High	0.5669117647058823	
"TNNT2 exon 5
chr1:201369896:T>G;chr1:201369812:C>T"	109681	0.0783018867924528	0.2922113289760348	0.06378205128205125	0.5597826086956521	0.25704736995059574	TNNT2 exon 5	chr1:201369896:T>G;chr1:201369812:C>T	60:A>C ; 144:G>A	chr1:201369796-201369956:-	chr1:201369796-201369956:-	MCF7	K562	0.5597826086956521	0.06378205128205125	MCF7	Exclusive High	0.5597826086956521	
"TNNT2 exon 5
chr1:201369920:G>C;chr1:201369800:G>A"	109991	0.1120542645524192	0.2976800976800976	0.1503472222222222	0.5584795321637427	0.2781070775097252	TNNT2 exon 5	chr1:201369920:G>C;chr1:201369800:G>A	36:C>G ; 156:C>T	chr1:201369796-201369956:-	chr1:201369796-201369956:-	MCF7	HEK	0.5584795321637427	0.1120542645524192	MCF7	Exclusive High	0.5584795321637427	
"TNNT2 exon 5
chr1:201369932:C>G;chr1:201369926:G>T"	109455	0.0681594267801164	0.1067927170868347	0.04665314401622715	0.5582177385456074	0.16321524149356437	TNNT2 exon 5	chr1:201369932:C>G;chr1:201369926:G>T	24:G>C ; 30:C>A	chr1:201369796-201369956:-	chr1:201369796-201369956:-	MCF7	K562	0.5582177385456074	0.04665314401622715	MCF7	Exclusive High	0.5582177385456074	
"NRXN1 exon 3
chr2:50926000:T>C"	51625	0.2380059970014992	0.26225490196078427	0.23325453112687156	0.5525	0.2292151646158962	NRXN1 exon 3	chr2:50926000:T>C	78:A>G	chr2:50925918-50926078:-	chr2:50925918-50926078:-	MCF7	HMC3	0.5525	0.2292151646158962	MCF7	Exclusive High	0.5525	
"COL11A2 exon 7
chr6:33185096:A>C;chr6:33185000:G>C"	221134	0.07440476190476189	0.2761865793780687	0.08684210526315785	0.5494117647058824	0.23464419475655424	COL11A2 exon 7	chr6:33185096:A>C;chr6:33185000:G>C	36:T>G ; 132:C>G	chr6:33184972-33185132:-	chr6:33184972-33185132:-	MCF7	HEK	0.5494117647058824	0.07440476190476189	MCF7	Exclusive High	0.5494117647058824	
"TNNT2 exon 5
chr1:201369944:T>A"	39043	0.051981453307252	0.1666666666666666	0.08113636363636359	0.5491898148148149	0.12293956043956039	TNNT2 exon 5	chr1:201369944:T>A	12:A>T	chr1:201369796-201369956:-	chr1:201369796-201369956:-	MCF7	HEK	0.5491898148148149	0.051981453307252	MCF7	Exclusive High	0.5491898148148149	
"TNNT2 exon 5
chr1:201369850:G>C"	39327	0.16332752613240414	0.28350911887497254	0.202020202020202	0.5423246550007114	0.2783855283855283	TNNT2 exon 5	chr1:201369850:G>C	106:C>G	chr1:201369796-201369956:-	chr1:201369796-201369956:-	MCF7	HEK	0.5423246550007114	0.16332752613240414	MCF7	Exclusive High	0.5423246550007114	
"MLC1 exon 4
chr22:50080418:C>A;chr22:50080400:G>T"	217505	0.01670836808451485	0.0884955752212389	0.1088180112570356	0.5386283011430824	0.21702127659574466	MLC1 exon 4	chr22:50080418:C>A;chr22:50080400:G>T	66:G>T ; 84:C>A	chr22:50080324-50080484:-	chr22:50080324-50080484:-	MCF7	HEK	0.5386283011430824	0.01670836808451485	MCF7	Exclusive High	0.5386283011430824	
"COL11A2 exon 7
chr6:33185054:C>A;chr6:33185048:T>G"	232034	0.0709776099973965	0.26249209361163817	0.048611111111111105	0.5289806795469687	0.22442645074224016	COL11A2 exon 7	chr6:33185054:C>A;chr6:33185048:T>G	78:G>T ; 84:A>C	chr6:33184972-33185132:-	chr6:33184972-33185132:-	MCF7	K562	0.5289806795469687	0.048611111111111105	MCF7	Exclusive High	0.5289806795469687	
"TNNT2 exon 5
chr1:201369938:A>G;chr1:201369902:A>T"	109458	0.1122074277525674	0.26043212930892295	0.16759892751479288	0.5286206896551724	0.2072552476266602	TNNT2 exon 5	chr1:201369938:A>G;chr1:201369902:A>T	18:T>C ; 54:T>A	chr1:201369796-201369956:-	chr1:201369796-201369956:-	MCF7	HEK	0.5286206896551724	0.1122074277525674	MCF7	Exclusive High	0.5286206896551724	
"TNNT2 exon 5
chr1:201369950:A>G;chr1:201369932:C>T"	109625	0.12002129053390105	0.19670608108108106	0.1192754613807245	0.5208333333333334	0.20462328767123283	TNNT2 exon 5	chr1:201369950:A>G;chr1:201369932:C>T	6:T>C ; 24:G>A	chr1:201369796-201369956:-	chr1:201369796-201369956:-	MCF7	K562	0.5208333333333334	0.1192754613807245	MCF7	Exclusive High	0.5208333333333334	
"TNNT2 exon 5
chr1:201369890:G>A"	39206	0.0839085749348059	0.1903866809881847	0.10891812865497075	0.520511583011583	0.18508736286062571	TNNT2 exon 5	chr1:201369890:G>A	66:C>T	chr1:201369796-201369956:-	chr1:201369796-201369956:-	MCF7	HEK	0.520511583011583	0.0839085749348059	MCF7	Exclusive High	0.520511583011583	
"TNNT2 exon 5
chr1:201369944:T>C"	39045	0.06014808362369335	0.15352564102564095	0.0903023983315954	0.5189340813464236	0.18506278916060803	TNNT2 exon 5	chr1:201369944:T>C	12:A>G	chr1:201369796-201369956:-	chr1:201369796-201369956:-	MCF7	HEK	0.5189340813464236	0.06014808362369335	MCF7	Exclusive High	0.5189340813464236	
"TNNT2 exon 5
chr1:201369939:G>C"	39060	0.04313459801264675	0.17868039664378335	0.052523524379811753	0.5138888888888888	0.12521769418321138	TNNT2 exon 5	chr1:201369939:G>C	17:C>G	chr1:201369796-201369956:-	chr1:201369796-201369956:-	MCF7	HEK	0.5138888888888888	0.04313459801264675	MCF7	Exclusive High	0.5138888888888888	
"TNNT2 exon 5
chr1:201369953:G>A"	39017	0.1006403286214812	0.15625	0.13164556962025314	0.5121334681496461	0.1605128205128205	TNNT2 exon 5	chr1:201369953:G>A	3:C>T	chr1:201369796-201369956:-	chr1:201369796-201369956:-	MCF7	HEK	0.5121334681496461	0.1006403286214812	MCF7	Exclusive High	0.5121334681496461	
"TNNT2 exon 5
chr1:201369808:T>C"	39449	0.06944444444444439	0.18	0.07291666666666666	0.503968253968254	0.16263736263736261	TNNT2 exon 5	chr1:201369808:T>C	148:A>G	chr1:201369796-201369956:-	chr1:201369796-201369956:-	MCF7	HEK	0.503968253968254	0.06944444444444439	MCF7	Exclusive High	0.503968253968254	
"TNNT2 exon 5
chr1:201369920:G>C;chr1:201369872:G>C"	110075	0.02	0.0627333831217326	0.023128898128898102	0.5008620689655172	0.12729166666666666	TNNT2 exon 5	chr1:201369920:G>C;chr1:201369872:G>C	36:C>G ; 84:C>G	chr1:201369796-201369956:-	chr1:201369796-201369956:-	MCF7	HEK	0.5008620689655172	0.02	MCF7	Exclusive High	0.5008620689655172	
"TNNT2 exon 5
chr1:201369951:G>A"	39023	0.06505681818181815	0.0857142857142857	0.0823451910408432	0.49629629629629624	0.1174079387852702	TNNT2 exon 5	chr1:201369951:G>A	5:C>T	chr1:201369796-201369956:-	chr1:201369796-201369956:-	MCF7	HEK	0.49629629629629624	0.06505681818181815	MCF7	Exclusive High	0.49629629629629624	
"TNNT2 exon 5
chr1:201369920:G>C;chr1:201369872:G>T"	110099	0.0729948553597031	0.13991228070175435	0.1431341441917856	0.4877049180327868	0.21238613157109745	TNNT2 exon 5	chr1:201369920:G>C;chr1:201369872:G>T	36:C>G ; 84:C>A	chr1:201369796-201369956:-	chr1:201369796-201369956:-	MCF7	HEK	0.4877049180327868	0.0729948553597031	MCF7	Exclusive High	0.4877049180327868	
"COL11A2 exon 7
chr6:33185108:A>G;chr6:33185006:G>C"	118417	0.14445139758030864	0.2234984984984985	0.1625	0.4820127504553734	0.22532894736842105	COL11A2 exon 7	chr6:33185108:A>G;chr6:33185006:G>C	24:T>C ; 126:C>G	chr6:33184972-33185132:-	chr6:33184972-33185132:-	MCF7	HEK	0.4820127504553734	0.14445139758030864	MCF7	Exclusive High	0.4820127504553734	
"TNNT2 exon 5
chr1:201369938:A>C;chr1:201369830:C>T"	109415	0.0886189833558254	0.16372627639668536	0.10519528371407515	0.4806818181818182	0.19591611479028695	TNNT2 exon 5	chr1:201369938:A>C;chr1:201369830:C>T	18:T>G ; 126:G>A	chr1:201369796-201369956:-	chr1:201369796-201369956:-	MCF7	HEK	0.4806818181818182	0.0886189833558254	MCF7	Exclusive High	0.4806818181818182	
"TNNT2 exon 5
chr1:201369944:T>C;chr1:201369872:G>C"	109581	0.0338289161818573	0.20046620046620045	0.056060606060606	0.4756493506493506	0.1192828910220214	TNNT2 exon 5	chr1:201369944:T>C;chr1:201369872:G>C	12:A>G ; 84:C>G	chr1:201369796-201369956:-	chr1:201369796-201369956:-	MCF7	HEK	0.4756493506493506	0.0338289161818573	MCF7	Exclusive High	0.4756493506493506	
"TNNT2 exon 5
chr1:201369922:A>C"	39111	0.04209037312546985	0.16145833333333331	0.04818204932621405	0.47561369509043927	0.14338646532438476	TNNT2 exon 5	chr1:201369922:A>C	34:T>G	chr1:201369796-201369956:-	chr1:201369796-201369956:-	MCF7	HEK	0.47561369509043927	0.04209037312546985	MCF7	Exclusive High	0.47561369509043927	
"TNNT2 exon 5
chr1:201369926:G>A;chr1:201369896:T>A"	110056	0.0461728395061728	0.06198347107438015	0.10421679118652649	0.4691780821917808	0.19666743809303394	TNNT2 exon 5	chr1:201369926:G>A;chr1:201369896:T>A	30:C>T ; 60:A>T	chr1:201369796-201369956:-	chr1:201369796-201369956:-	MCF7	HEK	0.4691780821917808	0.0461728395061728	MCF7	Exclusive High	0.4691780821917808	
"TNNT2 exon 5
chr1:201369956:G>C;chr1:201369944:T>G"	109666	0.04318996415770605	0.20588235294117646	0.04015151515151515	0.4629629629629629	0.146121351766513	TNNT2 exon 5	chr1:201369956:G>C;chr1:201369944:T>G	0:C>G ; 12:A>C	chr1:201369796-201369956:-	chr1:201369796-201369956:-	MCF7	K562	0.4629629629629629	0.04015151515151515	MCF7	Exclusive High	0.4629629629629629	
"MLC1 exon 4
chr22:50080484:G>A;chr22:50080400:G>T"	217359	0.0309523809523809	0.1603343465045592	0.16777777777777775	0.46064814814814814	0.1551075268817204	MLC1 exon 4	chr22:50080484:G>A;chr22:50080400:G>T	0:C>T ; 84:C>A	chr22:50080324-50080484:-	chr22:50080324-50080484:-	MCF7	HEK	0.46064814814814814	0.0309523809523809	MCF7	Exclusive High	0.46064814814814814	
"AMPD1 exon 2
chr1:114693480:T>A"	36415	0.0392221489782465	0.17352941176470585	0.0079365079365079	0.4605263157894737	0.05990783410138245	AMPD1 exon 2	chr1:114693480:T>A	96:A>T	chr1:114693416-114693576:-	chr1:114693416-114693576:-	MCF7	K562	0.4605263157894737	0.0079365079365079	MCF7	Exclusive High	0.4605263157894737	
"CACNA1C exon 31
chr12:2633626:T>G;chr12:2633644:C>T"	158485	0.0500806451612903	0.15289256198347104	0.09030197444831585	0.45393318965517243	0.20189905047476256	CACNA1C exon 31	chr12:2633626:T>G;chr12:2633644:C>T	54:T>G ; 72:C>T	chr12:2633572-2633732:+	chr12:2633572-2633732:+	MCF7	HEK	0.45393318965517243	0.0500806451612903	MCF7	Exclusive High	0.45393318965517243	
"TNNT2 exon 5
chr1:201369920:G>C;chr1:201369902:A>T"	110131	0.0198019801980198	0.13787878787878785	0.04274509803921565	0.4523076923076923	0.1240437158469945	TNNT2 exon 5	chr1:201369920:G>C;chr1:201369902:A>T	36:C>G ; 54:T>A	chr1:201369796-201369956:-	chr1:201369796-201369956:-	MCF7	HEK	0.4523076923076923	0.0198019801980198	MCF7	Exclusive High	0.4523076923076923	
"TNNT2 exon 5
chr1:201369801:G>T"	39468	0.0700345558784261	0.15485001947798985	0.11114922813036016	0.4457066189624329	0.17439130212852835	TNNT2 exon 5	chr1:201369801:G>T	155:C>A	chr1:201369796-201369956:-	chr1:201369796-201369956:-	MCF7	HEK	0.4457066189624329	0.0700345558784261	MCF7	Exclusive High	0.4457066189624329	
"MEF2C exon 8
chr5:88730333:A>T;chr5:88730255:T>A"	214553	0.0181072428971588	0.10948171956609075	0.0	0.4436141304347826	0.0270600777624482	MEF2C exon 8	chr5:88730333:A>T;chr5:88730255:T>A	18:T>A ; 96:A>T	chr5:88730191-88730351:-	chr5:88730191-88730351:-	MCF7	K562	0.4436141304347826	0.0	MCF7	Exclusive High	0.4436141304347826	
"TNNT2 exon 5
chr1:201369914:G>T;chr1:201369908:G>A"	110111	0.0343850096092248	0.12287303664921465	0.06408681408681405	0.44315811430955354	0.1769776876267748	TNNT2 exon 5	chr1:201369914:G>T;chr1:201369908:G>A	42:C>A ; 48:C>T	chr1:201369796-201369956:-	chr1:201369796-201369956:-	MCF7	HEK	0.44315811430955354	0.0343850096092248	MCF7	Exclusive High	0.44315811430955354	
"TNNT2 exon 5
chr1:201369926:G>T;chr1:201369866:G>A"	109859	0.05756395995550605	0.1616272677295217	0.09285714285714286	0.443010752688172	0.1514035087719298	TNNT2 exon 5	chr1:201369926:G>T;chr1:201369866:G>A	30:C>A ; 90:C>T	chr1:201369796-201369956:-	chr1:201369796-201369956:-	MCF7	HEK	0.443010752688172	0.05756395995550605	MCF7	Exclusive High	0.443010752688172	
"MEF2C exon 8
chr5:88730255:T>A;chr5:88730249:A>G"	214617	0.0208201225956457	0.03125	0.0128205128205128	0.43650793650793646	0.05834353325173395	MEF2C exon 8	chr5:88730255:T>A;chr5:88730249:A>G	96:A>T ; 102:T>C	chr5:88730191-88730351:-	chr5:88730191-88730351:-	MCF7	K562	0.43650793650793646	0.0128205128205128	MCF7	Exclusive High	0.43650793650793646	
"TNNT2 exon 5
chr1:201369908:G>C"	39153	0.0400088727001027	0.14856321839080455	0.0741338112305854	0.4354338842975206	0.13136906389572506	TNNT2 exon 5	chr1:201369908:G>C	48:C>G	chr1:201369796-201369956:-	chr1:201369796-201369956:-	MCF7	HEK	0.4354338842975206	0.0400088727001027	MCF7	Exclusive High	0.4354338842975206	
"TNNT2 exon 5
chr1:201369857:G>C"	39306	0.13961038961038955	0.1776595744680851	0.1440872560275545	0.43333333333333335	0.14277715565509513	TNNT2 exon 5	chr1:201369857:G>C	99:C>G	chr1:201369796-201369956:-	chr1:201369796-201369956:-	MCF7	HEK	0.43333333333333335	0.13961038961038955	MCF7	Exclusive High	0.43333333333333335	
"TNNT2 exon 5
chr1:201369953:G>T"	39016	0.04664745145631065	0.15965909090909092	0.0571428571428571	0.43144654088050316	0.16756453423120085	TNNT2 exon 5	chr1:201369953:G>T	3:C>A	chr1:201369796-201369956:-	chr1:201369796-201369956:-	MCF7	HEK	0.43144654088050316	0.04664745145631065	MCF7	Exclusive High	0.43144654088050316	
"TNNT2 exon 5
chr1:201369956:G>T;chr1:201369938:A>T"	109752	0.0498251748251748	0.1287037037037037	0.04231266149870795	0.4226942212016839	0.13732004429678846	TNNT2 exon 5	chr1:201369956:G>T;chr1:201369938:A>T	0:C>A ; 18:T>A	chr1:201369796-201369956:-	chr1:201369796-201369956:-	MCF7	K562	0.4226942212016839	0.04231266149870795	MCF7	Exclusive High	0.4226942212016839	
"MEF2C exon 8
chr5:88730327:A>T"	63791	0.00712839248906425	0.048924177664077195	0.020244929200153	0.4193929838391801	0.05170093908912065	MEF2C exon 8	chr5:88730327:A>T	24:T>A	chr5:88730191-88730351:-	chr5:88730191-88730351:-	MCF7	HEK	0.4193929838391801	0.00712839248906425	MCF7	Exclusive High	0.4193929838391801	
"TNNT2 exon 5
chr1:201369860:G>T"	39295	0.05782023514851485	0.1331395348837209	0.0481997677119628	0.41034482758620683	0.09187675070028005	TNNT2 exon 5	chr1:201369860:G>T	96:C>A	chr1:201369796-201369956:-	chr1:201369796-201369956:-	MCF7	K562	0.41034482758620683	0.0481997677119628	MCF7	Exclusive High	0.41034482758620683	
"TNNT2 exon 5
chr1:201369902:A>T;chr1:201369800:G>C"	109973	0.02210884353741495	0.07417582417582415	0.06666666666666665	0.4077733860342556	0.13631391851244185	TNNT2 exon 5	chr1:201369902:A>T;chr1:201369800:G>C	54:T>A ; 156:C>G	chr1:201369796-201369956:-	chr1:201369796-201369956:-	MCF7	HEK	0.4077733860342556	0.02210884353741495	MCF7	Exclusive High	0.4077733860342556	
"MEF2C exon 8
chr5:88730255:T>A"	64007	0.036068376068376	0.0744252873563218	0.0141955835962145	0.40714285714285714	0.0463725490196078	MEF2C exon 8	chr5:88730255:T>A	96:A>T	chr5:88730191-88730351:-	chr5:88730191-88730351:-	MCF7	K562	0.40714285714285714	0.0141955835962145	MCF7	Exclusive High	0.40714285714285714	
"AMPD1 exon 2
chr1:114693510:A>T;chr1:114693486:C>A"	121887	0.03221622743307735	0.0941176470588235	0.0193787795492028	0.40694444444444444	0.0214285714285714	AMPD1 exon 2	chr1:114693510:A>T;chr1:114693486:C>A	66:T>A ; 90:G>T	chr1:114693416-114693576:-	chr1:114693416-114693576:-	MCF7	K562	0.40694444444444444	0.0193787795492028	MCF7	Exclusive High	0.40694444444444444	
"TNNT2 exon 5
chr1:201369872:G>C"	39261	0.05296703296703295	0.0869565217391304	0.0444677871148459	0.40395752895752896	0.1418219461697722	TNNT2 exon 5	chr1:201369872:G>C	84:C>G	chr1:201369796-201369956:-	chr1:201369796-201369956:-	MCF7	K562	0.40395752895752896	0.0444677871148459	MCF7	Exclusive High	0.40395752895752896	
"MEFV exon 8
chr16:3244298:G>C;chr16:3244292:A>T"	215589	0.060567876344086	0.1099016853932584	0.10955580440462855	0.39855623100303944	0.1266806355858215	MEFV exon 8	chr16:3244298:G>C;chr16:3244292:A>T	96:C>G ; 102:T>A	chr16:3244234-3244394:-	chr16:3244234-3244394:-	MCF7	HEK	0.39855623100303944	0.060567876344086	MCF7	Exclusive High	0.39855623100303944	
"TNNT2 exon 5
chr1:201369942:G>A"	39050	0.05555555555555555	0.06097560975609755	0.061942959001782504	0.3984962406015037	0.1414285714285714	TNNT2 exon 5	chr1:201369942:G>A	14:C>T	chr1:201369796-201369956:-	chr1:201369796-201369956:-	MCF7	HEK	0.3984962406015037	0.05555555555555555	MCF7	Exclusive High	0.3984962406015037	
"TNNT2 exon 5
chr1:201369950:A>G;chr1:201369872:G>C"	109449	0.06275221953188055	0.06935817805383021	0.0582655826558265	0.39704502814258913	0.1065047021943573	TNNT2 exon 5	chr1:201369950:A>G;chr1:201369872:G>C	6:T>C ; 84:C>G	chr1:201369796-201369956:-	chr1:201369796-201369956:-	MCF7	K562	0.39704502814258913	0.0582655826558265	MCF7	Exclusive High	0.39704502814258913	
"MEF2C exon 8
chr5:88730327:A>T;chr5:88730237:G>C"	214984	0.0189850442863365	0.050518518518518504	0.02012191329228085	0.3912737508796622	0.07511227002752424	MEF2C exon 8	chr5:88730327:A>T;chr5:88730237:G>C	24:T>A ; 114:C>G	chr5:88730191-88730351:-	chr5:88730191-88730351:-	MCF7	HEK	0.3912737508796622	0.0189850442863365	MCF7	Exclusive High	0.3912737508796622	
"TNNT2 exon 5
chr1:201369938:A>T"	39061	0.03782138864737295	0.12662337662337658	0.03415614236509755	0.3784722222222222	0.1274197500612595	TNNT2 exon 5	chr1:201369938:A>T	18:T>A	chr1:201369796-201369956:-	chr1:201369796-201369956:-	MCF7	K562	0.3784722222222222	0.03415614236509755	MCF7	Exclusive High	0.3784722222222222	
"MEF2C exon 8
chr5:88730351:T>G;chr5:88730255:T>A"	215158	0.0320062451209992	0.0298507462686567	0.0208333333333333	0.3744778613199665	0.0495020346969372	MEF2C exon 8	chr5:88730351:T>G;chr5:88730255:T>A	0:A>C ; 96:A>T	chr5:88730191-88730351:-	chr5:88730191-88730351:-	MCF7	K562	0.3744778613199665	0.0208333333333333	MCF7	Exclusive High	0.3744778613199665	
"TNNT2 exon 5
chr1:201369890:G>A;chr1:201369854:C>G"	109764	0.01648351648351645	0.046875	0.06700767263427106	0.3738859180035651	0.0783991228070175	TNNT2 exon 5	chr1:201369890:G>A;chr1:201369854:C>G	66:C>T ; 102:G>C	chr1:201369796-201369956:-	chr1:201369796-201369956:-	MCF7	HEK	0.3738859180035651	0.01648351648351645	MCF7	Exclusive High	0.3738859180035651	
"TNNT2 exon 5
chr1:201369944:T>G;chr1:201369872:G>C"	109836	0.026583034647550748	0.08809523809523805	0.048169014084507	0.37062084257206207	0.0718982801434746	TNNT2 exon 5	chr1:201369944:T>G;chr1:201369872:G>C	12:A>C ; 84:C>G	chr1:201369796-201369956:-	chr1:201369796-201369956:-	MCF7	HEK	0.37062084257206207	0.026583034647550748	MCF7	Exclusive High	0.37062084257206207	
"MEF2C exon 8
chr5:88730327:A>T;chr5:88730213:A>G"	215226	0.0053191489361702	0.0392156862745098	0.0	0.36996904024767796	0.0969230769230769	MEF2C exon 8	chr5:88730327:A>T;chr5:88730213:A>G	24:T>A ; 138:T>C	chr5:88730191-88730351:-	chr5:88730191-88730351:-	MCF7	K562	0.36996904024767796	0.0	MCF7	Exclusive High	0.36996904024767796	
"TNNT2 exon 5
chr1:201369932:C>G;chr1:201369878:A>G"	109927	0.0133505598621877	0.03896103896103895	0.0174425354074762	0.3575117370892018	0.0830149240312865	TNNT2 exon 5	chr1:201369932:C>G;chr1:201369878:A>G	24:G>C ; 78:T>C	chr1:201369796-201369956:-	chr1:201369796-201369956:-	MCF7	HEK	0.3575117370892018	0.0133505598621877	MCF7	Exclusive High	0.3575117370892018	
"MEF2C exon 8
chr5:88730327:A>T;chr5:88730237:G>T"	214948	0.0080334364652879	0.0168067226890756	0.025	0.34285004965243293	0.008002048524422201	MEF2C exon 8	chr5:88730327:A>T;chr5:88730237:G>T	24:T>A ; 114:C>A	chr5:88730191-88730351:-	chr5:88730191-88730351:-	MCF7	HMC3	0.34285004965243293	0.008002048524422201	MCF7	Exclusive High	0.34285004965243293	
"AMPD1 exon 2
chr1:114693440:C>T"	36533	0.024501173708920153	0.05555555555555555	0.0	0.3390804597701149	0.0288827395364925	AMPD1 exon 2	chr1:114693440:C>T	136:G>A	chr1:114693416-114693576:-	chr1:114693416-114693576:-	MCF7	K562	0.3390804597701149	0.0	MCF7	Exclusive High	0.3390804597701149	
"TNNT2 exon 5
chr1:201369837:C>T"	39363	0.03517316017316015	0.04918032786885245	0.0223880597014925	0.3168202764976958	0.049351251158480006	TNNT2 exon 5	chr1:201369837:C>T	119:G>A	chr1:201369796-201369956:-	chr1:201369796-201369956:-	MCF7	K562	0.3168202764976958	0.0223880597014925	MCF7	Exclusive High	0.3168202764976958	
"MEF2C exon 8
chr5:88730327:A>T;chr5:88730267:G>T"	215074	0.0	0.0172413793103448	0.0	0.3121041520056298	0.0035460992907801	MEF2C exon 8	chr5:88730327:A>T;chr5:88730267:G>T	24:T>A ; 84:C>A	chr5:88730191-88730351:-	chr5:88730191-88730351:-	MCF7	HEK	0.3121041520056298	0.0	MCF7	Exclusive High	0.3121041520056298	
"TNNT2 exon 5
chr1:201369873:A>C"	39258	0.0145985401459854	0.0328815261044176	0.0	0.29707792207792205	0.03398617511520735	TNNT2 exon 5	chr1:201369873:A>C	83:T>G	chr1:201369796-201369956:-	chr1:201369796-201369956:-	MCF7	K562	0.29707792207792205	0.0	MCF7	Exclusive High	0.29707792207792205	
"CDC42BPB exon 23
chr14:102954213:A>C"	100297	0.2827830188679245	0.43863636363636366	0.4596774193548387	0.5962543554006968	0.9302083333333333	CDC42BPB exon 23	chr14:102954213:A>C	125:T>G	chr14:102954178-102954338:-	chr14:102954178-102954338:-	HMC3	HEK	0.9302083333333333	0.2827830188679245	HMC3	Exclusive High	0.9302083333333333	
"GPI exon 5
chr19:34377575:G>A"	33181	0.29246967551259156	0.6095441595441595	0.46902201740911414	0.5407051282051283	0.8908730158730158	GPI exon 5	chr19:34377575:G>A	129:G>A	chr19:34377446-34377606:+	chr19:34377446-34377606:+	HMC3	HEK	0.8908730158730158	0.29246967551259156	HMC3	Exclusive High	0.8908730158730158	
"SH3PXD2A exon 10
NA"	84608	0.43405172413793097	0.6225988700564972	0.5340136054421769	0.5851851851851851	0.8903318903318904	SH3PXD2A exon 10		none	chr10:103622450-103622610:-	chr10:103622450-103622610:-	HMC3	HEK	0.8903318903318904	0.43405172413793097	HMC3	Exclusive High	0.8903318903318904	
"BIN1 exon 16
chr2:127051174:C>G;chr2:127051156:A>T"	162597	0.40532700421940926	0.5260416666666667	0.6013513513513513	0.5933333333333333	0.8621821164889254	BIN1 exon 16	chr2:127051174:C>G;chr2:127051156:A>T	120:G>C ; 138:T>A	chr2:127051134-127051294:-	chr2:127051134-127051294:-	HMC3	HEK	0.8621821164889254	0.40532700421940926	HMC3	Exclusive High	0.8621821164889254	
"PIGQ exon 8
chr16:580217:T>G"	101096	0.3334488677625932	0.562235294117647	0.5479397146063812	0.4573859859061295	0.854654403567447	PIGQ exon 8	chr16:580217:T>G	94:T>G	chr16:580123-580283:+	chr16:580123-580283:+	HMC3	HEK	0.854654403567447	0.3334488677625932	HMC3	Exclusive High	0.854654403567447	
"SLC26A4 exon 11
chr7:107694388:G>A;chr7:107694406:G>C"	154087	0.3865650478553704	0.5422832980972515	0.5083333333333333	0.5431034482758621	0.8330687830687831	SLC26A4 exon 11	chr7:107694388:G>A;chr7:107694406:G>C	48:G>A ; 66:G>C	chr7:107694340-107694500:+	chr7:107694340-107694500:+	HMC3	HEK	0.8330687830687831	0.3865650478553704	HMC3	Exclusive High	0.8330687830687831	
"ADA exon 7
chr20:44623105:G>A;chr20:44623027:A>G"	229844	0.3398088189947579	0.548348106365834	0.5144984326018809	0.42857142857142855	0.825	ADA exon 7	chr20:44623105:G>A;chr20:44623027:A>G	42:C>T ; 120:T>C	chr20:44622987-44623147:-	chr20:44622987-44623147:-	HMC3	HEK	0.825	0.3398088189947579	HMC3	Exclusive High	0.825	
"ARHGAP6 exon 12
NA"	85816	0.4461134453781513	0.48426470588235293	0.5611922799422799	0.437333977300169	0.8243525480367586	ARHGAP6 exon 12		none	chrX:11148610-11148770:-	chrX:11148610-11148770:-	HMC3	MCF7	0.8243525480367586	0.437333977300169	HMC3	Exclusive High	0.8243525480367586	
"GPI exon 5
chr19:34377482:G>A;chr19:34377512:A>G"	236523	0.3472222222222222	0.428125	0.45054945054945056	0.5606060606060606	0.8238636363636364	GPI exon 5	chr19:34377482:G>A;chr19:34377512:A>G	36:G>A ; 66:A>G	chr19:34377446-34377606:+	chr19:34377446-34377606:+	HMC3	HEK	0.8238636363636364	0.3472222222222222	HMC3	Exclusive High	0.8238636363636364	
"MICAL3 exon 16
chr22:17884337:T>G"	106341	0.22380952380952376	0.48484848484848486	0.24489795918367346	0.49468085106382975	0.8182922596320722	MICAL3 exon 16	chr22:17884337:T>G	78:A>C	chr22:17884255-17884415:-	chr22:17884255-17884415:-	HMC3	HEK	0.8182922596320722	0.22380952380952376	HMC3	Exclusive High	0.8182922596320722	
"RPS2 exon 3
chr16:1964368:A>C"	101277	0.162797619047619	0.3470824949698189	0.281433607520564	0.5173299101412067	0.8117647058823529	RPS2 exon 3	chr16:1964368:A>C	48:T>G	chr16:1964256-1964416:-	chr16:1964256-1964416:-	HMC3	HEK	0.8117647058823529	0.162797619047619	HMC3	Exclusive High	0.8117647058823529	
"ADA exon 7
chr20:44623069:T>G;chr20:44623033:C>T"	229788	0.36944444444444446	0.45114942528735635	0.4211423699914748	0.36376811594202896	0.8000672043010753	ADA exon 7	chr20:44623069:T>G;chr20:44623033:C>T	78:A>C ; 114:G>A	chr20:44622987-44623147:-	chr20:44622987-44623147:-	HMC3	MCF7	0.8000672043010753	0.36376811594202896	HMC3	Exclusive High	0.8000672043010753	
"MICAL3 exon 16
chr22:17884346:G>T"	106344	0.1334072431633407	0.4076923076923077	0.1883116883116883	0.21829787234042553	0.7942260442260443	MICAL3 exon 16	chr22:17884346:G>T	69:C>A	chr22:17884255-17884415:-	chr22:17884255-17884415:-	HMC3	HEK	0.7942260442260443	0.1334072431633407	HMC3	Exclusive High	0.7942260442260443	
"DNM1L exon 15
chr12:32737886:T>A;chr12:32737946:T>A"	235439	0.2137491141034727	0.4907407407407407	0.48793052693553135	0.5333333333333333	0.7931431201104464	DNM1L exon 15	chr12:32737886:T>A;chr12:32737946:T>A	84:T>A ; 144:T>A	chr12:32737802-32737962:+	chr12:32737802-32737962:+	HMC3	HEK	0.7931431201104464	0.2137491141034727	HMC3	Exclusive High	0.7931431201104464	
"BIN1 exon 16
chr2:127051258:C>A;chr2:127051144:G>A"	162697	0.28397435897435896	0.5225563909774436	0.4097496706192358	0.3669590643274854	0.7852459016393443	BIN1 exon 16	chr2:127051258:C>A;chr2:127051144:G>A	36:G>T ; 150:C>T	chr2:127051134-127051294:-	chr2:127051134-127051294:-	HMC3	HEK	0.7852459016393443	0.28397435897435896	HMC3	Exclusive High	0.7852459016393443	
"TIMM44 exon 11
chr19:7928193:G>A;chr19:7928157:G>C"	202311	0.2218073188946975	0.26847826086956517	0.4329268292682926	0.3773913043478261	0.7793217746047936	TIMM44 exon 11	chr19:7928193:G>A;chr19:7928157:G>C	24:C>T ; 60:C>G	chr19:7928057-7928217:-	chr19:7928057-7928217:-	HMC3	HEK	0.7793217746047936	0.2218073188946975	HMC3	Exclusive High	0.7793217746047936	
"BIN1 exon 16
chr2:127051217:A>T"	47324	0.3545751633986928	0.464572192513369	0.4479166666666667	0.1972222222222222	0.7727272727272727	BIN1 exon 16	chr2:127051217:A>T	77:T>A	chr2:127051134-127051294:-	chr2:127051134-127051294:-	HMC3	MCF7	0.7727272727272727	0.1972222222222222	HMC3	Exclusive High	0.7727272727272727	
"OCA2 exon 10
chr15:27990686:C>A;chr15:27990656:A>T"	176945	0.267134951042997	0.42186652197504065	0.39284704551880123	0.2871987951807229	0.7719247914551794	OCA2 exon 10	chr15:27990686:C>A;chr15:27990656:A>T	30:G>T ; 60:T>A	chr15:27990556-27990716:-	chr15:27990556-27990716:-	HMC3	HEK	0.7719247914551794	0.267134951042997	HMC3	Exclusive High	0.7719247914551794	
"NPNT exon 4
chr4:105932701:G>A"	91228	0.211953488372093	0.42703349282296654	0.45934959349593496	0.4801587301587301	0.7709235209235209	NPNT exon 4	chr4:105932701:G>A	138:G>A	chr4:105932563-105932723:+	chr4:105932563-105932723:+	HMC3	HEK	0.7709235209235209	0.211953488372093	HMC3	Exclusive High	0.7709235209235209	
"OCA2 exon 10
chr15:27990716:T>G;chr15:27990662:A>C"	176834	0.30754985754985753	0.5050309597523219	0.45571346540338786	0.33794070512820507	0.7673076923076922	OCA2 exon 10	chr15:27990716:T>G;chr15:27990662:A>C	0:A>C ; 54:T>G	chr15:27990556-27990716:-	chr15:27990556-27990716:-	HMC3	HEK	0.7673076923076922	0.30754985754985753	HMC3	Exclusive High	0.7673076923076922	
"OCA2 exon 10
chr15:27990692:A>G;chr15:27990656:A>T"	177286	0.26989942528735633	0.27692307692307694	0.4184352233132721	0.5088383838383839	0.7621044605413648	OCA2 exon 10	chr15:27990692:A>G;chr15:27990656:A>T	24:T>C ; 60:T>A	chr15:27990556-27990716:-	chr15:27990556-27990716:-	HMC3	HEK	0.7621044605413648	0.26989942528735633	HMC3	Exclusive High	0.7621044605413648	
"OCA2 exon 10
chr15:27990656:A>T;chr15:27990602:G>C"	177328	0.3085703592814371	0.3730769230769231	0.4556836248012718	0.4304330392943063	0.7611111111111111	OCA2 exon 10	chr15:27990656:A>T;chr15:27990602:G>C	60:T>A ; 114:C>G	chr15:27990556-27990716:-	chr15:27990556-27990716:-	HMC3	HEK	0.7611111111111111	0.3085703592814371	HMC3	Exclusive High	0.7611111111111111	
"TIMM44 exon 11
chr19:7928095:T>C"	36011	0.19410427079138737	0.5012531328320802	0.2798661461238148	0.4828282828282828	0.7576807169973778	TIMM44 exon 11	chr19:7928095:T>C	122:A>G	chr19:7928057-7928217:-	chr19:7928057-7928217:-	HMC3	HEK	0.7576807169973778	0.19410427079138737	HMC3	Exclusive High	0.7576807169973778	
"PIGQ exon 8
NA"	85177	0.22034050905293107	0.4610834371108343	0.41496792587312903	0.3546226958525346	0.7541551659828423	PIGQ exon 8		none	chr16:580123-580283:+	chr16:580123-580283:+	HMC3	HEK	0.7541551659828423	0.22034050905293107	HMC3	Exclusive High	0.7541551659828423	
"GPI exon 5
chr19:34377511:G>T"	32996	0.2556448853917208	0.41054739652870487	0.2691810344827586	0.431390977443609	0.7469429347826086	GPI exon 5	chr19:34377511:G>T	65:G>T	chr19:34377446-34377606:+	chr19:34377446-34377606:+	HMC3	HEK	0.7469429347826086	0.2556448853917208	HMC3	Exclusive High	0.7469429347826086	
"PIGQ exon 8
chr16:580240:C>T"	101101	0.16418105703819985	0.3931650246305418	0.4167582417582417	0.30645161290322576	0.7442748091603053	PIGQ exon 8	chr16:580240:C>T	117:C>T	chr16:580123-580283:+	chr16:580123-580283:+	HMC3	HEK	0.7442748091603053	0.16418105703819985	HMC3	Exclusive High	0.7442748091603053	
"ADA exon 7
chr20:44623141:G>T;chr20:44622991:C>T"	229874	0.33510871151320587	0.48599439775910364	0.42160278745644597	0.31108597285067874	0.7416666666666667	ADA exon 7	chr20:44623141:G>T;chr20:44622991:C>T	6:C>A ; 156:G>A	chr20:44622987-44623147:-	chr20:44622987-44623147:-	HMC3	MCF7	0.7416666666666667	0.31108597285067874	HMC3	Exclusive High	0.7416666666666667	
"BCKDHA exon 3
chr19:41410917:C>A;chr19:41410977:A>T"	146516	0.24878461213274145	0.4305555555555556	0.3968776550552251	0.3318181818181818	0.7284005316792201	BCKDHA exon 3	chr19:41410917:C>A;chr19:41410977:A>T	48:C>A ; 108:A>T	chr19:41410869-41411029:+	chr19:41410869-41411029:+	HMC3	HEK	0.7284005316792201	0.24878461213274145	HMC3	Exclusive High	0.7284005316792201	
"BIN1 exon 16
chr2:127051264:T>A;chr2:127051174:C>G"	162308	0.28747169811320755	0.4130434782608695	0.3636363636363636	0.21428571428571425	0.7279825908858166	BIN1 exon 16	chr2:127051264:T>A;chr2:127051174:C>G	30:A>T ; 120:G>C	chr2:127051134-127051294:-	chr2:127051134-127051294:-	HMC3	MCF7	0.7279825908858166	0.21428571428571425	HMC3	Exclusive High	0.7279825908858166	
"IMPDH1 exon 7
chr7:128400909:T>C;chr7:128400891:G>C"	167788	0.246551724137931	0.38181818181818183	0.3656987295825771	0.44125000000000003	0.7275132275132274	IMPDH1 exon 7	chr7:128400909:T>C;chr7:128400891:G>C	48:A>G ; 66:C>G	chr7:128400797-128400957:-	chr7:128400797-128400957:-	HMC3	HEK	0.7275132275132274	0.246551724137931	HMC3	Exclusive High	0.7275132275132274	
"TIMM44 exon 11
chr19:7928157:G>T;chr19:7928061:A>C"	202164	0.20593509055047515	0.38775034932463903	0.38275193798449614	0.3139655530192986	0.724523564989159	TIMM44 exon 11	chr19:7928157:G>T;chr19:7928061:A>C	60:C>A ; 156:T>G	chr19:7928057-7928217:-	chr19:7928057-7928217:-	HMC3	HEK	0.724523564989159	0.20593509055047515	HMC3	Exclusive High	0.724523564989159	
"HMBS exon 2
chr11:119088169:T>C"	3326	0.36702551834130775	0.3264150943396227	0.38636363636363635	0.39646464646464646	0.7244897959183674	HMBS exon 2	chr11:119088169:T>C	1:T>C	chr11:119088168-119088328:+	chr11:119088168-119088328:+	HMC3	HeLa	0.7244897959183674	0.3264150943396227	HMC3	Exclusive High	0.7244897959183674	
"ARHGAP6 exon 12
chrX:11148647:A>C"	106795	0.30739415623136557	0.46428571428571425	0.42721518987341767	0.45428571428571424	0.7193103448275862	ARHGAP6 exon 12	chrX:11148647:A>C	123:T>G	chrX:11148610-11148770:-	chrX:11148610-11148770:-	HMC3	HEK	0.7193103448275862	0.30739415623136557	HMC3	Exclusive High	0.7193103448275862	
"GPI exon 5
chr19:34377552:A>T"	33112	0.16688311688311686	0.3781609195402299	0.28378378378378377	0.420059582919563	0.7168927648578811	GPI exon 5	chr19:34377552:A>T	106:A>T	chr19:34377446-34377606:+	chr19:34377446-34377606:+	HMC3	HEK	0.7168927648578811	0.16688311688311686	HMC3	Exclusive High	0.7168927648578811	
"TTN exon 224
chr2:178637468:C>T"	48173	0.39266304347826086	0.45	0.40858505564387915	0.33936651583710403	0.7083333333333333	TTN exon 224	chr2:178637468:C>T	41:G>A	chr2:178637349-178637509:-	chr2:178637349-178637509:-	HMC3	MCF7	0.7083333333333333	0.33936651583710403	HMC3	Exclusive High	0.7083333333333333	
"GPI exon 5
chr19:34377512:A>T;chr19:34377566:G>A"	236602	0.13614627285513353	0.07806324110671935	0.14	0.29891304347826086	0.6979166666666667	GPI exon 5	chr19:34377512:A>T;chr19:34377566:G>A	66:A>T ; 120:G>A	chr19:34377446-34377606:+	chr19:34377446-34377606:+	HMC3	HeLa	0.6979166666666667	0.07806324110671935	HMC3	Exclusive High	0.6979166666666667	
"TIMM44 exon 11
chr19:7928217:A>C;chr19:7928157:G>T"	202911	0.14398685426722807	0.3574074074074074	0.23952486620545618	0.24693627450980388	0.6957521645021645	TIMM44 exon 11	chr19:7928217:A>C;chr19:7928157:G>T	0:T>G ; 60:C>A	chr19:7928057-7928217:-	chr19:7928057-7928217:-	HMC3	HEK	0.6957521645021645	0.14398685426722807	HMC3	Exclusive High	0.6957521645021645	
"OCA2 exon 10
chr15:27990662:A>G;chr15:27990602:G>C"	177024	0.16706390585431252	0.2075301204819277	0.2531105581230004	0.3117483811285846	0.691972920696325	OCA2 exon 10	chr15:27990662:A>G;chr15:27990602:G>C	54:T>C ; 114:C>G	chr15:27990556-27990716:-	chr15:27990556-27990716:-	HMC3	HEK	0.691972920696325	0.16706390585431252	HMC3	Exclusive High	0.691972920696325	
"HYAL1 exon 3
chr3:50301017:A>G"	89759	0.32738095238095233	0.3215488215488215	0.27499999999999997	0.13823529411764707	0.690883190883191	HYAL1 exon 3	chr3:50301017:A>G	111:T>C	chr3:50300968-50301128:-	chr3:50300968-50301128:-	HMC3	MCF7	0.690883190883191	0.13823529411764707	HMC3	Exclusive High	0.690883190883191	
"TIMM44 exon 11
chr19:7928211:G>T;chr19:7928151:C>T"	202916	0.16291953528399306	0.42431761786600497	0.4242294520547945	0.242911877394636	0.6837951030927836	TIMM44 exon 11	chr19:7928211:G>T;chr19:7928151:C>T	6:C>A ; 66:G>A	chr19:7928057-7928217:-	chr19:7928057-7928217:-	HMC3	HEK	0.6837951030927836	0.16291953528399306	HMC3	Exclusive High	0.6837951030927836	
"PIGQ exon 8
chr16:580261:C>G"	101104	0.13836675020885542	0.3375	0.26344086021505375	0.175	0.6817785527462947	PIGQ exon 8	chr16:580261:C>G	138:C>G	chr16:580123-580283:+	chr16:580123-580283:+	HMC3	HEK	0.6817785527462947	0.13836675020885542	HMC3	Exclusive High	0.6817785527462947	
"BIN1 exon 16
chr2:127051270:C>G;chr2:127051252:T>G"	162186	0.17264752791068577	0.4126811594202899	0.34975369458128075	0.3885918003565062	0.6817031070195627	BIN1 exon 16	chr2:127051270:C>G;chr2:127051252:T>G	24:G>C ; 42:A>C	chr2:127051134-127051294:-	chr2:127051134-127051294:-	HMC3	HEK	0.6817031070195627	0.17264752791068577	HMC3	Exclusive High	0.6817031070195627	
"OCA2 exon 10
chr15:27990662:A>G;chr15:27990596:C>G"	176720	0.1429121132830537	0.13397435897435894	0.2599206349206349	0.40789473684210525	0.675	OCA2 exon 10	chr15:27990662:A>G;chr15:27990596:C>G	54:T>C ; 120:G>C	chr15:27990556-27990716:-	chr15:27990556-27990716:-	HMC3	HeLa	0.675	0.13397435897435894	HMC3	Exclusive High	0.675	
"TIMM44 exon 11
chr19:7928121:C>G;chr19:7928097:G>C"	202282	0.11064301552106424	0.3327571305099395	0.3582974137931034	0.3218579234972677	0.6688988095238095	TIMM44 exon 11	chr19:7928121:C>G;chr19:7928097:G>C	96:G>C ; 120:C>G	chr19:7928057-7928217:-	chr19:7928057-7928217:-	HMC3	HEK	0.6688988095238095	0.11064301552106424	HMC3	Exclusive High	0.6688988095238095	
"ASL exon 13
chr7:66089258:G>T"	71985	0.202607278652906	0.3740521327014218	0.3940043604651162	0.37577962577962576	0.6503150549393324	ASL exon 13	chr7:66089258:G>T	63:G>T	chr7:66089195-66089355:+	chr7:66089195-66089355:+	HMC3	HEK	0.6503150549393324	0.202607278652906	HMC3	Exclusive High	0.6503150549393324	
"BCKDHA exon 3
chr19:41410881:T>G;chr19:41410935:A>C"	147108	0.13863636363636359	0.39339019189765456	0.2974018794914317	0.3446327683615819	0.6444380733944954	BCKDHA exon 3	chr19:41410881:T>G;chr19:41410935:A>C	12:T>G ; 66:A>C	chr19:41410869-41411029:+	chr19:41410869-41411029:+	HMC3	HEK	0.6444380733944954	0.13863636363636359	HMC3	Exclusive High	0.6444380733944954	
"OCA2 exon 10
chr15:27990662:A>G;chr15:27990626:C>A"	177122	0.13859844271412675	0.38535353535353534	0.26917279065385336	0.30785970302099336	0.6435789800995024	OCA2 exon 10	chr15:27990662:A>G;chr15:27990626:C>A	54:T>C ; 90:G>T	chr15:27990556-27990716:-	chr15:27990556-27990716:-	HMC3	HEK	0.6435789800995024	0.13859844271412675	HMC3	Exclusive High	0.6435789800995024	
"DNM1L exon 15
chr12:32737844:C>A;chr12:32737922:T>G"	235661	0.1101190476190476	0.35592592592592587	0.32289473684210523	0.2821344339622641	0.6395769817073171	DNM1L exon 15	chr12:32737844:C>A;chr12:32737922:T>G	42:C>A ; 120:T>G	chr12:32737802-32737962:+	chr12:32737802-32737962:+	HMC3	HEK	0.6395769817073171	0.1101190476190476	HMC3	Exclusive High	0.6395769817073171	
"MICAL3 exon 16
NA"	85775	0.10961424202946735	0.333585409252669	0.10552682611506135	0.36031471948915095	0.6329894044262155	MICAL3 exon 16		none	chr22:17884255-17884415:-	chr22:17884255-17884415:-	HMC3	K562	0.6329894044262155	0.10552682611506135	HMC3	Exclusive High	0.6329894044262155	
"TIMM44 exon 11
chr19:7928121:C>A;chr19:7928079:C>T"	202679	0.052748226950354554	0.17352941176470585	0.13097713097713096	0.2294685990338164	0.6314634146341463	TIMM44 exon 11	chr19:7928121:C>A;chr19:7928079:C>T	96:G>T ; 138:G>A	chr19:7928057-7928217:-	chr19:7928057-7928217:-	HMC3	HEK	0.6314634146341463	0.052748226950354554	HMC3	Exclusive High	0.6314634146341463	
"BIN1 exon 16
chr2:127051145:C>A"	47535	0.1643403325646316	0.35430107526881716	0.2876811594202898	0.27248677248677244	0.626984126984127	BIN1 exon 16	chr2:127051145:C>A	149:G>T	chr2:127051134-127051294:-	chr2:127051134-127051294:-	HMC3	HEK	0.626984126984127	0.1643403325646316	HMC3	Exclusive High	0.626984126984127	
"OCA2 exon 10
chr15:27990704:C>T;chr15:27990656:A>T"	176966	0.15506756756756757	0.2698350353495679	0.2828972498090145	0.2833938294010889	0.6266196607398324	OCA2 exon 10	chr15:27990704:C>T;chr15:27990656:A>T	12:G>A ; 60:T>A	chr15:27990556-27990716:-	chr15:27990556-27990716:-	HMC3	HEK	0.6266196607398324	0.15506756756756757	HMC3	Exclusive High	0.6266196607398324	
"ERCC2 exon 3
chr19:45369132:C>G;chr19:45369060:C>T"	239948	0.14105844330729864	0.2866161616161616	0.17929292929292925	0.36160714285714285	0.622061235647895	ERCC2 exon 3	chr19:45369132:C>G;chr19:45369060:C>T	78:G>C ; 150:G>A	chr19:45369050-45369210:-	chr19:45369050-45369210:-	HMC3	HEK	0.622061235647895	0.14105844330729864	HMC3	Exclusive High	0.622061235647895	
"OCA2 exon 10
chr15:27990692:A>G;chr15:27990608:C>G"	177317	0.22399068322981364	0.32105263157894737	0.24413992066354126	0.3246753246753247	0.6181419862839725	OCA2 exon 10	chr15:27990692:A>G;chr15:27990608:C>G	24:T>C ; 108:G>C	chr15:27990556-27990716:-	chr15:27990556-27990716:-	HMC3	HEK	0.6181419862839725	0.22399068322981364	HMC3	Exclusive High	0.6181419862839725	
"TSC2 exon 32
chr16:2082412:G>T;chr16:2082478:A>G"	131198	0.05813439434129085	0.23125	0.0525531914893617	0.23958333333333331	0.615870786516854	TSC2 exon 32	chr16:2082412:G>T;chr16:2082478:A>G	48:G>T ; 114:A>G	chr16:2082364-2082524:+	chr16:2082364-2082524:+	HMC3	K562	0.615870786516854	0.0525531914893617	HMC3	Exclusive High	0.615870786516854	
"IMPDH1 exon 7
chr7:128400903:G>A;chr7:128400891:G>T"	167386	0.17931298773690077	0.33218390804597697	0.29678972712680574	0.26694987255734914	0.6143455235096257	IMPDH1 exon 7	chr7:128400903:G>A;chr7:128400891:G>T	54:C>T ; 66:C>A	chr7:128400797-128400957:-	chr7:128400797-128400957:-	HMC3	HEK	0.6143455235096257	0.17931298773690077	HMC3	Exclusive High	0.6143455235096257	
"NLRC3 exon 14
chr16:3548744:G>C;chr16:3548672:A>C"	161333	0.1813953488372093	0.3445378151260504	0.359090909090909	0.1657142857142857	0.6137254901960785	NLRC3 exon 14	chr16:3548744:G>C;chr16:3548672:A>C	66:C>G ; 138:T>G	chr16:3548650-3548810:-	chr16:3548650-3548810:-	HMC3	MCF7	0.6137254901960785	0.1657142857142857	HMC3	Exclusive High	0.6137254901960785	
"BIN1 exon 16
chr2:127051147:G>T"	47528	0.18288934426229506	0.25608194622279123	0.33451842275371685	0.2613851992409867	0.609375	BIN1 exon 16	chr2:127051147:G>T	147:C>A	chr2:127051134-127051294:-	chr2:127051134-127051294:-	HMC3	HEK	0.609375	0.18288934426229506	HMC3	Exclusive High	0.609375	
"BCKDHA exon 3
chr19:41410917:C>G;chr19:41410965:C>G"	147051	0.14283981563839243	0.23994252873563215	0.3073089700996677	0.323252688172043	0.6015625	BCKDHA exon 3	chr19:41410917:C>G;chr19:41410965:C>G	48:C>G ; 96:C>G	chr19:41410869-41411029:+	chr19:41410869-41411029:+	HMC3	HEK	0.6015625	0.14283981563839243	HMC3	Exclusive High	0.6015625	
"TIMM44 exon 11
chr19:7928155:C>A"	35834	0.08112625770853615	0.30072115384615383	0.2529134295227524	0.31475225225225223	0.5979664014146773	TIMM44 exon 11	chr19:7928155:C>A	62:G>T	chr19:7928057-7928217:-	chr19:7928057-7928217:-	HMC3	HEK	0.5979664014146773	0.08112625770853615	HMC3	Exclusive High	0.5979664014146773	
"NLRC3 exon 14
chr16:3548786:G>T;chr16:3548762:A>T"	161867	0.060595535796980605	0.2382456140350877	0.24028856825749165	0.30666666666666664	0.5890374331550803	NLRC3 exon 14	chr16:3548786:G>T;chr16:3548762:A>T	24:C>A ; 48:T>A	chr16:3548650-3548810:-	chr16:3548650-3548810:-	HMC3	HEK	0.5890374331550803	0.060595535796980605	HMC3	Exclusive High	0.5890374331550803	
"EPB41L1 exon 18
chr20:36218864:T>G;chr20:36218870:C>A"	206981	0.10166666666666666	0.3047619047619047	0.22741644083107493	0.1945701357466063	0.5865384615384616	EPB41L1 exon 18	chr20:36218864:T>G;chr20:36218870:C>A	42:T>G ; 48:C>A	chr20:36218822-36218982:+	chr20:36218822-36218982:+	HMC3	HEK	0.5865384615384616	0.10166666666666666	HMC3	Exclusive High	0.5865384615384616	
"BIN1 exon 16
chr2:127051184:T>C"	47421	0.043857431749241595	0.24410377358490565	0.1290322580645161	0.27834008097165985	0.5857397504456328	BIN1 exon 16	chr2:127051184:T>C	110:A>G	chr2:127051134-127051294:-	chr2:127051134-127051294:-	HMC3	HEK	0.5857397504456328	0.043857431749241595	HMC3	Exclusive High	0.5857397504456328	
"BIN1 exon 16
chr2:127051134:C>A"	47568	0.1273907103825136	0.3181818181818181	0.31510416666666663	0.2546620046620046	0.5807017543859649	BIN1 exon 16	chr2:127051134:C>A	160:G>T	chr2:127051134-127051294:-	chr2:127051134-127051294:-	HMC3	HEK	0.5807017543859649	0.1273907103825136	HMC3	Exclusive High	0.5807017543859649	
"TIMM44 exon 11
chr19:7928139:G>C;chr19:7928067:A>G"	202179	0.18187702265372166	0.3100358422939068	0.229064039408867	0.21586629001883234	0.5804107942751011	TIMM44 exon 11	chr19:7928139:G>C;chr19:7928067:A>G	78:C>G ; 150:T>C	chr19:7928057-7928217:-	chr19:7928057-7928217:-	HMC3	HEK	0.5804107942751011	0.18187702265372166	HMC3	Exclusive High	0.5804107942751011	
"TIMM44 exon 11
chr19:7928140:G>C"	35880	0.09076561697129851	0.3078007518796992	0.22180667433831985	0.1953807740324594	0.5780228758169934	TIMM44 exon 11	chr19:7928140:G>C	77:C>G	chr19:7928057-7928217:-	chr19:7928057-7928217:-	HMC3	HEK	0.5780228758169934	0.09076561697129851	HMC3	Exclusive High	0.5780228758169934	
"TIMM44 exon 11
chr19:7928205:A>C;chr19:7928157:G>T"	202517	0.14208977189109634	0.30608974358974356	0.2974489795918367	0.29788935081547807	0.5759942697319054	TIMM44 exon 11	chr19:7928205:A>C;chr19:7928157:G>T	12:T>G ; 60:C>A	chr19:7928057-7928217:-	chr19:7928057-7928217:-	HMC3	HEK	0.5759942697319054	0.14208977189109634	HMC3	Exclusive High	0.5759942697319054	
"BIN1 exon 16
chr2:127051146:T>C"	47533	0.1234919286321155	0.20187969924812024	0.3205401563610518	0.24301552106430155	0.5723076923076924	BIN1 exon 16	chr2:127051146:T>C	148:A>G	chr2:127051134-127051294:-	chr2:127051134-127051294:-	HMC3	HEK	0.5723076923076924	0.1234919286321155	HMC3	Exclusive High	0.5723076923076924	
"IMPDH1 exon 7
chr7:128400904:G>A"	70523	0.0764705882352941	0.20031712473572935	0.23566433566433564	0.2361111111111111	0.570964749536178	IMPDH1 exon 7	chr7:128400904:G>A	53:C>T	chr7:128400797-128400957:-	chr7:128400797-128400957:-	HMC3	HEK	0.570964749536178	0.0764705882352941	HMC3	Exclusive High	0.570964749536178	
"BIN1 exon 16
chr2:127051294:G>T;chr2:127051228:C>T"	162672	0.16976369495166485	0.2734780556866446	0.2396616541353383	0.2032163742690058	0.5678051865907653	BIN1 exon 16	chr2:127051294:G>T;chr2:127051228:C>T	0:C>A ; 66:G>A	chr2:127051134-127051294:-	chr2:127051134-127051294:-	HMC3	HEK	0.5678051865907653	0.16976369495166485	HMC3	Exclusive High	0.5678051865907653	
"ERCC2 exon 3
chr19:45369147:C>G"	34894	0.09296218487394954	0.19557823129251695	0.2202898550724637	0.26315789473684204	0.5672077922077923	ERCC2 exon 3	chr19:45369147:C>G	63:G>C	chr19:45369050-45369210:-	chr19:45369050-45369210:-	HMC3	HEK	0.5672077922077923	0.09296218487394954	HMC3	Exclusive High	0.5672077922077923	
"BIN1 exon 16
chr2:127051184:T>A"	47419	0.078125	0.2115987460815047	0.2528490028490028	0.2967967967967968	0.5663009404388715	BIN1 exon 16	chr2:127051184:T>A	110:A>T	chr2:127051134-127051294:-	chr2:127051134-127051294:-	HMC3	HEK	0.5663009404388715	0.078125	HMC3	Exclusive High	0.5663009404388715	
"IVD exon 2
chr15:40407669:C>G;chr15:40407693:A>C"	166528	0.12280924561849119	0.2924954792043399	0.28584817244611055	0.25370370370370365	0.5498985972621261	IVD exon 2	chr15:40407669:C>G;chr15:40407693:A>C	84:C>G ; 108:A>C	chr15:40407585-40407745:+	chr15:40407585-40407745:+	HMC3	HEK	0.5498985972621261	0.12280924561849119	HMC3	Exclusive High	0.5498985972621261	
"TIMM44 exon 11
chr19:7928217:A>C;chr19:7928157:G>C"	202304	0.07269488077800784	0.25116410181453713	0.17696282636382932	0.22396090097747554	0.5488356341479865	TIMM44 exon 11	chr19:7928217:A>C;chr19:7928157:G>C	0:T>G ; 60:C>G	chr19:7928057-7928217:-	chr19:7928057-7928217:-	HMC3	HEK	0.5488356341479865	0.07269488077800784	HMC3	Exclusive High	0.5488356341479865	
"TIMM44 exon 11
chr19:7928217:A>C;chr19:7928151:C>T"	202377	0.13721271641186591	0.2983606557377049	0.27162734422262547	0.22087067861715745	0.5488046768973797	TIMM44 exon 11	chr19:7928217:A>C;chr19:7928151:C>T	0:T>G ; 66:G>A	chr19:7928057-7928217:-	chr19:7928057-7928217:-	HMC3	HEK	0.5488046768973797	0.13721271641186591	HMC3	Exclusive High	0.5488046768973797	
"OCA2 exon 10
chr15:27990569:A>G"	18511	0.1500447227191413	0.2612179487179487	0.2551129426129426	0.2355410447761194	0.5443875373452838	OCA2 exon 10	chr15:27990569:A>G	147:T>C	chr15:27990556-27990716:-	chr15:27990556-27990716:-	HMC3	HEK	0.5443875373452838	0.1500447227191413	HMC3	Exclusive High	0.5443875373452838	
"MICAL3 exon 16
chr22:17884326:G>T"	106335	0.08807678417645914	0.2324246771879483	0.13439153439153434	0.2712049012933968	0.5431207937278846	MICAL3 exon 16	chr22:17884326:G>T	89:C>A	chr22:17884255-17884415:-	chr22:17884255-17884415:-	HMC3	HEK	0.5431207937278846	0.08807678417645914	HMC3	Exclusive High	0.5431207937278846	
"TIMM44 exon 11
chr19:7928157:G>C;chr19:7928085:T>A"	202430	0.05125337806355415	0.2592592592592592	0.20315398886827454	0.2524760928961748	0.5418664989385958	TIMM44 exon 11	chr19:7928157:G>C;chr19:7928085:T>A	60:C>G ; 132:A>T	chr19:7928057-7928217:-	chr19:7928057-7928217:-	HMC3	HEK	0.5418664989385958	0.05125337806355415	HMC3	Exclusive High	0.5418664989385958	
"TIMM44 exon 11
chr19:7928095:T>G"	36010	0.08841099163679805	0.21714285714285708	0.185672514619883	0.2653958944281525	0.5408653846153846	TIMM44 exon 11	chr19:7928095:T>G	122:A>C	chr19:7928057-7928217:-	chr19:7928057-7928217:-	HMC3	HEK	0.5408653846153846	0.08841099163679805	HMC3	Exclusive High	0.5408653846153846	
"OCA2 exon 10
chr15:27990652:A>T"	18262	0.13487843975420785	0.18382352941176466	0.213235294117647	0.24389282899921194	0.5302631578947369	OCA2 exon 10	chr15:27990652:A>T	64:T>A	chr15:27990556-27990716:-	chr15:27990556-27990716:-	HMC3	HEK	0.5302631578947369	0.13487843975420785	HMC3	Exclusive High	0.5302631578947369	
"OCA2 exon 10
chr15:27990668:T>G;chr15:27990662:A>C"	177397	0.12380952380952381	0.2654494382022472	0.14782608695652172	0.219375	0.5272335423197492	OCA2 exon 10	chr15:27990668:T>G;chr15:27990662:A>C	48:A>C ; 54:T>G	chr15:27990556-27990716:-	chr15:27990556-27990716:-	HMC3	HEK	0.5272335423197492	0.12380952380952381	HMC3	Exclusive High	0.5272335423197492	
"BIN1 exon 16
chr2:127051212:G>C"	47341	0.0973460501762388	0.13257575757575754	0.15197740112994346	0.26969696969696966	0.5218696397941681	BIN1 exon 16	chr2:127051212:G>C	82:C>G	chr2:127051134-127051294:-	chr2:127051134-127051294:-	HMC3	HEK	0.5218696397941681	0.0973460501762388	HMC3	Exclusive High	0.5218696397941681	
"IMPDH1 exon 7
chr7:128400885:C>T;chr7:128400831:C>T"	167723	0.048992846385542146	0.23536585365853654	0.17902097902097897	0.24805194805194802	0.5194044831047173	IMPDH1 exon 7	chr7:128400885:C>T;chr7:128400831:C>T	72:G>A ; 126:G>A	chr7:128400797-128400957:-	chr7:128400797-128400957:-	HMC3	HEK	0.5194044831047173	0.048992846385542146	HMC3	Exclusive High	0.5194044831047173	
"PIGQ exon 8
chr16:580210:A>T"	101094	0.0749458874458874	0.2630681818181818	0.2006995336442371	0.12024756852343055	0.5191780821917809	PIGQ exon 8	chr16:580210:A>T	87:A>T	chr16:580123-580283:+	chr16:580123-580283:+	HMC3	HEK	0.5191780821917809	0.0749458874458874	HMC3	Exclusive High	0.5191780821917809	
"ERCC2 exon 3
chr19:45369210:G>A;chr19:45369138:C>G"	239809	0.0891252955082742	0.16666666666666666	0.13208955223880595	0.2071428571428571	0.5190620782726046	ERCC2 exon 3	chr19:45369210:G>A;chr19:45369138:C>G	0:C>T ; 72:G>C	chr19:45369050-45369210:-	chr19:45369050-45369210:-	HMC3	HEK	0.5190620782726046	0.0891252955082742	HMC3	Exclusive High	0.5190620782726046	
"TIMM44 exon 11
chr19:7928173:T>C"	35784	0.06428528474352035	0.25830524795377946	0.2076317859952793	0.22379248658318418	0.5100980392156862	TIMM44 exon 11	chr19:7928173:T>C	44:A>G	chr19:7928057-7928217:-	chr19:7928057-7928217:-	HMC3	HEK	0.5100980392156862	0.06428528474352035	HMC3	Exclusive High	0.5100980392156862	
"IMPDH1 exon 7
chr7:128400951:C>G;chr7:128400855:T>C"	167948	0.0826341463414634	0.1585908852802514	0.15834575260804765	0.12508858965272854	0.5087535014005602	IMPDH1 exon 7	chr7:128400951:C>G;chr7:128400855:T>C	6:G>C ; 102:A>G	chr7:128400797-128400957:-	chr7:128400797-128400957:-	HMC3	HEK	0.5087535014005602	0.0826341463414634	HMC3	Exclusive High	0.5087535014005602	
"TIMM44 exon 11
chr19:7928188:C>A"	35738	0.08074866310160425	0.24685714285714283	0.16879568518912774	0.15018315018315015	0.4973356435319886	TIMM44 exon 11	chr19:7928188:C>A	29:G>T	chr19:7928057-7928217:-	chr19:7928057-7928217:-	HMC3	HEK	0.4973356435319886	0.08074866310160425	HMC3	Exclusive High	0.4973356435319886	
"IMPDH1 exon 7
chr7:128400957:A>C;chr7:128400855:T>G"	167393	0.10839598997493731	0.0798319327731092	0.12488947833775414	0.131054131054131	0.4629629629629629	IMPDH1 exon 7	chr7:128400957:A>C;chr7:128400855:T>G	0:T>G ; 102:A>C	chr7:128400797-128400957:-	chr7:128400797-128400957:-	HMC3	HeLa	0.4629629629629629	0.0798319327731092	HMC3	Exclusive High	0.4629629629629629	
"ADA exon 7
chr20:44623063:C>G;chr20:44623039:C>T"	229890	0.15354330708661415	0.1666666666666666	0.1865131578947368	0.10672302205785231	0.4483843381589395	ADA exon 7	chr20:44623063:C>G;chr20:44623039:C>T	84:G>C ; 108:G>A	chr20:44622987-44623147:-	chr20:44622987-44623147:-	HMC3	MCF7	0.4483843381589395	0.10672302205785231	HMC3	Exclusive High	0.4483843381589395	
"IMPDH1 exon 7
chr7:128400933:C>A;chr7:128400831:C>G"	167423	0.04877192982456135	0.12669683257918551	0.0951202263083451	0.19270833333333331	0.4480430528375734	IMPDH1 exon 7	chr7:128400933:C>A;chr7:128400831:C>G	24:G>T ; 126:G>C	chr7:128400797-128400957:-	chr7:128400797-128400957:-	HMC3	HEK	0.4480430528375734	0.04877192982456135	HMC3	Exclusive High	0.4480430528375734	
"CERKL exon 4
chr2:181565476:T>G"	48812	0.1001899335232668	0.14694357366771155	0.15656565656565655	0.1581081081081081	0.4415584415584415	CERKL exon 4	chr2:181565476:T>G	97:A>C	chr2:181565413-181565573:-	chr2:181565413-181565573:-	HMC3	HEK	0.4415584415584415	0.1001899335232668	HMC3	Exclusive High	0.4415584415584415	
"TIMM44 exon 11
chr19:7928199:C>G;chr19:7928079:C>G"	202846	0.0379988432620011	0.1549019607843137	0.11451612903225805	0.11439888164026095	0.4107692307692308	TIMM44 exon 11	chr19:7928199:C>G;chr19:7928079:C>G	18:G>C ; 138:G>C	chr19:7928057-7928217:-	chr19:7928057-7928217:-	HMC3	HEK	0.4107692307692308	0.0379988432620011	HMC3	Exclusive High	0.4107692307692308	
"ACADVL exon 3
chr17:7220467:G>T;chr17:7220521:G>A"	191514	0.038115530303030304	0.3423076923076923	0.30685203574975173	0.35253456221198154	0.37393162393162394	ACADVL exon 3	chr17:7220467:G>T;chr17:7220521:G>A	78:G>T ; 132:G>A	chr17:7220389-7220549:+	chr17:7220389-7220549:+	HMC3	HEK	0.37393162393162394	0.038115530303030304	HEK	Exclusive Low	0.038115530303030304	
"SHOX2 exon 2
chr3:158105174:C>G;chr3:158105126:C>G"	198011	0.05299145299145295	0.4952830188679245	0.38383045525902665	0.34466911764705876	0.40339739190116675	SHOX2 exon 2	chr3:158105174:C>G;chr3:158105126:C>G	24:G>C ; 72:G>C	chr3:158105038-158105198:-	chr3:158105038-158105198:-	HeLa	HEK	0.4952830188679245	0.05299145299145295	HEK	Exclusive Low	0.05299145299145295	
"ACADVL exon 3
chr17:7220400:C>T"	31410	0.06944444444444445	0.3982630272952853	0.3279761904761904	0.4907407407407407	0.45757471659223636	ACADVL exon 3	chr17:7220400:C>T	11:C>T	chr17:7220389-7220549:+	chr17:7220389-7220549:+	MCF7	HEK	0.4907407407407407	0.06944444444444445	HEK	Exclusive Low	0.06944444444444445	
"ACADVL exon 3
chr17:7220389:C>A;chr17:7220521:G>T"	192048	0.07534246575342465	0.3769230769230769	0.34013282732447814	0.3952941176470588	0.3784457478005865	ACADVL exon 3	chr17:7220389:C>A;chr17:7220521:G>T	0:C>A ; 132:G>T	chr17:7220389-7220549:+	chr17:7220389-7220549:+	MCF7	HEK	0.3952941176470588	0.07534246575342465	HEK	Exclusive Low	0.07534246575342465	
"ERCC2 exon 3
chr19:45369144:G>A"	34902	0.0913220176906526	0.37948717948717947	0.39583333333333326	0.5706947162426614	0.6601888449714537	ERCC2 exon 3	chr19:45369144:G>A	66:C>T	chr19:45369050-45369210:-	chr19:45369050-45369210:-	HMC3	HEK	0.6601888449714537	0.0913220176906526	HEK	Exclusive Low	0.0913220176906526	
"DMD exon 71
chrX:31178036:A>T;chrX:31177976:A>T"	160494	0.09173936750272624	0.46624879459980717	0.3694029850746269	0.5636672325976231	0.6004901960784315	DMD exon 71	chrX:31178036:A>T;chrX:31177976:A>T	36:T>A ; 96:T>A	chrX:31177912-31178072:-	chrX:31177912-31178072:-	HMC3	HEK	0.6004901960784315	0.09173936750272624	HEK	Exclusive Low	0.09173936750272624	
"ACADVL exon 3
chr17:7220401:C>G;chr17:7220521:G>A"	191630	0.10478014960773575	0.4118705035971223	0.38170995670995667	0.4034090909090909	0.47585714285714287	ACADVL exon 3	chr17:7220401:C>G;chr17:7220521:G>A	12:C>G ; 132:G>A	chr17:7220389-7220549:+	chr17:7220389-7220549:+	HMC3	HEK	0.47585714285714287	0.10478014960773575	HEK	Exclusive Low	0.10478014960773575	
"ERCC2 exon 3
chr19:45369105:C>T"	35013	0.1052470645792563	0.38359375	0.3892477749066896	0.4404411764705882	0.602984543420785	ERCC2 exon 3	chr19:45369105:C>T	105:G>A	chr19:45369050-45369210:-	chr19:45369050-45369210:-	HMC3	HEK	0.602984543420785	0.1052470645792563	HEK	Exclusive Low	0.1052470645792563	
"ACADVL exon 3
chr17:7220431:T>A;chr17:7220521:G>A"	191602	0.10633484162895925	0.4453125	0.3709564609197412	0.38172844105047493	0.5106856856856856	ACADVL exon 3	chr17:7220431:T>A;chr17:7220521:G>A	42:T>A ; 132:G>A	chr17:7220389-7220549:+	chr17:7220389-7220549:+	HMC3	HEK	0.5106856856856856	0.10633484162895925	HEK	Exclusive Low	0.10633484162895925	
"DMD exon 71
chrX:31177994:T>C;chrX:31177982:A>C"	160911	0.109284332688588	0.5331369661266568	0.4805355814530127	0.520769622833843	0.6026368491321762	DMD exon 71	chrX:31177994:T>C;chrX:31177982:A>C	78:A>G ; 90:T>G	chrX:31177912-31178072:-	chrX:31177912-31178072:-	HMC3	HEK	0.6026368491321762	0.109284332688588	HEK	Exclusive Low	0.109284332688588	
"DMD exon 71
chrX:31177975:A>C"	81156	0.11929170549860199	0.6173913043478261	0.4174057649667406	0.5146520146520146	0.5527910685805422	DMD exon 71	chrX:31177975:A>C	97:T>G	chrX:31177912-31178072:-	chrX:31177912-31178072:-	HeLa	HEK	0.6173913043478261	0.11929170549860199	HEK	Exclusive Low	0.11929170549860199	
"FAM98C exon 5
chr19:38405413:C>T"	104680	0.1218493084437566	0.5045876887340301	0.4316919191919192	0.521360575806826	0.5737516869095817	FAM98C exon 5	chr19:38405413:C>T	132:C>T	chr19:38405281-38405441:+	chr19:38405281-38405441:+	HMC3	HEK	0.5737516869095817	0.1218493084437566	HEK	Exclusive Low	0.1218493084437566	
"SHOX2 exon 2
chr3:158105126:C>G;chr3:158105078:C>A"	197541	0.1232638888888889	0.38688282977155486	0.57909604519774	0.501010101010101	0.5696480938416422	SHOX2 exon 2	chr3:158105126:C>G;chr3:158105078:C>A	72:G>C ; 120:G>T	chr3:158105038-158105198:-	chr3:158105038-158105198:-	K562	HEK	0.57909604519774	0.1232638888888889	HEK	Exclusive Low	0.1232638888888889	
"ACADVL exon 3
chr17:7220455:T>G;chr17:7220545:G>C"	191977	0.1260880696364567	0.5147058823529411	0.37917637917637914	0.5901315789473685	0.652229845626072	ACADVL exon 3	chr17:7220455:T>G;chr17:7220545:G>C	66:T>G ; 156:G>C	chr17:7220389-7220549:+	chr17:7220389-7220549:+	HMC3	HEK	0.652229845626072	0.1260880696364567	HEK	Exclusive Low	0.1260880696364567	
"ACADVL exon 3
chr17:7220503:C>G"	31717	0.1278165236051502	0.3964349376114082	0.39623870389969873	0.5359630419331911	0.563567546583851	ACADVL exon 3	chr17:7220503:C>G	114:C>G	chr17:7220389-7220549:+	chr17:7220389-7220549:+	HMC3	HEK	0.563567546583851	0.1278165236051502	HEK	Exclusive Low	0.1278165236051502	
"CACNA2D4 exon 28
chr12:1810665:G>T;chr12:1810545:T>C"	111340	0.128518403959171	0.46875	0.4317632850241546	0.4832572298325723	0.5040244340639597	CACNA2D4 exon 28	chr12:1810665:G>T;chr12:1810545:T>C	18:C>A ; 138:A>G	chr12:1810523-1810683:-	chr12:1810523-1810683:-	HMC3	HEK	0.5040244340639597	0.128518403959171	HEK	Exclusive Low	0.128518403959171	
"GPI exon 5
chr19:34377476:C>A;chr19:34377554:G>C"	236391	0.12935048306367125	0.45769230769230773	0.38495276653171384	0.5631578947368421	0.7414634146341463	GPI exon 5	chr19:34377476:C>A;chr19:34377554:G>C	30:C>A ; 108:G>C	chr19:34377446-34377606:+	chr19:34377446-34377606:+	HMC3	HEK	0.7414634146341463	0.12935048306367125	HEK	Exclusive Low	0.12935048306367125	
"ERCC2 exon 3
chr19:45369210:G>T;chr19:45369204:A>C"	239911	0.13176406926406925	0.42592592592592593	0.4807692307692307	0.4651282051282051	0.6383096716947649	ERCC2 exon 3	chr19:45369210:G>T;chr19:45369204:A>C	0:C>A ; 6:T>G	chr19:45369050-45369210:-	chr19:45369050-45369210:-	HMC3	HEK	0.6383096716947649	0.13176406926406925	HEK	Exclusive Low	0.13176406926406925	
"DNM1L exon 15
chr12:32737922:T>A;chr12:32737952:G>A"	235518	0.13327961321514906	0.4990808823529412	0.5167607621736061	0.4964102564102564	0.5553977272727273	DNM1L exon 15	chr12:32737922:T>A;chr12:32737952:G>A	120:T>A ; 150:G>A	chr12:32737802-32737962:+	chr12:32737802-32737962:+	HMC3	HEK	0.5553977272727273	0.13327961321514906	HEK	Exclusive Low	0.13327961321514906	
"RAB7A exon 4
chr3:128806363:C>G;chr3:128806441:T>A"	136994	0.1333333333333333	0.5962732919254659	0.3841379310344828	0.4173280423280423	0.608739837398374	RAB7A exon 4	chr3:128806363:C>G;chr3:128806441:T>A	54:C>G ; 132:T>A	chr3:128806309-128806469:+	chr3:128806309-128806469:+	HMC3	HEK	0.608739837398374	0.1333333333333333	HEK	Exclusive Low	0.1333333333333333	
"ACADVL exon 3
chr17:7220467:G>T;chr17:7220545:G>T"	191554	0.13362823254909584	0.4027777777777778	0.40923187022900764	0.588285519125683	0.5546850015989766	ACADVL exon 3	chr17:7220467:G>T;chr17:7220545:G>T	78:G>T ; 156:G>T	chr17:7220389-7220549:+	chr17:7220389-7220549:+	MCF7	HEK	0.588285519125683	0.13362823254909584	HEK	Exclusive Low	0.13362823254909584	
"ACADVL exon 3
chr17:7220544:G>A"	31835	0.13980975165185688	0.49640125955915426	0.40808080808080804	0.5502259297879736	0.5662562277580072	ACADVL exon 3	chr17:7220544:G>A	155:G>A	chr17:7220389-7220549:+	chr17:7220389-7220549:+	HMC3	HEK	0.5662562277580072	0.13980975165185688	HEK	Exclusive Low	0.13980975165185688	
"TIMM44 exon 11
chr19:7928121:C>G;chr19:7928109:G>C"	202182	0.1454926624737945	0.4385245901639344	0.41540229885057467	0.4121787025703794	0.626600985221675	TIMM44 exon 11	chr19:7928121:C>G;chr19:7928109:G>C	96:G>C ; 108:C>G	chr19:7928057-7928217:-	chr19:7928057-7928217:-	HMC3	HEK	0.626600985221675	0.1454926624737945	HEK	Exclusive Low	0.1454926624737945	
"ERCC2 exon 3
chr19:45369143:T>G"	34905	0.148015873015873	0.5282738095238095	0.44325989102108504	0.4717806041335453	0.6737164871452158	ERCC2 exon 3	chr19:45369143:T>G	67:A>C	chr19:45369050-45369210:-	chr19:45369050-45369210:-	HMC3	HEK	0.6737164871452158	0.148015873015873	HEK	Exclusive Low	0.148015873015873	
"SLC26A4 exon 11
chr7:107694364:A>C;chr7:107694448:G>C"	154121	0.14956182029352755	0.5394736842105263	0.40577064545132546	0.532532863332599	0.5997417361197261	SLC26A4 exon 11	chr7:107694364:A>C;chr7:107694448:G>C	24:A>C ; 108:G>C	chr7:107694340-107694500:+	chr7:107694340-107694500:+	HMC3	HEK	0.5997417361197261	0.14956182029352755	HEK	Exclusive Low	0.14956182029352755	
"PDE6B exon 8
chr4:656298:T>G"	60354	0.14978229317851954	0.4109375	0.43220338983050843	0.5058139534883721	0.6696581196581197	PDE6B exon 8	chr4:656298:T>G	146:T>G	chr4:656152-656312:+	chr4:656152-656312:+	HMC3	HEK	0.6696581196581197	0.14978229317851954	HEK	Exclusive Low	0.14978229317851954	
"ERCC2 exon 3
chr19:45369200:C>G"	34735	0.15057510022104825	0.4436407474382158	0.4736786469344608	0.406891495601173	0.591347319912685	ERCC2 exon 3	chr19:45369200:C>G	10:G>C	chr19:45369050-45369210:-	chr19:45369050-45369210:-	HMC3	HEK	0.591347319912685	0.15057510022104825	HEK	Exclusive Low	0.15057510022104825	
"CACNA1C exon 31
chr12:2633650:A>T;chr12:2633728:C>A"	158166	0.15235104396537086	0.4477756286266924	0.5647233201581028	0.7117433414043584	0.6369162253249879	CACNA1C exon 31	chr12:2633650:A>T;chr12:2633728:C>A	78:A>T ; 156:C>A	chr12:2633572-2633732:+	chr12:2633572-2633732:+	MCF7	HEK	0.7117433414043584	0.15235104396537086	HEK	Exclusive Low	0.15235104396537086	
"DNM1L exon 5
chr12:32710924:T>A"	11102	0.15303320296246975	0.44184770682466534	0.5353263269451559	0.5013975155279503	0.41654443222099985	DNM1L exon 5	chr12:32710924:T>A	49:T>A	chr12:32710875-32711035:+	chr12:32710875-32711035:+	K562	HEK	0.5353263269451559	0.15303320296246975	HEK	Exclusive Low	0.15303320296246975	
"CLN3 exon 5
chr16:28488731:C>G;chr16:28488587:G>A"	204525	0.15341545352743555	0.5127118644067796	0.6264069264069264	0.4605263157894737	0.5617511520737327	CLN3 exon 5	chr16:28488731:C>G;chr16:28488587:G>A	0:G>C ; 144:C>T	chr16:28488571-28488731:-	chr16:28488571-28488731:-	K562	HEK	0.6264069264069264	0.15341545352743555	HEK	Exclusive Low	0.15341545352743555	
"ELN exon 13
chr7:74047624:A>G;chr7:74047690:C>A"	173811	0.1541057367829021	0.4052224371373307	0.40625	0.4369047619047619	0.49611166500498505	ELN exon 13	chr7:74047624:A>G;chr7:74047690:C>A	48:A>G ; 114:C>A	chr7:74047576-74047736:+	chr7:74047576-74047736:+	HMC3	HEK	0.49611166500498505	0.1541057367829021	HEK	Exclusive Low	0.1541057367829021	
"HMBS exon 6
chr11:119089656:C>A;chr11:119089776:G>T"	138209	0.1555851063829787	0.46255274261603374	0.4717557251908397	0.41938997821350754	0.600731484303566	HMBS exon 6	chr11:119089656:C>A;chr11:119089776:G>T	36:C>A ; 156:G>T	chr11:119089620-119089780:+	chr11:119089620-119089780:+	HMC3	HEK	0.600731484303566	0.1555851063829787	HEK	Exclusive Low	0.1555851063829787	
"DMD exon 71
chrX:31178006:A>G;chrX:31177994:T>A"	161051	0.1563888888888889	0.5876524390243902	0.4814169570267131	0.6889483065953654	0.6839285714285714	DMD exon 71	chrX:31178006:A>G;chrX:31177994:T>A	66:T>C ; 78:A>T	chrX:31177912-31178072:-	chrX:31177912-31178072:-	MCF7	HEK	0.6889483065953654	0.1563888888888889	HEK	Exclusive Low	0.1563888888888889	
"FANCA exon 38
chr16:89740872:A>T;chr16:89740836:T>G"	130775	0.15718283582089548	0.5046369899311076	0.4372722540343571	0.4766409266409266	0.532967032967033	FANCA exon 38	chr16:89740872:A>T;chr16:89740836:T>G	72:T>A ; 108:A>C	chr16:89740784-89740944:-	chr16:89740784-89740944:-	HMC3	HEK	0.532967032967033	0.15718283582089548	HEK	Exclusive Low	0.15718283582089548	
"MLC1 exon 4
chr22:50080412:G>C;chr22:50080358:T>C"	217126	0.15960451977401124	0.5013888888888889	0.4379210143970413	0.5428921568627451	0.4519690835480309	MLC1 exon 4	chr22:50080412:G>C;chr22:50080358:T>C	72:C>G ; 126:A>G	chr22:50080324-50080484:-	chr22:50080324-50080484:-	MCF7	HEK	0.5428921568627451	0.15960451977401124	HEK	Exclusive Low	0.15960451977401124	
"SLC26A4 exon 11
chr7:107694406:G>A;chr7:107694424:G>C"	153514	0.16162124107412243	0.5512820512820513	0.4276568501920614	0.45535714285714285	0.5781565656565657	SLC26A4 exon 11	chr7:107694406:G>A;chr7:107694424:G>C	66:G>A ; 84:G>C	chr7:107694340-107694500:+	chr7:107694340-107694500:+	HMC3	HEK	0.5781565656565657	0.16162124107412243	HEK	Exclusive Low	0.16162124107412243	
"CACNA1C exon 31
chr12:2633626:T>A"	9210	0.16361556064073224	0.5164835164835164	0.5638528138528138	0.7113372093023256	0.6159540611595407	CACNA1C exon 31	chr12:2633626:T>A	54:T>A	chr12:2633572-2633732:+	chr12:2633572-2633732:+	MCF7	HEK	0.7113372093023256	0.16361556064073224	HEK	Exclusive Low	0.16361556064073224	
"PDE6B exon 8
chr4:656230:C>T;chr4:656296:T>G"	195501	0.16406842795061038	0.5815523059617548	0.5290495508548247	0.4665730337078652	0.5407692307692308	PDE6B exon 8	chr4:656230:C>T;chr4:656296:T>G	78:C>T ; 144:T>G	chr4:656152-656312:+	chr4:656152-656312:+	HeLa	HEK	0.5815523059617548	0.16406842795061038	HEK	Exclusive Low	0.16406842795061038	
"ERCC2 exon 3
chr19:45369102:A>T;chr19:45369054:T>A"	239262	0.16531713900134945	0.4688644688644688	0.4506578947368421	0.4274193548387097	0.6278658255116172	ERCC2 exon 3	chr19:45369102:A>T;chr19:45369054:T>A	108:T>A ; 156:A>T	chr19:45369050-45369210:-	chr19:45369050-45369210:-	HMC3	HEK	0.6278658255116172	0.16531713900134945	HEK	Exclusive Low	0.16531713900134945	
"ACADVL exon 3
chr17:7220389:C>G;chr17:7220545:G>T"	191508	0.16950574267647434	0.5086206896551724	0.4694041867954911	0.6837355946944987	0.6195958995691576	ACADVL exon 3	chr17:7220389:C>G;chr17:7220545:G>T	0:C>G ; 156:G>T	chr17:7220389-7220549:+	chr17:7220389-7220549:+	MCF7	HEK	0.6837355946944987	0.16950574267647434	HEK	Exclusive Low	0.16950574267647434	
"CACNA1C exon 10
chr12:2547414:C>T"	8187	0.1730469511007208	0.6036204744069913	0.45217599234815875	0.5796610169491525	0.5659405357668531	CACNA1C exon 10	chr12:2547414:C>T	30:C>T	chr12:2547384-2547544:+	chr12:2547384-2547544:+	HeLa	HEK	0.6036204744069913	0.1730469511007208	HEK	Exclusive Low	0.1730469511007208	
"PDE6B exon 8
chr4:656302:T>G"	60366	0.1737588652482269	0.5967032967032967	0.45913043478260873	0.6696428571428572	0.6043478260869566	PDE6B exon 8	chr4:656302:T>G	150:T>G	chr4:656152-656312:+	chr4:656152-656312:+	MCF7	HEK	0.6696428571428572	0.1737588652482269	HEK	Exclusive Low	0.1737588652482269	
"ACADVL exon 3
chr17:7220478:G>A"	31642	0.17629262926292627	0.5460526315789473	0.5263157894736842	0.5877192982456141	0.5900070871722183	ACADVL exon 3	chr17:7220478:G>A	89:G>A	chr17:7220389-7220549:+	chr17:7220389-7220549:+	HMC3	HEK	0.5900070871722183	0.17629262926292627	HEK	Exclusive Low	0.17629262926292627	
"SHOX2 exon 2
chr3:158105186:G>A;chr3:158105126:C>G"	197691	0.176654490760636	0.4329268292682926	0.467652027027027	0.49577294685990336	0.6197067860005343	SHOX2 exon 2	chr3:158105186:G>A;chr3:158105126:C>G	12:C>T ; 72:G>C	chr3:158105038-158105198:-	chr3:158105038-158105198:-	HMC3	HEK	0.6197067860005343	0.176654490760636	HEK	Exclusive Low	0.176654490760636	
"DNM1L exon 15
chr12:32737920:C>A"	11780	0.17669172932330818	0.5019098548510313	0.4579713847726111	0.5921052631578947	0.7195592912312585	DNM1L exon 15	chr12:32737920:C>A	118:C>A	chr12:32737802-32737962:+	chr12:32737802-32737962:+	HMC3	HEK	0.7195592912312585	0.17669172932330818	HEK	Exclusive Low	0.17669172932330818	
"ACADVL exon 3
chr17:7220449:C>T;chr17:7220521:G>A"	191335	0.17750245664356096	0.549059929494712	0.45441988950276246	0.4858585858585859	0.5609313137917257	ACADVL exon 3	chr17:7220449:C>T;chr17:7220521:G>A	60:C>T ; 132:G>A	chr17:7220389-7220549:+	chr17:7220389-7220549:+	HMC3	HEK	0.5609313137917257	0.17750245664356096	HEK	Exclusive Low	0.17750245664356096	
"LMNA exon 10
chr1:156137615:T>C;chr1:156137747:A>C"	150910	0.17758767139910198	0.5960144927536233	0.5912162162162162	0.4662828947368421	0.6583688952110005	LMNA exon 10	chr1:156137615:T>C;chr1:156137747:A>C	12:T>C ; 144:A>C	chr1:156137603-156137763:+	chr1:156137603-156137763:+	HMC3	HEK	0.6583688952110005	0.17758767139910198	HEK	Exclusive Low	0.17758767139910198	
"IVD exon 2
chr15:40407651:G>C;chr15:40407681:A>G"	166133	0.1796383647798742	0.5358090185676392	0.4769736842105263	0.5053879310344828	0.6582491582491583	IVD exon 2	chr15:40407651:G>C;chr15:40407681:A>G	66:G>C ; 96:A>G	chr15:40407585-40407745:+	chr15:40407585-40407745:+	HMC3	HEK	0.6582491582491583	0.1796383647798742	HEK	Exclusive Low	0.1796383647798742	
"IVD exon 2
chr15:40407621:C>A;chr15:40407711:T>A"	166487	0.1802952801674029	0.5021159542953872	0.6297964330751216	0.43656938653960686	0.5713372305443917	IVD exon 2	chr15:40407621:C>A;chr15:40407711:T>A	36:C>A ; 126:T>A	chr15:40407585-40407745:+	chr15:40407585-40407745:+	K562	HEK	0.6297964330751216	0.1802952801674029	HEK	Exclusive Low	0.1802952801674029	
"PDE6B exon 8
chr4:656206:G>C;chr4:656254:A>G"	195581	0.18037851037851035	0.48148148148148145	0.451223665644918	0.5272342289719626	0.4802675810138496	PDE6B exon 8	chr4:656206:G>C;chr4:656254:A>G	54:G>C ; 102:A>G	chr4:656152-656312:+	chr4:656152-656312:+	MCF7	HEK	0.5272342289719626	0.18037851037851035	HEK	Exclusive Low	0.18037851037851035	
"ERCC2 exon 3
chr19:45369114:C>A;chr19:45369090:G>T"	239720	0.1809523809523809	0.4631578947368421	0.48890971571383945	0.5378787878787878	0.5084550865800865	ERCC2 exon 3	chr19:45369114:C>A;chr19:45369090:G>T	96:G>T ; 120:C>A	chr19:45369050-45369210:-	chr19:45369050-45369210:-	MCF7	HEK	0.5378787878787878	0.1809523809523809	HEK	Exclusive Low	0.1809523809523809	
"ACADVL exon 3
chr17:7220523:C>G"	31775	0.18144572717622076	0.5735294117647058	0.44512730465320455	0.6985294117647058	0.6572340813720123	ACADVL exon 3	chr17:7220523:C>G	134:C>G	chr17:7220389-7220549:+	chr17:7220389-7220549:+	MCF7	HEK	0.6985294117647058	0.18144572717622076	HEK	Exclusive Low	0.18144572717622076	
"ELN exon 13
chr7:74047610:C>G"	72854	0.1819444444444444	0.5689655172413793	0.4522144522144522	0.4666666666666667	0.5138888888888888	ELN exon 13	chr7:74047610:C>G	34:C>G	chr7:74047576-74047736:+	chr7:74047576-74047736:+	HeLa	HEK	0.5689655172413793	0.1819444444444444	HEK	Exclusive Low	0.1819444444444444	
"ACADVL exon 3
chr17:7220431:T>A;chr17:7220503:C>G"	192061	0.18243399722093553	0.5485294117647059	0.43651761517615173	0.4904798761609907	0.5994225066333698	ACADVL exon 3	chr17:7220431:T>A;chr17:7220503:C>G	42:T>A ; 114:C>G	chr17:7220389-7220549:+	chr17:7220389-7220549:+	HMC3	HEK	0.5994225066333698	0.18243399722093553	HEK	Exclusive Low	0.18243399722093553	
"PDE6B exon 8
chr4:656169:G>A"	59969	0.182758118537935	0.5396825396825398	0.45278637770897834	0.5614636935391653	0.5562580172255818	PDE6B exon 8	chr4:656169:G>A	17:G>A	chr4:656152-656312:+	chr4:656152-656312:+	MCF7	HEK	0.5614636935391653	0.182758118537935	HEK	Exclusive Low	0.182758118537935	
"DNM1L exon 15
chr12:32737892:C>G;chr12:32737910:T>A"	235545	0.18298094080121263	0.5789818658509941	0.5253463620515644	0.5068892916155855	0.7355811739100864	DNM1L exon 15	chr12:32737892:C>G;chr12:32737910:T>A	90:C>G ; 108:T>A	chr12:32737802-32737962:+	chr12:32737802-32737962:+	HMC3	HEK	0.7355811739100864	0.18298094080121263	HEK	Exclusive Low	0.18298094080121263	
"OCA2 exon 10
chr15:27990662:A>C;chr15:27990626:C>T"	176740	0.18298368298368295	0.6	0.5236486486486487	0.5123076923076924	0.7793548387096774	OCA2 exon 10	chr15:27990662:A>C;chr15:27990626:C>T	54:T>G ; 90:G>A	chr15:27990556-27990716:-	chr15:27990556-27990716:-	HMC3	HEK	0.7793548387096774	0.18298368298368295	HEK	Exclusive Low	0.18298368298368295	
"DNM1L exon 5
chr12:32710881:A>T;chr12:32710923:T>G"	137834	0.18545751633986923	0.7418918918918919	0.7580567580567581	0.7202380952380952	0.6542119565217391	DNM1L exon 5	chr12:32710881:A>T;chr12:32710923:T>G	6:A>T ; 48:T>G	chr12:32710875-32711035:+	chr12:32710875-32711035:+	K562	HEK	0.7580567580567581	0.18545751633986923	HEK	Exclusive Low	0.18545751633986923	
"ACADVL exon 3
chr17:7220473:G>T;chr17:7220533:G>A"	191664	0.1854838709677419	0.7005365526492286	0.5373287671232877	0.6811111111111111	0.7224310776942355	ACADVL exon 3	chr17:7220473:G>T;chr17:7220533:G>A	84:G>T ; 144:G>A	chr17:7220389-7220549:+	chr17:7220389-7220549:+	HMC3	HEK	0.7224310776942355	0.1854838709677419	HEK	Exclusive Low	0.1854838709677419	
"SLC26A4 exon 11
chr7:107694370:G>A;chr7:107694460:C>A"	154181	0.1855731728828175	0.5454545454545454	0.4362824675324675	0.5496589940323956	0.5364092906465787	SLC26A4 exon 11	chr7:107694370:G>A;chr7:107694460:C>A	30:G>A ; 120:C>A	chr7:107694340-107694500:+	chr7:107694340-107694500:+	MCF7	HEK	0.5496589940323956	0.1855731728828175	HEK	Exclusive Low	0.1855731728828175	
"ERCC2 exon 3
chr19:45369081:C>A"	35085	0.18621312748656654	0.4701582105837425	0.4819570472620257	0.4387145572320701	0.5836986214344705	ERCC2 exon 3	chr19:45369081:C>A	129:G>T	chr19:45369050-45369210:-	chr19:45369050-45369210:-	HMC3	HEK	0.5836986214344705	0.18621312748656654	HEK	Exclusive Low	0.18621312748656654	
"CACNA1C exon 10
chr12:2547420:T>G;chr12:2547492:T>C"	152007	0.1864894491641545	0.5666666666666667	0.4560996812518111	0.6270398481973435	0.5433368681512902	CACNA1C exon 10	chr12:2547420:T>G;chr12:2547492:T>C	36:T>G ; 108:T>C	chr12:2547384-2547544:+	chr12:2547384-2547544:+	MCF7	HEK	0.6270398481973435	0.1864894491641545	HEK	Exclusive Low	0.1864894491641545	
"ERCC2 exon 3
chr19:45369204:A>C;chr19:45369156:T>A"	239791	0.1875	0.6428571428571428	0.6014729950900164	0.5264550264550264	0.6428035982008995	ERCC2 exon 3	chr19:45369204:A>C;chr19:45369156:T>A	6:T>G ; 54:A>T	chr19:45369050-45369210:-	chr19:45369050-45369210:-	HeLa	HEK	0.6428571428571428	0.1875	HEK	Exclusive Low	0.1875	
"ACADVL exon 3
chr17:7220395:T>A;chr17:7220527:G>A"	192073	0.18867924528301885	0.5064516129032258	0.4928571428571429	0.7309941520467836	0.6959322033898305	ACADVL exon 3	chr17:7220395:T>A;chr17:7220527:G>A	6:T>A ; 138:G>A	chr17:7220389-7220549:+	chr17:7220389-7220549:+	MCF7	HEK	0.7309941520467836	0.18867924528301885	HEK	Exclusive Low	0.18867924528301885	
"RAB7A exon 4
chr3:128806351:T>A;chr3:128806411:G>A"	136748	0.188953488372093	0.6809116809116809	0.5440379403794038	0.4516129032258064	0.6785612025769506	RAB7A exon 4	chr3:128806351:T>A;chr3:128806411:G>A	42:T>A ; 102:G>A	chr3:128806309-128806469:+	chr3:128806309-128806469:+	HeLa	HEK	0.6809116809116809	0.188953488372093	HEK	Exclusive Low	0.188953488372093	
"ACADVL exon 3
chr17:7220516:A>G"	31754	0.1901856763925729	0.46008403361344535	0.44666666666666666	0.6434692671394799	0.6854043392504932	ACADVL exon 3	chr17:7220516:A>G	127:A>G	chr17:7220389-7220549:+	chr17:7220389-7220549:+	HMC3	HEK	0.6854043392504932	0.1901856763925729	HEK	Exclusive Low	0.1901856763925729	
"ACADVL exon 3
chr17:7220401:C>T;chr17:7220437:G>T"	191681	0.19126057776480884	0.5975460122699386	0.5691159465993902	0.67834008097166	0.6691489361702128	ACADVL exon 3	chr17:7220401:C>T;chr17:7220437:G>T	12:C>T ; 48:G>T	chr17:7220389-7220549:+	chr17:7220389-7220549:+	MCF7	HEK	0.67834008097166	0.19126057776480884	HEK	Exclusive Low	0.19126057776480884	
"TSEN2 exon 6
chr3:12505157:G>A;chr3:12505241:C>T"	178234	0.1923144720606381	0.5168643439584877	0.543560606060606	0.5719037060500475	0.4820017559262511	TSEN2 exon 6	chr3:12505157:G>A;chr3:12505241:C>T	66:G>A ; 150:C>T	chr3:12505091-12505251:+	chr3:12505091-12505251:+	MCF7	HEK	0.5719037060500475	0.1923144720606381	HEK	Exclusive Low	0.1923144720606381	
"ERCC2 exon 3
chr19:45369207:T>G"	34713	0.19236842105263152	0.4451476793248945	0.47162356321839083	0.45502645502645495	0.7148664343786295	ERCC2 exon 3	chr19:45369207:T>G	3:A>C	chr19:45369050-45369210:-	chr19:45369050-45369210:-	HMC3	HEK	0.7148664343786295	0.19236842105263152	HEK	Exclusive Low	0.19236842105263152	
"CACNA1C exon 31
chr12:2633584:A>G;chr12:2633596:T>C"	158807	0.1964285714285714	0.5667067307692307	0.4703917400546614	0.6622807017543859	0.5543902439024391	CACNA1C exon 31	chr12:2633584:A>G;chr12:2633596:T>C	12:A>G ; 24:T>C	chr12:2633572-2633732:+	chr12:2633572-2633732:+	MCF7	HEK	0.6622807017543859	0.1964285714285714	HEK	Exclusive Low	0.1964285714285714	
"SLC26A4 exon 11
chr7:107694406:G>C;chr7:107694424:G>A"	153631	0.1967343056436271	0.5605263157894738	0.45021236432279377	0.5429639804639805	0.6715023847376789	SLC26A4 exon 11	chr7:107694406:G>C;chr7:107694424:G>A	66:G>C ; 84:G>A	chr7:107694340-107694500:+	chr7:107694340-107694500:+	HMC3	HEK	0.6715023847376789	0.1967343056436271	HEK	Exclusive Low	0.1967343056436271	
"SCN5A exon 24
chr3:38557295:A>T"	56825	0.19734345351043642	0.6214887640449438	0.5659663865546218	0.5890464933018125	0.4525252525252525	SCN5A exon 24	chr3:38557295:A>T	76:T>A	chr3:38557211-38557371:-	chr3:38557211-38557371:-	HeLa	HEK	0.6214887640449438	0.19734345351043642	HEK	Exclusive Low	0.19734345351043642	
"ACADVL exon 3
chr17:7220437:G>T;chr17:7220443:G>C"	191494	0.19755130087141204	0.49584971603320227	0.5166277069642307	0.5957746478873239	0.7139129469242727	ACADVL exon 3	chr17:7220437:G>T;chr17:7220443:G>C	48:G>T ; 54:G>C	chr17:7220389-7220549:+	chr17:7220389-7220549:+	HMC3	HEK	0.7139129469242727	0.19755130087141204	HEK	Exclusive Low	0.19755130087141204	
"ERCC2 exon 3
chr19:45369074:T>G"	35103	0.1992843145607906	0.4744617982271	0.5700337298064974	0.5260416666666667	0.7134199134199134	ERCC2 exon 3	chr19:45369074:T>G	136:A>C	chr19:45369050-45369210:-	chr19:45369050-45369210:-	HMC3	HEK	0.7134199134199134	0.1992843145607906	HEK	Exclusive Low	0.1992843145607906	
"MUTYH exon 6
chr1:45332932:T>G;chr1:45332902:C>G"	187527	0.2003436426116838	0.624113475177305	0.4633036046079524	0.6023755656108598	0.7115081073324724	MUTYH exon 6	chr1:45332932:T>G;chr1:45332902:C>G	126:A>C ; 156:G>C	chr1:45332898-45333058:-	chr1:45332898-45333058:-	HMC3	HEK	0.7115081073324724	0.2003436426116838	HEK	Exclusive Low	0.2003436426116838	
"CACNA1C exon 31
chr12:2633596:T>G;chr12:2633644:C>A"	158691	0.2007036491572574	0.5791788856304985	0.5879084967320262	0.6760416666666667	0.6196741854636592	CACNA1C exon 31	chr12:2633596:T>G;chr12:2633644:C>A	24:T>G ; 72:C>A	chr12:2633572-2633732:+	chr12:2633572-2633732:+	MCF7	HEK	0.6760416666666667	0.2007036491572574	HEK	Exclusive Low	0.2007036491572574	
"DNM1L exon 5
chr12:32710905:A>G;chr12:32711001:C>A"	137412	0.2031778228532792	0.4877873563218391	0.5703648548026806	0.5957616953218712	0.557895063259737	DNM1L exon 5	chr12:32710905:A>G;chr12:32711001:C>A	30:A>G ; 126:C>A	chr12:32710875-32711035:+	chr12:32710875-32711035:+	MCF7	HEK	0.5957616953218712	0.2031778228532792	HEK	Exclusive Low	0.2031778228532792	
"CACNA1C exon 31
chr12:2633626:T>A;chr12:2633728:C>T"	158638	0.20353835978835977	0.5580200501253133	0.49134660976766237	0.786628733997155	0.5331297467440584	CACNA1C exon 31	chr12:2633626:T>A;chr12:2633728:C>T	54:T>A ; 156:C>T	chr12:2633572-2633732:+	chr12:2633572-2633732:+	MCF7	HEK	0.786628733997155	0.20353835978835977	HEK	Exclusive Low	0.20353835978835977	
"ERCC2 exon 3
NA"	34702	0.20517246514952933	0.484147148140353	0.4718472689264165	0.4665719156035506	0.6533751993620415	ERCC2 exon 3		none	chr19:45369050-45369210:-	chr19:45369050-45369210:-	HMC3	HEK	0.6533751993620415	0.20517246514952933	HEK	Exclusive Low	0.20517246514952933	
"UROS exon 3
chr10:125816269:A>T;chr10:125816215:A>T"	218927	0.20602150537634406	0.6037974683544304	0.638095238095238	0.5483695652173912	0.6055555555555556	UROS exon 3	chr10:125816269:A>T;chr10:125816215:A>T	48:T>A ; 102:T>A	chr10:125816157-125816317:-	chr10:125816157-125816317:-	K562	HEK	0.638095238095238	0.20602150537634406	HEK	Exclusive Low	0.20602150537634406	
"TTC8 exon 7
chr14:88843848:A>G;chr14:88843866:A>C"	168907	0.2077205882352941	0.4970338983050847	0.6546130952380953	0.5734355044699873	0.49090909090909085	TTC8 exon 7	chr14:88843848:A>G;chr14:88843866:A>C	138:A>G ; 156:A>C	chr14:88843710-88843870:+	chr14:88843710-88843870:+	K562	HEK	0.6546130952380953	0.2077205882352941	HEK	Exclusive Low	0.2077205882352941	
"ERCC2 exon 3
chr19:45369208:C>A"	34710	0.20811718034787913	0.5069444444444444	0.5373858216797348	0.4963942307692308	0.6452113104287018	ERCC2 exon 3	chr19:45369208:C>A	2:G>T	chr19:45369050-45369210:-	chr19:45369050-45369210:-	HMC3	HEK	0.6452113104287018	0.20811718034787913	HEK	Exclusive Low	0.20811718034787913	
"ACADVL exon 3
chr17:7220419:A>C;chr17:7220443:G>T"	191375	0.20852098720951176	0.71875	0.5337662337662338	0.6133333333333333	0.6036682615629985	ACADVL exon 3	chr17:7220419:A>C;chr17:7220443:G>T	30:A>C ; 54:G>T	chr17:7220389-7220549:+	chr17:7220389-7220549:+	HeLa	HEK	0.71875	0.20852098720951176	HEK	Exclusive Low	0.20852098720951176	
"IVD exon 2
chr15:40407739:T>C"	19006	0.20878249841471141	0.5101809954751131	0.6321401370906321	0.4861473272490222	0.6192450824029772	IVD exon 2	chr15:40407739:T>C	154:T>C	chr15:40407585-40407745:+	chr15:40407585-40407745:+	K562	HEK	0.6321401370906321	0.20878249841471141	HEK	Exclusive Low	0.20878249841471141	
"SPINT2 exon 3
chr19:38287873:C>A;chr19:38287903:G>T"	129940	0.20881410256410254	0.5599747474747474	0.47940110623688725	0.46887796887796884	0.49824306312855926	SPINT2 exon 3	chr19:38287873:C>A;chr19:38287903:G>T	78:C>A ; 108:G>T	chr19:38287795-38287955:+	chr19:38287795-38287955:+	HeLa	HEK	0.5599747474747474	0.20881410256410254	HEK	Exclusive Low	0.20881410256410254	
"CACNA1C exon 31
chr12:2633650:A>T"	9278	0.20907170023947036	0.6189878307900328	0.6347708894878705	0.6551358234295416	0.6162937948501478	CACNA1C exon 31	chr12:2633650:A>T	78:A>T	chr12:2633572-2633732:+	chr12:2633572-2633732:+	MCF7	HEK	0.6551358234295416	0.20907170023947036	HEK	Exclusive Low	0.20907170023947036	
"ERCC1 exon 8
chr19:45414012:A>C"	104927	0.20991561181434593	0.710576923076923	0.603030303030303	0.6346153846153846	0.6261160714285714	ERCC1 exon 8	chr19:45414012:A>C	91:T>G	chr19:45413943-45414103:-	chr19:45413943-45414103:-	HeLa	HEK	0.710576923076923	0.20991561181434593	HEK	Exclusive Low	0.20991561181434593	
"DNM1L exon 5
chr12:32710899:A>G;chr12:32710923:T>G"	137625	0.21173184357541897	0.5716240875912408	0.6613669590643274	0.6240348692403487	0.6438619804793109	DNM1L exon 5	chr12:32710899:A>G;chr12:32710923:T>G	24:A>G ; 48:T>G	chr12:32710875-32711035:+	chr12:32710875-32711035:+	K562	HEK	0.6613669590643274	0.21173184357541897	HEK	Exclusive Low	0.21173184357541897	
"SHOX2 exon 2
chr3:158105102:A>C;chr3:158105054:A>G"	197967	0.21210407239819	0.6967787114845938	0.6129943502824858	0.5208333333333333	0.6818918918918919	SHOX2 exon 2	chr3:158105102:A>C;chr3:158105054:A>G	96:T>G ; 144:T>C	chr3:158105038-158105198:-	chr3:158105038-158105198:-	HeLa	HEK	0.6967787114845938	0.21210407239819	HEK	Exclusive Low	0.21210407239819	
"ACADVL exon 3
chr17:7220509:A>T;chr17:7220545:G>A"	191781	0.21228887594641815	0.4877049180327868	0.5241733814948597	0.6815476190476191	0.7054035831246388	ACADVL exon 3	chr17:7220509:A>T;chr17:7220545:G>A	120:A>T ; 156:G>A	chr17:7220389-7220549:+	chr17:7220389-7220549:+	HMC3	HEK	0.7054035831246388	0.21228887594641815	HEK	Exclusive Low	0.21228887594641815	
"CACNA1C exon 31
chr12:2633614:C>G;chr12:2633698:C>G"	158503	0.21258376768428888	0.7055555555555556	0.5540979510244877	0.653639846743295	0.5829828987945052	CACNA1C exon 31	chr12:2633614:C>G;chr12:2633698:C>G	42:C>G ; 126:C>G	chr12:2633572-2633732:+	chr12:2633572-2633732:+	HeLa	HEK	0.7055555555555556	0.21258376768428888	HEK	Exclusive Low	0.21258376768428888	
"DNM1L exon 15
chr12:32737886:T>A;chr12:32737946:T>A"	235439	0.2137491141034727	0.4907407407407407	0.48793052693553135	0.5333333333333333	0.7931431201104464	DNM1L exon 15	chr12:32737886:T>A;chr12:32737946:T>A	84:T>A ; 144:T>A	chr12:32737802-32737962:+	chr12:32737802-32737962:+	HMC3	HEK	0.7931431201104464	0.2137491141034727	HEK	Exclusive Low	0.2137491141034727	
"ERCC2 exon 3
chr19:45369198:C>A"	34740	0.21432648401826485	0.489247311827957	0.52607821009764	0.49431818181818177	0.7187599307934042	ERCC2 exon 3	chr19:45369198:C>A	12:G>T	chr19:45369050-45369210:-	chr19:45369050-45369210:-	HMC3	HEK	0.7187599307934042	0.21432648401826485	HEK	Exclusive Low	0.21432648401826485	
"ERCC2 exon 3
chr19:45369060:C>G;chr19:45369054:T>C"	239652	0.21481930262105312	0.6094540755895337	0.505595238095238	0.5181245985870263	0.6855386967772289	ERCC2 exon 3	chr19:45369060:C>G;chr19:45369054:T>C	150:G>C ; 156:A>G	chr19:45369050-45369210:-	chr19:45369050-45369210:-	HMC3	HEK	0.6855386967772289	0.21481930262105312	HEK	Exclusive Low	0.21481930262105312	
"CLN3 exon 5
chr16:28488665:A>T"	24451	0.2150632911392405	0.5390577507598784	0.5226998309587056	0.6145833333333333	0.7067510548523206	CLN3 exon 5	chr16:28488665:A>T	66:T>A	chr16:28488571-28488731:-	chr16:28488571-28488731:-	HMC3	HEK	0.7067510548523206	0.2150632911392405	HEK	Exclusive Low	0.2150632911392405	
"DNM1L exon 15
chr12:32737898:T>G;chr12:32737958:T>G"	235859	0.21546678703076805	0.5856643356643356	0.5337792642140469	0.5441845354126056	0.6731161186414105	DNM1L exon 15	chr12:32737898:T>G;chr12:32737958:T>G	96:T>G ; 156:T>G	chr12:32737802-32737962:+	chr12:32737802-32737962:+	HMC3	HEK	0.6731161186414105	0.21546678703076805	HEK	Exclusive Low	0.21546678703076805	
"TNNT2 exon 4
chr1:201372052:G>C"	39834	0.21597619047619043	0.5654761904761905	0.5774484161580935	0.5371212121212121	0.6814611154752552	TNNT2 exon 4	chr1:201372052:G>C	115:C>G	chr1:201372007-201372167:-	chr1:201372007-201372167:-	HMC3	HEK	0.6814611154752552	0.21597619047619043	HEK	Exclusive Low	0.21597619047619043	
"CACNA1C exon 31
chr12:2633602:C>A;chr12:2633650:A>T"	158249	0.2168599834299917	0.7057416267942584	0.5037593984962405	0.5822041553748871	0.564910214895496	CACNA1C exon 31	chr12:2633602:C>A;chr12:2633650:A>T	30:C>A ; 78:A>T	chr12:2633572-2633732:+	chr12:2633572-2633732:+	HeLa	HEK	0.7057416267942584	0.2168599834299917	HEK	Exclusive Low	0.2168599834299917	
"ACADVL exon 3
chr17:7220389:C>G;chr17:7220443:G>T"	191413	0.2172623720062099	0.599025974025974	0.5700298836111984	0.5602810650887573	0.7127867615672494	ACADVL exon 3	chr17:7220389:C>G;chr17:7220443:G>T	0:C>G ; 54:G>T	chr17:7220389-7220549:+	chr17:7220389-7220549:+	HMC3	HEK	0.7127867615672494	0.2172623720062099	HEK	Exclusive Low	0.2172623720062099	
"ACADVL exon 3
chr17:7220537:G>T"	31815	0.21906354515050164	0.49754901960784315	0.47957839262187085	0.7071428571428571	0.70625	ACADVL exon 3	chr17:7220537:G>T	148:G>T	chr17:7220389-7220549:+	chr17:7220389-7220549:+	MCF7	HEK	0.7071428571428571	0.21906354515050164	HEK	Exclusive Low	0.21906354515050164	
"ERCC2 exon 3
chr19:45369197:G>T"	34742	0.21938405797101446	0.588023088023088	0.5761609636871508	0.49711399711399706	0.7330053908355796	ERCC2 exon 3	chr19:45369197:G>T	13:C>A	chr19:45369050-45369210:-	chr19:45369050-45369210:-	HMC3	HEK	0.7330053908355796	0.21938405797101446	HEK	Exclusive Low	0.21938405797101446	
"IVD exon 2
chr15:40407591:G>A;chr15:40407741:C>T"	165917	0.2202732919254658	0.4974025974025974	0.5747721623860812	0.4721272229822161	0.6086998179553511	IVD exon 2	chr15:40407591:G>A;chr15:40407741:C>T	6:G>A ; 156:C>T	chr15:40407585-40407745:+	chr15:40407585-40407745:+	HMC3	HEK	0.6086998179553511	0.2202732919254658	HEK	Exclusive Low	0.2202732919254658	
"DNM1L exon 15
chr12:32737946:T>A"	11856	0.22100424328147095	0.5952380952380952	0.5234983314794216	0.5505084745762712	0.7142300448139247	DNM1L exon 15	chr12:32737946:T>A	144:T>A	chr12:32737802-32737962:+	chr12:32737802-32737962:+	HMC3	HEK	0.7142300448139247	0.22100424328147095	HEK	Exclusive Low	0.22100424328147095	
"IVD exon 2
chr15:40407585:G>A;chr15:40407741:C>T"	166280	0.2249073387694588	0.6862348178137652	0.6363870303654142	0.5285714285714285	0.8213524215656411	IVD exon 2	chr15:40407585:G>A;chr15:40407741:C>T	0:G>A ; 156:C>T	chr15:40407585-40407745:+	chr15:40407585-40407745:+	HMC3	HEK	0.8213524215656411	0.2249073387694588	HEK	Exclusive Low	0.2249073387694588	
"PDE6B exon 8
chr4:656203:T>C"	60072	0.2250146411020294	0.6537753222836096	0.5067927091588362	0.5570175438596492	0.6261081845046896	PDE6B exon 8	chr4:656203:T>C	51:T>C	chr4:656152-656312:+	chr4:656152-656312:+	HeLa	HEK	0.6537753222836096	0.2250146411020294	HEK	Exclusive Low	0.2250146411020294	
"ERCC2 exon 3
chr19:45369207:T>A"	34712	0.22747747747747746	0.611304347826087	0.49540205303678353	0.5865775017912587	0.7223320158102766	ERCC2 exon 3	chr19:45369207:T>A	3:A>T	chr19:45369050-45369210:-	chr19:45369050-45369210:-	HMC3	HEK	0.7223320158102766	0.22747747747747746	HEK	Exclusive Low	0.22747747747747746	
"ACADVL exon 3
chr17:7220527:G>T"	31785	0.22820300485034894	0.5116279069767442	0.5176470588235293	0.677801724137931	0.6546703296703297	ACADVL exon 3	chr17:7220527:G>T	138:G>T	chr17:7220389-7220549:+	chr17:7220389-7220549:+	MCF7	HEK	0.677801724137931	0.22820300485034894	HEK	Exclusive Low	0.22820300485034894	
"GIT2 exon 16
chr12:109945336:G>T"	99242	0.22843748577670558	0.5614529393847092	0.520232687494206	0.4923844537815126	0.7740198856318582	GIT2 exon 16	chr12:109945336:G>T	64:C>A	chr12:109945240-109945400:-	chr12:109945240-109945400:-	HMC3	HEK	0.7740198856318582	0.22843748577670558	HEK	Exclusive Low	0.22843748577670558	
"RAB7A exon 4
chr3:128806351:T>A;chr3:128806369:C>T"	136715	0.22850678733031674	0.6699999999999999	0.5892857142857143	0.5542763157894737	0.7309523809523809	RAB7A exon 4	chr3:128806351:T>A;chr3:128806369:C>T	42:T>A ; 60:C>T	chr3:128806309-128806469:+	chr3:128806309-128806469:+	HMC3	HEK	0.7309523809523809	0.22850678733031674	HEK	Exclusive Low	0.22850678733031674	
"IVD exon 2
chr15:40407626:C>T"	18677	0.231355252606255	0.5335497835497836	0.5738235294117647	0.49650349650349646	0.6177959791511541	IVD exon 2	chr15:40407626:C>T	41:C>T	chr15:40407585-40407745:+	chr15:40407585-40407745:+	HMC3	HEK	0.6177959791511541	0.231355252606255	HEK	Exclusive Low	0.231355252606255	
"RAB7A exon 4
chr3:128806411:G>A;chr3:128806417:G>T"	136930	0.23225806451612901	0.8066971080669711	0.6437844855566375	0.55	0.8295833333333333	RAB7A exon 4	chr3:128806411:G>A;chr3:128806417:G>T	102:G>A ; 108:G>T	chr3:128806309-128806469:+	chr3:128806309-128806469:+	HMC3	HEK	0.8295833333333333	0.23225806451612901	HEK	Exclusive Low	0.23225806451612901	
"DRD2 exon 6
chr11:113414479:A>T;chr11:113414425:T>C"	110386	0.23298637685596205	0.6676125244618396	0.5989316239316239	0.8377578304048892	0.6687116564417178	DRD2 exon 6	chr11:113414479:A>T;chr11:113414425:T>C	36:T>A ; 90:A>G	chr11:113414355-113414515:-	chr11:113414355-113414515:-	MCF7	HEK	0.8377578304048892	0.23298637685596205	HEK	Exclusive Low	0.23298637685596205	
"ERCC2 exon 3
chr19:45369210:G>T;chr19:45369180:G>C"	239284	0.23479014247208313	0.5145721372467962	0.5611940298507463	0.5009615384615385	0.6939799331103679	ERCC2 exon 3	chr19:45369210:G>T;chr19:45369180:G>C	0:C>A ; 30:C>G	chr19:45369050-45369210:-	chr19:45369050-45369210:-	HMC3	HEK	0.6939799331103679	0.23479014247208313	HEK	Exclusive Low	0.23479014247208313	
"PDE6B exon 8
chr4:656194:A>G;chr4:656302:T>G"	195796	0.2350037257824143	0.7096399535423925	0.4939896036387264	0.6236842105263158	0.6340895581533584	PDE6B exon 8	chr4:656194:A>G;chr4:656302:T>G	42:A>G ; 150:T>G	chr4:656152-656312:+	chr4:656152-656312:+	HeLa	HEK	0.7096399535423925	0.2350037257824143	HEK	Exclusive Low	0.2350037257824143	
"PDE6B exon 8
chr4:656158:G>C;chr4:656308:T>G"	195447	0.23558742851829464	0.5997846374730798	0.4900256764763974	0.5604149291075897	0.6472418358340688	PDE6B exon 8	chr4:656158:G>C;chr4:656308:T>G	6:G>C ; 156:T>G	chr4:656152-656312:+	chr4:656152-656312:+	HMC3	HEK	0.6472418358340688	0.23558742851829464	HEK	Exclusive Low	0.23558742851829464	
"ERCC2 exon 3
chr19:45369210:G>C;chr19:45369174:C>G"	239387	0.235896164021164	0.6310975609756098	0.6394151712304282	0.557297499066816	0.6727378576180971	ERCC2 exon 3	chr19:45369210:G>C;chr19:45369174:C>G	0:C>G ; 36:G>C	chr19:45369050-45369210:-	chr19:45369050-45369210:-	HMC3	HEK	0.6727378576180971	0.235896164021164	HEK	Exclusive Low	0.235896164021164	
"IVD exon 2
chr15:40407587:T>A"	18559	0.23642699926632424	0.5668202764976958	0.6736596736596736	0.6	0.7466666666666666	IVD exon 2	chr15:40407587:T>A	2:T>A	chr15:40407585-40407745:+	chr15:40407585-40407745:+	HMC3	HEK	0.7466666666666666	0.23642699926632424	HEK	Exclusive Low	0.23642699926632424	
"CACNA1C exon 10
chr12:2547471:T>G"	8357	0.23688063063063058	0.6931864545083639	0.5302083333333334	0.6110591536123451	0.6737277353689568	CACNA1C exon 10	chr12:2547471:T>G	87:T>G	chr12:2547384-2547544:+	chr12:2547384-2547544:+	HeLa	HEK	0.6931864545083639	0.23688063063063058	HEK	Exclusive Low	0.23688063063063058	
"TNNT2 exon 4
chr1:201372059:C>A"	39812	0.23727364913805585	0.6658762420957542	0.5501609750488674	0.5303780964797914	0.5364075228804184	TNNT2 exon 4	chr1:201372059:C>A	108:G>T	chr1:201372007-201372167:-	chr1:201372007-201372167:-	HeLa	HEK	0.6658762420957542	0.23727364913805585	HEK	Exclusive Low	0.23727364913805585	
"RAB7A exon 4
chr3:128806345:A>G;chr3:128806351:T>A"	136972	0.23738149578651685	0.718984962406015	0.4951923076923077	0.5073312883435582	0.720865704772475	RAB7A exon 4	chr3:128806345:A>G;chr3:128806351:T>A	36:A>G ; 42:T>A	chr3:128806309-128806469:+	chr3:128806309-128806469:+	HMC3	HEK	0.720865704772475	0.23738149578651685	HEK	Exclusive Low	0.23738149578651685	
"PDE6B exon 8
chr4:656212:T>A;chr4:656230:C>T"	195453	0.23846925133689834	0.525735294117647	0.49164692945356114	0.5661654135338345	0.6356603313840157	PDE6B exon 8	chr4:656212:T>A;chr4:656230:C>T	60:T>A ; 78:C>T	chr4:656152-656312:+	chr4:656152-656312:+	HMC3	HEK	0.6356603313840157	0.23846925133689834	HEK	Exclusive Low	0.23846925133689834	
"ERCC2 exon 3
chr19:45369144:G>T;chr19:45369078:A>T"	239743	0.239490235021516	0.6903846153846154	0.5961538461538461	0.5192307692307692	0.6802884615384616	ERCC2 exon 3	chr19:45369144:G>T;chr19:45369078:A>T	66:C>A ; 132:T>A	chr19:45369050-45369210:-	chr19:45369050-45369210:-	HeLa	HEK	0.6903846153846154	0.239490235021516	HEK	Exclusive Low	0.239490235021516	
"UROS exon 3
chr10:125816271:A>C"	1098	0.2398040254237288	0.6491841491841492	0.6021825396825397	0.5711206896551724	0.5664257228315055	UROS exon 3	chr10:125816271:A>C	46:T>G	chr10:125816157-125816317:-	chr10:125816157-125816317:-	HeLa	HEK	0.6491841491841492	0.2398040254237288	HEK	Exclusive Low	0.2398040254237288	
"SLC26A4 exon 11
chr7:107694340:A>G;chr7:107694448:G>C"	153540	0.23998428908091118	0.7150000000000001	0.6395278450363195	0.7679738562091503	0.8705373241976199	SLC26A4 exon 11	chr7:107694340:A>G;chr7:107694448:G>C	0:A>G ; 108:G>C	chr7:107694340-107694500:+	chr7:107694340-107694500:+	HMC3	HEK	0.8705373241976199	0.23998428908091118	HEK	Exclusive Low	0.23998428908091118	
"PDE6B exon 8
chr4:656260:A>C;chr4:656284:A>G"	195406	0.24027804783200465	0.567886282508924	0.517432523441952	0.6074647887323944	0.6219838410306802	PDE6B exon 8	chr4:656260:A>C;chr4:656284:A>G	108:A>C ; 132:A>G	chr4:656152-656312:+	chr4:656152-656312:+	HMC3	HEK	0.6219838410306802	0.24027804783200465	HEK	Exclusive Low	0.24027804783200465	
"DNM1L exon 5
chr12:32710911:T>A;chr12:32710923:T>A"	137536	0.2421558704453441	0.6062335381913959	0.7549342105263158	0.5509355509355509	0.6095149569038364	DNM1L exon 5	chr12:32710911:T>A;chr12:32710923:T>A	36:T>A ; 48:T>A	chr12:32710875-32711035:+	chr12:32710875-32711035:+	K562	HEK	0.7549342105263158	0.2421558704453441	HEK	Exclusive Low	0.2421558704453441	
"DNM1L exon 5
chr12:32710875:T>C;chr12:32710923:T>G"	137329	0.2428087545596665	0.5331541218637993	0.6427272727272727	0.6488095238095237	0.6974012474012474	DNM1L exon 5	chr12:32710875:T>C;chr12:32710923:T>G	0:T>C ; 48:T>G	chr12:32710875-32711035:+	chr12:32710875-32711035:+	HMC3	HEK	0.6974012474012474	0.2428087545596665	HEK	Exclusive Low	0.2428087545596665	
"PDE6B exon 8
chr4:656241:T>A"	60185	0.24389771406431615	0.5303571428571429	0.5656565656565656	0.6835686777920411	0.7676128590971272	PDE6B exon 8	chr4:656241:T>A	89:T>A	chr4:656152-656312:+	chr4:656152-656312:+	HMC3	HEK	0.7676128590971272	0.24389771406431615	HEK	Exclusive Low	0.24389771406431615	
"TNNT2 exon 5
chr1:201369882:G>A"	39230	0.24442219679633864	0.6148484848484849	0.5261212219694508	0.7582520630157539	0.6470013037809648	TNNT2 exon 5	chr1:201369882:G>A	74:C>T	chr1:201369796-201369956:-	chr1:201369796-201369956:-	MCF7	HEK	0.7582520630157539	0.24442219679633864	HEK	Exclusive Low	0.24442219679633864	
"DNM1L exon 15
chr12:32737901:C>G"	11726	0.24448529411764705	0.5992907801418439	0.6472934472934473	0.5599117863268807	0.7342244473833366	DNM1L exon 15	chr12:32737901:C>G	99:C>G	chr12:32737802-32737962:+	chr12:32737802-32737962:+	HMC3	HEK	0.7342244473833366	0.24448529411764705	HEK	Exclusive Low	0.24448529411764705	
"HERPUD1 exon 3
chr16:56935446:C>G"	101968	0.24553571428571425	0.5465686274509804	0.5541666666666667	0.7416666666666667	0.538888888888889	HERPUD1 exon 3	chr16:56935446:C>G	111:C>G	chr16:56935335-56935495:+	chr16:56935335-56935495:+	MCF7	HEK	0.7416666666666667	0.24553571428571425	HEK	Exclusive Low	0.24553571428571425	
"IVD exon 2
chr15:40407721:T>G"	18954	0.24652287845192494	0.6044207317073171	0.7283001808318263	0.5284552845528455	0.7825059101654847	IVD exon 2	chr15:40407721:T>G	136:T>G	chr15:40407585-40407745:+	chr15:40407585-40407745:+	HMC3	HEK	0.7825059101654847	0.24652287845192494	HEK	Exclusive Low	0.24652287845192494	
"PDE6B exon 8
chr4:656194:A>C;chr4:656290:C>A"	195564	0.2478806075591663	0.6329201101928374	0.5259655808607808	0.6843949044585986	0.6705190116742463	PDE6B exon 8	chr4:656194:A>C;chr4:656290:C>A	42:A>C ; 138:C>A	chr4:656152-656312:+	chr4:656152-656312:+	MCF7	HEK	0.6843949044585986	0.2478806075591663	HEK	Exclusive Low	0.2478806075591663	
"ERCC2 exon 3
chr19:45369204:A>C;chr19:45369102:A>G"	239994	0.24903956972723773	0.5389676113360324	0.5729166666666667	0.5160329821346771	0.7591575091575091	ERCC2 exon 3	chr19:45369204:A>C;chr19:45369102:A>G	6:T>G ; 108:T>C	chr19:45369050-45369210:-	chr19:45369050-45369210:-	HMC3	HEK	0.7591575091575091	0.24903956972723773	HEK	Exclusive Low	0.24903956972723773	
"CACNA1C exon 10
chr12:2547436:C>T"	8253	0.2496598639455782	0.6087369420702754	0.5797872340425532	0.5686274509803921	0.6878360215053764	CACNA1C exon 10	chr12:2547436:C>T	52:C>T	chr12:2547384-2547544:+	chr12:2547384-2547544:+	HMC3	HEK	0.6878360215053764	0.2496598639455782	HEK	Exclusive Low	0.2496598639455782	
"ACADVL exon 3
chr17:7220389:C>G;chr17:7220437:G>T"	191527	0.24968614350157453	0.6218853399959484	0.508052846807172	0.566036156678942	0.7538556580359175	ACADVL exon 3	chr17:7220389:C>G;chr17:7220437:G>T	0:C>G ; 48:G>T	chr17:7220389-7220549:+	chr17:7220389-7220549:+	HMC3	HEK	0.7538556580359175	0.24968614350157453	HEK	Exclusive Low	0.24968614350157453	
"ACADVL exon 3
chr17:7220491:C>G"	31681	0.2508425613866153	0.675	0.629472999349382	0.6467331118493909	0.7218518518518519	ACADVL exon 3	chr17:7220491:C>G	102:C>G	chr17:7220389-7220549:+	chr17:7220389-7220549:+	HMC3	HEK	0.7218518518518519	0.2508425613866153	HEK	Exclusive Low	0.2508425613866153	
"TSEN2 exon 6
chr3:12505145:T>C;chr3:12505193:T>A"	178520	0.2514485422606456	0.7547600913937548	0.5681818181818181	0.5153774464119292	0.527599715099715	TSEN2 exon 6	chr3:12505145:T>C;chr3:12505193:T>A	54:T>C ; 102:T>A	chr3:12505091-12505251:+	chr3:12505091-12505251:+	HeLa	HEK	0.7547600913937548	0.2514485422606456	HEK	Exclusive Low	0.2514485422606456	
"ERCC2 exon 3
chr19:45369141:C>G"	34911	0.2532020872865275	0.5148221343873518	0.6626582278481012	0.5897435897435898	0.7566308992939428	ERCC2 exon 3	chr19:45369141:C>G	69:G>C	chr19:45369050-45369210:-	chr19:45369050-45369210:-	HMC3	HEK	0.7566308992939428	0.2532020872865275	HEK	Exclusive Low	0.2532020872865275	
"MLC1 exon 4
chr22:50080408:A>G"	46369	0.2547748582011807	0.6186025408348458	0.5173379363252781	0.7811671087533156	0.7038610521054605	MLC1 exon 4	chr22:50080408:A>G	76:T>C	chr22:50080324-50080484:-	chr22:50080324-50080484:-	MCF7	HEK	0.7811671087533156	0.2547748582011807	HEK	Exclusive Low	0.2547748582011807	
"PAX5 exon 9
chr9:36846971:A>T;chr9:36846839:T>G"	123230	0.25611510791366904	0.6587519122896481	0.6841446500456683	0.5548611111111111	0.6951055073986516	PAX5 exon 9	chr9:36846971:A>T;chr9:36846839:T>G	12:T>A ; 144:A>C	chr9:36846823-36846983:-	chr9:36846823-36846983:-	HMC3	HEK	0.6951055073986516	0.25611510791366904	HEK	Exclusive Low	0.25611510791366904	
"SLC26A4 exon 11
chr7:107694400:C>T;chr7:107694490:T>A"	153808	0.25852272727272724	0.5959383753501402	0.5186335403726707	0.6416666666666666	0.7900943396226415	SLC26A4 exon 11	chr7:107694400:C>T;chr7:107694490:T>A	60:C>T ; 150:T>A	chr7:107694340-107694500:+	chr7:107694340-107694500:+	HMC3	HEK	0.7900943396226415	0.25852272727272724	HEK	Exclusive Low	0.25852272727272724	
"SLC26A4 exon 11
chr7:107694382:T>C;chr7:107694430:G>A"	153782	0.2590793918918919	0.5972222222222222	0.56	0.7	0.6666666666666666	SLC26A4 exon 11	chr7:107694382:T>C;chr7:107694430:G>A	42:T>C ; 90:G>A	chr7:107694340-107694500:+	chr7:107694340-107694500:+	MCF7	HEK	0.7	0.2590793918918919	HEK	Exclusive Low	0.2590793918918919	
"PDE6B exon 8
chr4:656188:G>T;chr4:656302:T>G"	195649	0.2595124174071542	0.5252643948296122	0.5485772357723577	0.6433353621424224	0.711145038167939	PDE6B exon 8	chr4:656188:G>T;chr4:656302:T>G	36:G>T ; 150:T>G	chr4:656152-656312:+	chr4:656152-656312:+	HMC3	HEK	0.711145038167939	0.2595124174071542	HEK	Exclusive Low	0.2595124174071542	
"DNM1L exon 15
chr12:32737808:C>G;chr12:32737946:T>A"	235578	0.259706174183017	0.6545682102628285	0.5549495500409053	0.6224068835454974	0.7589253479882867	DNM1L exon 15	chr12:32737808:C>G;chr12:32737946:T>A	6:C>G ; 144:T>A	chr12:32737802-32737962:+	chr12:32737802-32737962:+	HMC3	HEK	0.7589253479882867	0.259706174183017	HEK	Exclusive Low	0.259706174183017	
"ERCC2 exon 3
chr19:45369146:C>G"	34897	0.26028806584362135	0.5644868934746236	0.6291322314049587	0.5529753265602322	0.7886339506901027	ERCC2 exon 3	chr19:45369146:C>G	64:G>C	chr19:45369050-45369210:-	chr19:45369050-45369210:-	HMC3	HEK	0.7886339506901027	0.26028806584362135	HEK	Exclusive Low	0.26028806584362135	
"PDE6B exon 8
chr4:656195:A>C"	60048	0.2603994652826924	0.6259222823413675	0.5395518587676116	0.732923832923833	0.6744444444444444	PDE6B exon 8	chr4:656195:A>C	43:A>C	chr4:656152-656312:+	chr4:656152-656312:+	MCF7	HEK	0.732923832923833	0.2603994652826924	HEK	Exclusive Low	0.2603994652826924	
"IVD exon 2
chr15:40407600:G>A"	18598	0.2620738636363636	0.6628787878787878	0.7642857142857142	0.6298245614035087	0.7969924812030075	IVD exon 2	chr15:40407600:G>A	15:G>A	chr15:40407585-40407745:+	chr15:40407585-40407745:+	HMC3	HEK	0.7969924812030075	0.2620738636363636	HEK	Exclusive Low	0.2620738636363636	
"ACADVL exon 3
chr17:7220431:T>G;chr17:7220443:G>T"	191452	0.2623524623524623	0.6922043010752688	0.5606901544401545	0.594187675070028	0.6936994465730097	ACADVL exon 3	chr17:7220431:T>G;chr17:7220443:G>T	42:T>G ; 54:G>T	chr17:7220389-7220549:+	chr17:7220389-7220549:+	HMC3	HEK	0.6936994465730097	0.2623524623524623	HEK	Exclusive Low	0.2623524623524623	
"CACNA1C exon 31
chr12:2633690:A>C"	9399	0.26335174953959484	0.6682983682983683	0.6987380802832182	0.752051282051282	0.6686335027838295	CACNA1C exon 31	chr12:2633690:A>C	118:A>C	chr12:2633572-2633732:+	chr12:2633572-2633732:+	MCF7	HEK	0.752051282051282	0.26335174953959484	HEK	Exclusive Low	0.26335174953959484	
"CLN3 exon 5
chr16:28488707:A>T;chr16:28488665:A>T"	204786	0.2636516853932584	0.5264423076923077	0.5268065268065267	0.6777777777777778	0.7235772357723578	CLN3 exon 5	chr16:28488707:A>T;chr16:28488665:A>T	24:T>A ; 66:T>A	chr16:28488571-28488731:-	chr16:28488571-28488731:-	HMC3	HEK	0.7235772357723578	0.2636516853932584	HEK	Exclusive Low	0.2636516853932584	
"IVD exon 2
chr15:40407740:C>G"	19010	0.2638010350776308	0.7562500000000001	0.7115600448933783	0.5606060606060606	0.6863968350578211	IVD exon 2	chr15:40407740:C>G	155:C>G	chr15:40407585-40407745:+	chr15:40407585-40407745:+	HeLa	HEK	0.7562500000000001	0.2638010350776308	HEK	Exclusive Low	0.2638010350776308	
"PDE6B exon 8
chr4:656200:C>T"	60063	0.26449088407292737	0.6479418886198547	0.5360064109649607	0.6697888789771038	0.6461669144191973	PDE6B exon 8	chr4:656200:C>T	48:C>T	chr4:656152-656312:+	chr4:656152-656312:+	MCF7	HEK	0.6697888789771038	0.26449088407292737	HEK	Exclusive Low	0.26449088407292737	
"DNM1L exon 5
chr12:32710917:A>G;chr12:32710935:A>G"	137820	0.26454545454545453	0.7596153846153846	0.7777777777777778	0.7297872340425532	0.7086148648648649	DNM1L exon 5	chr12:32710917:A>G;chr12:32710935:A>G	42:A>G ; 60:A>G	chr12:32710875-32711035:+	chr12:32710875-32711035:+	K562	HEK	0.7777777777777778	0.26454545454545453	HEK	Exclusive Low	0.26454545454545453	
"PDE6B exon 8
chr4:656164:C>G"	59956	0.26490461049284575	0.5630630630630631	0.5622683469236471	0.6382113821138211	0.7298713235294118	PDE6B exon 8	chr4:656164:C>G	12:C>G	chr4:656152-656312:+	chr4:656152-656312:+	HMC3	HEK	0.7298713235294118	0.26490461049284575	HEK	Exclusive Low	0.26490461049284575	
"PDE6B exon 8
chr4:656154:A>G"	59926	0.2651465080414188	0.6642164529246168	0.5277389044382247	0.6807065217391304	0.6845238095238095	PDE6B exon 8	chr4:656154:A>G	2:A>G	chr4:656152-656312:+	chr4:656152-656312:+	HMC3	HEK	0.6845238095238095	0.2651465080414188	HEK	Exclusive Low	0.2651465080414188	
"SLC26A4 exon 11
chr7:107694371:A>C"	69029	0.2652329749103942	0.6416666666666666	0.5660485347985348	0.6987179487179487	0.7707142857142857	SLC26A4 exon 11	chr7:107694371:A>C	31:A>C	chr7:107694340-107694500:+	chr7:107694340-107694500:+	HMC3	HEK	0.7707142857142857	0.2652329749103942	HEK	Exclusive Low	0.2652329749103942	
"ACADVL exon 3
chr17:7220479:T>G;chr17:7220485:T>C"	191849	0.26558287855874807	0.7222366372599895	0.6648874136538979	0.6209439528023599	0.765084485407066	ACADVL exon 3	chr17:7220479:T>G;chr17:7220485:T>C	90:T>G ; 96:T>C	chr17:7220389-7220549:+	chr17:7220389-7220549:+	HMC3	HEK	0.765084485407066	0.26558287855874807	HEK	Exclusive Low	0.26558287855874807	
"IVD exon 2
chr15:40407585:G>T"	18554	0.2679313929313929	0.60479375696767	0.6333333333333333	0.6257763975155279	0.6801321138211383	IVD exon 2	chr15:40407585:G>T	0:G>T	chr15:40407585-40407745:+	chr15:40407585-40407745:+	HMC3	HEK	0.6801321138211383	0.2679313929313929	HEK	Exclusive Low	0.2679313929313929	
"PDE6B exon 8
chr4:656190:T>A"	60032	0.26804541768045415	0.6607142857142857	0.5551136363636364	0.6562358276643991	0.7421568627450981	PDE6B exon 8	chr4:656190:T>A	38:T>A	chr4:656152-656312:+	chr4:656152-656312:+	HMC3	HEK	0.7421568627450981	0.26804541768045415	HEK	Exclusive Low	0.26804541768045415	
"DMD exon 71
chrX:31178066:T>C;chrX:31177994:T>A"	160477	0.2683150183150183	0.5841836734693877	0.6430860805860805	0.8297685834502104	0.6644478782836087	DMD exon 71	chrX:31178066:T>C;chrX:31177994:T>A	6:A>G ; 78:A>T	chrX:31177912-31178072:-	chrX:31177912-31178072:-	MCF7	HEK	0.8297685834502104	0.2683150183150183	HEK	Exclusive Low	0.2683150183150183	
"SLC26A4 exon 11
chr7:107694388:G>A;chr7:107694448:G>T"	153517	0.2685792675653107	0.7043478260869566	0.5415584415584416	0.5271646859083192	0.6978354978354978	SLC26A4 exon 11	chr7:107694388:G>A;chr7:107694448:G>T	48:G>A ; 108:G>T	chr7:107694340-107694500:+	chr7:107694340-107694500:+	HeLa	HEK	0.7043478260869566	0.2685792675653107	HEK	Exclusive Low	0.2685792675653107	
"SLC26A4 exon 11
chr7:107694372:A>G"	69033	0.26948051948051943	0.5809701492537314	0.5551859099804305	0.6322115384615385	0.7592263792010145	SLC26A4 exon 11	chr7:107694372:A>G	32:A>G	chr7:107694340-107694500:+	chr7:107694340-107694500:+	HMC3	HEK	0.7592263792010145	0.26948051948051943	HEK	Exclusive Low	0.26948051948051943	
"BCKDHA exon 3
chr19:41410943:G>T"	34451	0.2700983227299016	0.6026785714285714	0.5300462249614792	0.6556064073226544	0.703048780487805	BCKDHA exon 3	chr19:41410943:G>T	74:G>T	chr19:41410869-41411029:+	chr19:41410869-41411029:+	HMC3	HEK	0.703048780487805	0.2700983227299016	HEK	Exclusive Low	0.2700983227299016	
"ACADVL exon 3
chr17:7220521:G>A;chr17:7220533:G>T"	192007	0.2702213279678068	0.736764705882353	0.555946953999171	0.791304347826087	0.7566840277777778	ACADVL exon 3	chr17:7220521:G>A;chr17:7220533:G>T	132:G>A ; 144:G>T	chr17:7220389-7220549:+	chr17:7220389-7220549:+	MCF7	HEK	0.791304347826087	0.2702213279678068	HEK	Exclusive Low	0.2702213279678068	
"DRD2 exon 6
chr11:113414485:G>T;chr11:113414467:G>T"	110912	0.2702494356037663	0.6493596182822703	0.5248677248677248	0.7881083015267176	0.6657340355497038	DRD2 exon 6	chr11:113414485:G>T;chr11:113414467:G>T	30:C>A ; 48:C>A	chr11:113414355-113414515:-	chr11:113414355-113414515:-	MCF7	HEK	0.7881083015267176	0.2702494356037663	HEK	Exclusive Low	0.2702494356037663	
"PDE6B exon 8
chr4:656158:G>C;chr4:656170:G>T"	195668	0.2704991087344028	0.6612517916865743	0.5521096285611251	0.715561224489796	0.7872702518720218	PDE6B exon 8	chr4:656158:G>C;chr4:656170:G>T	6:G>C ; 18:G>T	chr4:656152-656312:+	chr4:656152-656312:+	HMC3	HEK	0.7872702518720218	0.2704991087344028	HEK	Exclusive Low	0.2704991087344028	
"SLC26A4 exon 11
chr7:107694405:T>G"	69132	0.2705128205128205	0.681081081081081	0.526267110617832	0.635834109972041	0.7099029680365296	SLC26A4 exon 11	chr7:107694405:T>G	65:T>G	chr7:107694340-107694500:+	chr7:107694340-107694500:+	HMC3	HEK	0.7099029680365296	0.2705128205128205	HEK	Exclusive Low	0.2705128205128205	
"PDE6B exon 8
chr4:656206:G>T;chr4:656212:T>G"	195356	0.27051936729356085	0.6101973684210527	0.5562865082515738	0.6656746031746033	0.677958127499412	PDE6B exon 8	chr4:656206:G>T;chr4:656212:T>G	54:G>T ; 60:T>G	chr4:656152-656312:+	chr4:656152-656312:+	HMC3	HEK	0.677958127499412	0.27051936729356085	HEK	Exclusive Low	0.27051936729356085	
"PDE6B exon 8
chr4:656261:A>G"	60246	0.27182667525773196	0.6445409429280398	0.5438432835820896	0.641025641025641	0.6018610834164174	PDE6B exon 8	chr4:656261:A>G	109:A>G	chr4:656152-656312:+	chr4:656152-656312:+	HeLa	HEK	0.6445409429280398	0.27182667525773196	HEK	Exclusive Low	0.27182667525773196	
"IVD exon 2
chr15:40407627:T>G;chr15:40407657:T>A"	166288	0.27215849843587064	0.6231958762886598	0.7175795880149813	0.5303030303030303	0.754656862745098	IVD exon 2	chr15:40407627:T>G;chr15:40407657:T>A	42:T>G ; 72:T>A	chr15:40407585-40407745:+	chr15:40407585-40407745:+	HMC3	HEK	0.754656862745098	0.27215849843587064	HEK	Exclusive Low	0.27215849843587064	
"ERCC2 exon 3
chr19:45369192:C>G;chr19:45369084:T>C"	239512	0.2725262123197903	0.5821387614678899	0.5375808860129417	0.5424890350877193	0.7446880650994575	ERCC2 exon 3	chr19:45369192:C>G;chr19:45369084:T>C	18:G>C ; 126:A>G	chr19:45369050-45369210:-	chr19:45369050-45369210:-	HMC3	HEK	0.7446880650994575	0.2725262123197903	HEK	Exclusive Low	0.2725262123197903	
"MYH11 exon 42
chr16:15708931:T>C;chr16:15708901:A>G"	157785	0.2728946157386102	0.6347905282331512	0.5395833333333333	0.5402930402930403	0.5710144927536231	MYH11 exon 42	chr16:15708931:T>C;chr16:15708901:A>G	12:A>G ; 42:T>C	chr16:15708783-15708943:-	chr16:15708783-15708943:-	HeLa	HEK	0.6347905282331512	0.2728946157386102	HEK	Exclusive Low	0.2728946157386102	
"IVD exon 2
chr15:40407585:G>A"	18553	0.2740350877192982	0.6028481012658228	0.7031007751937985	0.6005813953488373	0.757060849598163	IVD exon 2	chr15:40407585:G>A	0:G>A	chr15:40407585-40407745:+	chr15:40407585-40407745:+	HMC3	HEK	0.757060849598163	0.2740350877192982	HEK	Exclusive Low	0.2740350877192982	
"PDE6B exon 8
chr4:656224:G>C;chr4:656266:T>A"	195817	0.2744014732965009	0.5247863247863247	0.5484109952994073	0.6045693277310924	0.652958152958153	PDE6B exon 8	chr4:656224:G>C;chr4:656266:T>A	72:G>C ; 114:T>A	chr4:656152-656312:+	chr4:656152-656312:+	HMC3	HEK	0.652958152958153	0.2744014732965009	HEK	Exclusive Low	0.2744014732965009	
"DRD2 exon 6
chr11:113414479:A>T;chr11:113414395:G>T"	110298	0.2749559955995599	0.6692622950819672	0.5910426485134113	0.789680831437181	0.7047773502646058	DRD2 exon 6	chr11:113414479:A>T;chr11:113414395:G>T	36:T>A ; 120:C>A	chr11:113414355-113414515:-	chr11:113414355-113414515:-	MCF7	HEK	0.789680831437181	0.2749559955995599	HEK	Exclusive Low	0.2749559955995599	
"IVD exon 2
chr15:40407738:G>C"	19004	0.27543859649122804	0.5574534161490683	0.6495215311004785	0.5727874276261373	0.7810897435897436	IVD exon 2	chr15:40407738:G>C	153:G>C	chr15:40407585-40407745:+	chr15:40407585-40407745:+	HMC3	HEK	0.7810897435897436	0.27543859649122804	HEK	Exclusive Low	0.27543859649122804	
"DMD exon 71
chrX:31178054:A>G;chrX:31177994:T>A"	160466	0.27777311629468027	0.6647361647361647	0.5938482704402516	0.8244047619047619	0.7204555457746479	DMD exon 71	chrX:31178054:A>G;chrX:31177994:T>A	18:T>C ; 78:A>T	chrX:31177912-31178072:-	chrX:31177912-31178072:-	MCF7	HEK	0.8244047619047619	0.27777311629468027	HEK	Exclusive Low	0.27777311629468027	
"ERCC2 exon 3
chr19:45369144:G>T;chr19:45369090:G>C"	239507	0.28043712482684313	0.6363207547169811	0.5323356172616901	0.6165105386416863	0.7490106134196798	ERCC2 exon 3	chr19:45369144:G>T;chr19:45369090:G>C	66:C>A ; 120:C>G	chr19:45369050-45369210:-	chr19:45369050-45369210:-	HMC3	HEK	0.7490106134196798	0.28043712482684313	HEK	Exclusive Low	0.28043712482684313	
"GIT2 exon 16
chr12:109945308:A>C"	99236	0.2804863147605083	0.7028688524590163	0.5793587281263337	0.6115942028985507	0.7558155157191663	GIT2 exon 16	chr12:109945308:A>C	92:T>G	chr12:109945240-109945400:-	chr12:109945240-109945400:-	HMC3	HEK	0.7558155157191663	0.2804863147605083	HEK	Exclusive Low	0.2804863147605083	
"NLRC3 exon 14
chr16:3548728:G>A"	26402	0.2808441558441558	0.6535947712418301	0.6469766260162602	0.5551339285714285	0.7420694060038322	NLRC3 exon 14	chr16:3548728:G>A	82:C>T	chr16:3548650-3548810:-	chr16:3548650-3548810:-	HMC3	HEK	0.7420694060038322	0.2808441558441558	HEK	Exclusive Low	0.2808441558441558	
"ASS1 exon 5
chr9:130464087:A>T;chr9:130464099:T>A"	181467	0.2809523809523809	0.621031746031746	0.6734693877551021	0.5464285714285715	0.6830143540669856	ASS1 exon 5	chr9:130464087:A>T;chr9:130464099:T>A	60:A>T ; 72:T>A	chr9:130464027-130464187:+	chr9:130464027-130464187:+	HMC3	HEK	0.6830143540669856	0.2809523809523809	HEK	Exclusive Low	0.2809523809523809	
"ACADVL exon 3
chr17:7220467:G>C;chr17:7220527:G>T"	191566	0.2811194653299916	0.6567364465915191	0.6763392857142857	0.6989010989010989	0.8050094263398869	ACADVL exon 3	chr17:7220467:G>C;chr17:7220527:G>T	78:G>C ; 138:G>T	chr17:7220389-7220549:+	chr17:7220389-7220549:+	HMC3	HEK	0.8050094263398869	0.2811194653299916	HEK	Exclusive Low	0.2811194653299916	
"CACNA1C exon 10
chr12:2547402:T>C;chr12:2547492:T>C"	152611	0.2814664802224472	0.7100840336134454	0.5531279384921732	0.5938644688644689	0.674641577060932	CACNA1C exon 10	chr12:2547402:T>C;chr12:2547492:T>C	18:T>C ; 108:T>C	chr12:2547384-2547544:+	chr12:2547384-2547544:+	HeLa	HEK	0.7100840336134454	0.2814664802224472	HEK	Exclusive Low	0.2814664802224472	
"CACNA1C exon 31
chr12:2633659:G>T"	9306	0.28224909646927987	0.6342971753301019	0.6325800251839089	0.6995240394564393	0.6584485033682894	CACNA1C exon 31	chr12:2633659:G>T	87:G>T	chr12:2633572-2633732:+	chr12:2633572-2633732:+	MCF7	HEK	0.6995240394564393	0.28224909646927987	HEK	Exclusive Low	0.28224909646927987	
"MLC1 exon 4
chr22:50080472:C>G;chr22:50080358:T>G"	217123	0.2827027027027027	0.7277777777777779	0.5555555555555556	0.6461988304093567	0.6534340659340659	MLC1 exon 4	chr22:50080472:C>G;chr22:50080358:T>G	12:G>C ; 126:A>C	chr22:50080324-50080484:-	chr22:50080324-50080484:-	HeLa	HEK	0.7277777777777779	0.2827027027027027	HEK	Exclusive Low	0.2827027027027027	
"ERCC2 exon 3
chr19:45369182:G>A"	34788	0.2835686939057302	0.6342786300945297	0.5725609968326895	0.5715532286212914	0.8060389808467257	ERCC2 exon 3	chr19:45369182:G>A	28:C>T	chr19:45369050-45369210:-	chr19:45369050-45369210:-	HMC3	HEK	0.8060389808467257	0.2835686939057302	HEK	Exclusive Low	0.2835686939057302	
"DRD2 exon 6
chr11:113414479:A>T;chr11:113414389:T>A"	110733	0.28570906432748533	0.6141818181818182	0.5915829018174434	0.7952542372881356	0.6328613343538716	DRD2 exon 6	chr11:113414479:A>T;chr11:113414389:T>A	36:T>A ; 126:A>T	chr11:113414355-113414515:-	chr11:113414355-113414515:-	MCF7	HEK	0.7952542372881356	0.28570906432748533	HEK	Exclusive Low	0.28570906432748533	
"USP28 exon 6
chr11:113834389:A>G;chr11:113834233:C>A"	116925	0.2859327217125382	0.6571044374719857	0.7094178082191781	0.5901515151515151	0.5935192382432958	USP28 exon 6	chr11:113834389:A>G;chr11:113834233:C>A	0:T>C ; 156:G>T	chr11:113834229-113834389:-	chr11:113834229-113834389:-	K562	HEK	0.7094178082191781	0.2859327217125382	HEK	Exclusive Low	0.2859327217125382	
"DMD exon 71
chrX:31178024:A>C;chrX:31177994:T>A"	160786	0.2879021879021879	0.6630805364042731	0.6132428466617755	0.8008335161219566	0.7565743250025093	DMD exon 71	chrX:31178024:A>C;chrX:31177994:T>A	48:T>G ; 78:A>T	chrX:31177912-31178072:-	chrX:31177912-31178072:-	MCF7	HEK	0.8008335161219566	0.2879021879021879	HEK	Exclusive Low	0.2879021879021879	
"RAB7A exon 4
chr3:128806399:T>C;chr3:128806423:T>C"	137025	0.28850574712643673	0.7371194379391101	0.668997668997669	0.6421052631578947	0.8611177454024361	RAB7A exon 4	chr3:128806399:T>C;chr3:128806423:T>C	90:T>C ; 114:T>C	chr3:128806309-128806469:+	chr3:128806309-128806469:+	HMC3	HEK	0.8611177454024361	0.28850574712643673	HEK	Exclusive Low	0.28850574712643673	
"IVD exon 2
chr15:40407708:G>C"	18916	0.2891145123960645	0.5873830918760315	0.6674952651515151	0.5665509259259259	0.791096224966855	IVD exon 2	chr15:40407708:G>C	123:G>C	chr15:40407585-40407745:+	chr15:40407585-40407745:+	HMC3	HEK	0.791096224966855	0.2891145123960645	HEK	Exclusive Low	0.2891145123960645	
"SORBS1 exon 29
chr10:95322786:C>A"	96583	0.29121325320773106	0.5982905982905983	0.624617931737137	0.6573061324812585	0.595752627240882	SORBS1 exon 29	chr10:95322786:C>A	100:G>T	chr10:95322726-95322886:-	chr10:95322726-95322886:-	MCF7	HEK	0.6573061324812585	0.29121325320773106	HEK	Exclusive Low	0.29121325320773106	
"PDE6B exon 8
chr4:656218:G>C;chr4:656302:T>G"	195924	0.29159082635602473	0.5966666666666667	0.6836007130124777	0.6573275862068966	0.7073451910408433	PDE6B exon 8	chr4:656218:G>C;chr4:656302:T>G	66:G>C ; 150:T>G	chr4:656152-656312:+	chr4:656152-656312:+	HMC3	HEK	0.7073451910408433	0.29159082635602473	HEK	Exclusive Low	0.29159082635602473	
"TNNT2 exon 4
chr1:201372113:T>A;chr1:201372041:T>G"	156114	0.2940963538238778	0.7437442075996292	0.5830848468419626	0.6145279255319149	0.6276763776763776	TNNT2 exon 4	chr1:201372113:T>A;chr1:201372041:T>G	54:A>T ; 126:A>C	chr1:201372007-201372167:-	chr1:201372007-201372167:-	HeLa	HEK	0.7437442075996292	0.2940963538238778	HEK	Exclusive Low	0.2940963538238778	
"DMD exon 71
chrX:31178048:A>T;chrX:31177994:T>G"	160472	0.29464285714285715	0.6233532934131736	0.5486111111111112	0.7924264401160381	0.8012185534591194	DMD exon 71	chrX:31178048:A>T;chrX:31177994:T>G	24:T>A ; 78:A>C	chrX:31177912-31178072:-	chrX:31177912-31178072:-	HMC3	HEK	0.8012185534591194	0.29464285714285715	HEK	Exclusive Low	0.29464285714285715	
"CACNA1C exon 31
chr12:2633650:A>T;chr12:2633656:T>A"	158489	0.29484168917067827	0.6775119617224881	0.6588235294117647	0.6711366538952745	0.6136373940245727	CACNA1C exon 31	chr12:2633650:A>T;chr12:2633656:T>A	78:A>T ; 84:T>A	chr12:2633572-2633732:+	chr12:2633572-2633732:+	HeLa	HEK	0.6775119617224881	0.29484168917067827	HEK	Exclusive Low	0.29484168917067827	
"TMEM94 exon 25
NA"	85425	0.29607843137254897	0.6214285714285714	0.6363636363636364	0.6133333333333333	0.8379403794037941	TMEM94 exon 25		none	chr17:75496667-75496827:+	chr17:75496667-75496827:+	HMC3	HEK	0.8379403794037941	0.29607843137254897	HEK	Exclusive Low	0.29607843137254897	
"CACNA1C exon 31
chr12:2633626:T>A;chr12:2633644:C>G"	158453	0.2963620230700975	0.7543859649122806	0.6494505494505495	0.8147865853658536	0.73668430335097	CACNA1C exon 31	chr12:2633626:T>A;chr12:2633644:C>G	54:T>A ; 72:C>G	chr12:2633572-2633732:+	chr12:2633572-2633732:+	MCF7	HEK	0.8147865853658536	0.2963620230700975	HEK	Exclusive Low	0.2963620230700975	
"SLC26A4 exon 11
chr7:107694340:A>T;chr7:107694424:G>T"	153543	0.2969050723288011	0.6096153846153847	0.5775930474211222	0.6111111111111112	0.7458814882400648	SLC26A4 exon 11	chr7:107694340:A>T;chr7:107694424:G>T	0:A>T ; 84:G>T	chr7:107694340-107694500:+	chr7:107694340-107694500:+	HMC3	HEK	0.7458814882400648	0.2969050723288011	HEK	Exclusive Low	0.2969050723288011	
"PDE6B exon 8
chr4:656182:A>G;chr4:656188:G>T"	195505	0.29732259876427636	0.636660724896019	0.601010101010101	0.5583333333333333	0.6613955119214586	PDE6B exon 8	chr4:656182:A>G;chr4:656188:G>T	30:A>G ; 36:G>T	chr4:656152-656312:+	chr4:656152-656312:+	HMC3	HEK	0.6613955119214586	0.29732259876427636	HEK	Exclusive Low	0.29732259876427636	
"SLC26A4 exon 11
chr7:107694425:C>A"	69190	0.2994984475758299	0.5579631635969664	0.5898161244695899	0.6333333333333333	0.707414016872161	SLC26A4 exon 11	chr7:107694425:C>A	85:C>A	chr7:107694340-107694500:+	chr7:107694340-107694500:+	HMC3	HEK	0.707414016872161	0.2994984475758299	HEK	Exclusive Low	0.2994984475758299	
"ELN exon 22
chr7:74057687:G>A"	93820	0.30015104314169727	0.6823266219239373	0.5527329420396185	0.6518390804597701	0.692741935483871	ELN exon 22	chr7:74057687:G>A	131:G>A	chr7:74057556-74057716:+	chr7:74057556-74057716:+	HMC3	HEK	0.692741935483871	0.30015104314169727	HEK	Exclusive Low	0.30015104314169727	
"DCTN2 exon 2
NA"	84871	0.30028985507246375	0.6228448275862069	0.573564309444708	0.7504743833017078	0.6713725490196079	DCTN2 exon 2		none	chr12:57546008-57546168:-	chr12:57546008-57546168:-	MCF7	HEK	0.7504743833017078	0.30028985507246375	HEK	Exclusive Low	0.30028985507246375	
"ERCC2 exon 3
chr19:45369078:A>T"	35093	0.30043859649122806	0.6527777777777778	0.6496598639455782	0.5825892857142857	0.7172268907563025	ERCC2 exon 3	chr19:45369078:A>T	132:T>A	chr19:45369050-45369210:-	chr19:45369050-45369210:-	HMC3	HEK	0.7172268907563025	0.30043859649122806	HEK	Exclusive Low	0.30043859649122806	
"SLC26A4 exon 11
chr7:107694370:G>A;chr7:107694472:T>C"	154057	0.30051712992889457	0.6171232876712329	0.5537766830870279	0.6464019851116625	0.6367681962025317	SLC26A4 exon 11	chr7:107694370:G>A;chr7:107694472:T>C	30:G>A ; 132:T>C	chr7:107694340-107694500:+	chr7:107694340-107694500:+	MCF7	HEK	0.6464019851116625	0.30051712992889457	HEK	Exclusive Low	0.30051712992889457	
"DEPDC5 exon 33
chr22:31861317:T>G;chr22:31861347:T>G"	174900	0.3007936507936507	0.6916118421052632	0.5798678585308978	0.5836842105263158	0.7559869996578857	DEPDC5 exon 33	chr22:31861317:T>G;chr22:31861347:T>G	24:T>G ; 54:T>G	chr22:31861293-31861453:+	chr22:31861293-31861453:+	HMC3	HEK	0.7559869996578857	0.3007936507936507	HEK	Exclusive Low	0.3007936507936507	
"TSEN2 exon 6
chr3:12505205:G>A"	52679	0.30114687384387717	0.7833253702818921	0.6074834640824489	0.6187062937062937	0.5784996718663233	TSEN2 exon 6	chr3:12505205:G>A	114:G>A	chr3:12505091-12505251:+	chr3:12505091-12505251:+	HeLa	HEK	0.7833253702818921	0.30114687384387717	HEK	Exclusive Low	0.30114687384387717	
"CACNA1C exon 10
chr12:2547512:A>G"	8472	0.30147275405007357	0.7105978260869565	0.5536272127733426	0.7158333333333333	0.7460641995501942	CACNA1C exon 10	chr12:2547512:A>G	128:A>G	chr12:2547384-2547544:+	chr12:2547384-2547544:+	HMC3	HEK	0.7460641995501942	0.30147275405007357	HEK	Exclusive Low	0.30147275405007357	
"ASS1 exon 5
chr9:130464096:T>A"	77245	0.3060263653483992	0.7319060250094733	0.7424686855874425	0.572015503875969	0.7894549987376925	ASS1 exon 5	chr9:130464096:T>A	69:T>A	chr9:130464027-130464187:+	chr9:130464027-130464187:+	HMC3	HEK	0.7894549987376925	0.3060263653483992	HEK	Exclusive Low	0.3060263653483992	
"CACNA2D4 exon 28
chr12:1810683:G>A"	7618	0.3074736505908655	0.5785034013605442	0.5857142857142856	0.5664009625507594	0.58504034761018	CACNA2D4 exon 28	chr12:1810683:G>A	0:C>T	chr12:1810523-1810683:-	chr12:1810523-1810683:-	K562	HEK	0.5857142857142856	0.3074736505908655	HEK	Exclusive Low	0.3074736505908655	
"PDE6B exon 8
chr4:656173:A>G"	59983	0.3077727576974565	0.6413822166034555	0.5823762376237624	0.6219298245614036	0.6531646201457522	PDE6B exon 8	chr4:656173:A>G	21:A>G	chr4:656152-656312:+	chr4:656152-656312:+	HMC3	HEK	0.6531646201457522	0.3077727576974565	HEK	Exclusive Low	0.3077727576974565	
"MAGED1 exon 2
chrX:51894292:A>G"	106890	0.308277027027027	0.7914230019493177	0.5988588728458314	0.6773504273504274	0.864010989010989	MAGED1 exon 2	chrX:51894292:A>G	83:A>G	chrX:51894209-51894369:+	chrX:51894209-51894369:+	HMC3	HEK	0.864010989010989	0.308277027027027	HEK	Exclusive Low	0.308277027027027	
"ERCC2 exon 3
chr19:45369136:G>C"	34926	0.3087924475130337	0.7407548125633232	0.6655299801079853	0.6169258373205742	0.8287972155654457	ERCC2 exon 3	chr19:45369136:G>C	74:C>G	chr19:45369050-45369210:-	chr19:45369050-45369210:-	HMC3	HEK	0.8287972155654457	0.3087924475130337	HEK	Exclusive Low	0.3087924475130337	
"SHOX2 exon 2
chr3:158105126:C>G;chr3:158105048:C>G"	197965	0.30902386698846873	0.6200704225352113	0.7371794871794872	0.5650665926748057	0.7501097935880545	SHOX2 exon 2	chr3:158105126:C>G;chr3:158105048:C>G	72:G>C ; 150:G>C	chr3:158105038-158105198:-	chr3:158105038-158105198:-	HMC3	HEK	0.7501097935880545	0.30902386698846873	HEK	Exclusive Low	0.30902386698846873	
"TTC8 exon 7
chr14:88843782:T>G;chr14:88843860:G>T"	168231	0.3097014925373134	0.6729323308270676	0.6272727272727273	0.612145390070922	0.6300705467372134	TTC8 exon 7	chr14:88843782:T>G;chr14:88843860:G>T	72:T>G ; 150:G>T	chr14:88843710-88843870:+	chr14:88843710-88843870:+	HeLa	HEK	0.6729323308270676	0.3097014925373134	HEK	Exclusive Low	0.3097014925373134	
"CACNA1C exon 10
chr12:2547421:C>A"	8207	0.3107198748043818	0.6290404040404041	0.5968117602138221	0.6147388059701493	0.6541584502957893	CACNA1C exon 10	chr12:2547421:C>A	37:C>A	chr12:2547384-2547544:+	chr12:2547384-2547544:+	HMC3	HEK	0.6541584502957893	0.3107198748043818	HEK	Exclusive Low	0.3107198748043818	
"MYH11 exon 42
chr16:15708943:A>G"	22342	0.31145004420866484	0.7222672064777328	0.5941722972972974	0.5812356979405034	0.6951054852320675	MYH11 exon 42	chr16:15708943:A>G	0:T>C	chr16:15708783-15708943:-	chr16:15708783-15708943:-	HeLa	HEK	0.7222672064777328	0.31145004420866484	HEK	Exclusive Low	0.31145004420866484	
"IVD exon 2
chr15:40407609:G>A"	18625	0.3118898718730933	0.5781727828746177	0.7030841121495327	0.58125	0.8009383797309978	IVD exon 2	chr15:40407609:G>A	24:G>A	chr15:40407585-40407745:+	chr15:40407585-40407745:+	HMC3	HEK	0.8009383797309978	0.3118898718730933	HEK	Exclusive Low	0.3118898718730933	
"CACNA1C exon 31
chr12:2633584:A>G;chr12:2633614:C>A"	158443	0.3121185701830863	0.6369047619047619	0.649699357246527	0.7125	0.6794176420211246	CACNA1C exon 31	chr12:2633584:A>G;chr12:2633614:C>A	12:A>G ; 42:C>A	chr12:2633572-2633732:+	chr12:2633572-2633732:+	MCF7	HEK	0.7125	0.3121185701830863	HEK	Exclusive Low	0.3121185701830863	
"PDE6B exon 8
chr4:656164:C>A;chr4:656296:T>C"	195546	0.31339712918660284	0.7132478632478632	0.6270935960591133	0.7030892448512586	0.7296583768942394	PDE6B exon 8	chr4:656164:C>A;chr4:656296:T>C	12:C>A ; 144:T>C	chr4:656152-656312:+	chr4:656152-656312:+	HMC3	HEK	0.7296583768942394	0.31339712918660284	HEK	Exclusive Low	0.31339712918660284	
"NDUFAF5 exon 9
chr20:13816430:T>C;chr20:13816442:C>G"	242671	0.3135158254918734	0.6904864399483427	0.6820626384055679	0.62	0.8436474449132677	NDUFAF5 exon 9	chr20:13816430:T>C;chr20:13816442:C>G	24:T>C ; 36:C>G	chr20:13816406-13816566:+	chr20:13816406-13816566:+	HMC3	HEK	0.8436474449132677	0.3135158254918734	HEK	Exclusive Low	0.3135158254918734	
"DEPDC5 exon 33
chr22:31861395:C>A;chr22:31861407:A>G"	174594	0.31443190805933524	0.7046266107747244	0.5697644649257553	0.7138130686517783	0.8712361594958618	DEPDC5 exon 33	chr22:31861395:C>A;chr22:31861407:A>G	102:C>A ; 114:A>G	chr22:31861293-31861453:+	chr22:31861293-31861453:+	HMC3	HEK	0.8712361594958618	0.31443190805933524	HEK	Exclusive Low	0.31443190805933524	
"UROS exon 3
chr10:125816238:T>A"	1185	0.3145618388402768	0.7771248178727537	0.8310255460940392	0.5778078858596472	0.7156658829203593	UROS exon 3	chr10:125816238:T>A	79:A>T	chr10:125816157-125816317:-	chr10:125816157-125816317:-	K562	HEK	0.8310255460940392	0.3145618388402768	HEK	Exclusive Low	0.3145618388402768	
"SLC26A4 exon 11
chr7:107694364:A>G;chr7:107694460:C>A"	153547	0.3189895912668189	0.6023509174311927	0.5788968824940048	0.5931972789115646	0.7467214350316551	SLC26A4 exon 11	chr7:107694364:A>G;chr7:107694460:C>A	24:A>G ; 120:C>A	chr7:107694340-107694500:+	chr7:107694340-107694500:+	HMC3	HEK	0.7467214350316551	0.3189895912668189	HEK	Exclusive Low	0.3189895912668189	
"ERCC2 exon 3
chr19:45369165:G>A"	34839	0.3194444444444444	0.6541193181818181	0.6049465240641712	0.6341350601295097	0.8364243943191312	ERCC2 exon 3	chr19:45369165:G>A	45:C>T	chr19:45369050-45369210:-	chr19:45369050-45369210:-	HMC3	HEK	0.8364243943191312	0.3194444444444444	HEK	Exclusive Low	0.3194444444444444	
"CACNA1C exon 10
chr12:2547418:G>T"	8199	0.3209247648902821	0.7827067669172932	0.5766359244620114	0.5865800865800865	0.725792349726776	CACNA1C exon 10	chr12:2547418:G>T	34:G>T	chr12:2547384-2547544:+	chr12:2547384-2547544:+	HeLa	HEK	0.7827067669172932	0.3209247648902821	HEK	Exclusive Low	0.3209247648902821	
"BCKDHA exon 3
chr19:41410899:G>C;chr19:41410941:C>T"	146878	0.3218996866882682	0.5734233269052211	0.6168831168831168	0.6264920424403183	0.8198017408123791	BCKDHA exon 3	chr19:41410899:G>C;chr19:41410941:C>T	30:G>C ; 72:C>T	chr19:41410869-41411029:+	chr19:41410869-41411029:+	HMC3	HEK	0.8198017408123791	0.3218996866882682	HEK	Exclusive Low	0.3218996866882682	
"CACNA1C exon 31
chr12:2633596:T>C;chr12:2633614:C>G"	158140	0.3221288515406162	0.7448275862068966	0.6723682472592788	0.6607254534083802	0.6167388167388168	CACNA1C exon 31	chr12:2633596:T>C;chr12:2633614:C>G	24:T>C ; 42:C>G	chr12:2633572-2633732:+	chr12:2633572-2633732:+	HeLa	HEK	0.7448275862068966	0.3221288515406162	HEK	Exclusive Low	0.3221288515406162	
"ACADVL exon 3
chr17:7220437:G>C;chr17:7220527:G>A"	191347	0.32216460577050926	0.7084967320261438	0.6084967320261438	0.7176812585499316	0.7184493491794002	ACADVL exon 3	chr17:7220437:G>C;chr17:7220527:G>A	48:G>C ; 138:G>A	chr17:7220389-7220549:+	chr17:7220389-7220549:+	HMC3	HEK	0.7184493491794002	0.32216460577050926	HEK	Exclusive Low	0.32216460577050926	
"SLC26A4 exon 11
chr7:107694421:G>C"	69180	0.32227272727272727	0.645423919146547	0.5888648388648389	0.7364864864864864	0.8375312343828085	SLC26A4 exon 11	chr7:107694421:G>C	81:G>C	chr7:107694340-107694500:+	chr7:107694340-107694500:+	HMC3	HEK	0.8375312343828085	0.32227272727272727	HEK	Exclusive Low	0.32227272727272727	
"SLC26A4 exon 11
chr7:107694340:A>G;chr7:107694424:G>A"	153512	0.32263975978097675	0.7297368421052632	0.6691176470588236	0.6600614439324117	0.8008130081300813	SLC26A4 exon 11	chr7:107694340:A>G;chr7:107694424:G>A	0:A>G ; 84:G>A	chr7:107694340-107694500:+	chr7:107694340-107694500:+	HMC3	HEK	0.8008130081300813	0.32263975978097675	HEK	Exclusive Low	0.32263975978097675	
"ERCC2 exon 3
chr19:45369210:G>A;chr19:45369090:G>C"	239612	0.3239484396200814	0.7909090909090909	0.7200945626477542	0.6801932367149759	0.8553376906318082	ERCC2 exon 3	chr19:45369210:G>A;chr19:45369090:G>C	0:C>T ; 120:C>G	chr19:45369050-45369210:-	chr19:45369050-45369210:-	HMC3	HEK	0.8553376906318082	0.3239484396200814	HEK	Exclusive Low	0.3239484396200814	
"SLC26A4 exon 11
chr7:107694459:G>A"	69291	0.3256016742239274	0.7031323048153343	0.5993421052631578	0.7604166666666667	0.8223443223443223	SLC26A4 exon 11	chr7:107694459:G>A	119:G>A	chr7:107694340-107694500:+	chr7:107694340-107694500:+	HMC3	HEK	0.8223443223443223	0.3256016742239274	HEK	Exclusive Low	0.3256016742239274	
"CACNA1C exon 31
chr12:2633620:C>G;chr12:2633668:A>T"	158477	0.3258064516129032	0.7900432900432901	0.8098544232922733	0.7384868421052632	0.800763358778626	CACNA1C exon 31	chr12:2633620:C>G;chr12:2633668:A>T	48:C>G ; 96:A>T	chr12:2633572-2633732:+	chr12:2633572-2633732:+	K562	HEK	0.8098544232922733	0.3258064516129032	HEK	Exclusive Low	0.3258064516129032	
"IVD exon 2
chr15:40407711:T>A"	18923	0.32597190279586574	0.7084564513859575	0.7424999999999999	0.5915079969535415	0.8175231991192199	IVD exon 2	chr15:40407711:T>A	126:T>A	chr15:40407585-40407745:+	chr15:40407585-40407745:+	HMC3	HEK	0.8175231991192199	0.32597190279586574	HEK	Exclusive Low	0.32597190279586574	
"IVD exon 2
chr15:40407723:C>A;chr15:40407741:C>G"	166577	0.3261513907888737	0.6022727272727273	0.7832026609645997	0.7017948717948719	0.8735657546337159	IVD exon 2	chr15:40407723:C>A;chr15:40407741:C>G	138:C>A ; 156:C>G	chr15:40407585-40407745:+	chr15:40407585-40407745:+	HMC3	HEK	0.8735657546337159	0.3261513907888737	HEK	Exclusive Low	0.3261513907888737	
"PFDN5 exon 4
chr12:53297919:G>C"	98757	0.3262308998302207	0.6581439393939394	0.5906593406593407	0.6097402597402597	0.582089552238806	PFDN5 exon 4	chr12:53297919:G>C	135:G>C	chr12:53297784-53297944:+	chr12:53297784-53297944:+	HeLa	HEK	0.6581439393939394	0.3262308998302207	HEK	Exclusive Low	0.3262308998302207	
"CACNA1C exon 31
chr12:2633608:T>G;chr12:2633728:C>G"	158243	0.326365663322185	0.8188559322033898	0.8031716417910448	0.7841832963784183	0.7202932098765432	CACNA1C exon 31	chr12:2633608:T>G;chr12:2633728:C>G	36:T>G ; 156:C>G	chr12:2633572-2633732:+	chr12:2633572-2633732:+	HeLa	HEK	0.8188559322033898	0.326365663322185	HEK	Exclusive Low	0.326365663322185	
"CACNA1C exon 31
chr12:2633620:C>A;chr12:2633692:G>C"	158706	0.3273455377574371	0.6376623376623376	0.7892156862745097	0.7383838383838384	0.6776942355889723	CACNA1C exon 31	chr12:2633620:C>A;chr12:2633692:G>C	48:C>A ; 120:G>C	chr12:2633572-2633732:+	chr12:2633572-2633732:+	K562	HEK	0.7892156862745097	0.3273455377574371	HEK	Exclusive Low	0.3273455377574371	
"SLC26A5 exon 12
chr7:103390545:A>T;chr7:103390479:T>A"	135620	0.3277584515208277	0.6804398148148147	0.7526315789473683	0.6968975468975469	0.7398987103558975	SLC26A5 exon 12	chr7:103390545:A>T;chr7:103390479:T>A	24:T>A ; 90:A>T	chr7:103390409-103390569:-	chr7:103390409-103390569:-	K562	HEK	0.7526315789473683	0.3277584515208277	HEK	Exclusive Low	0.3277584515208277	
"PDE6B exon 8
chr4:656222:T>A"	60128	0.3286618444846292	0.7972527472527473	0.5864745011086474	0.7258064516129032	0.7485733099209833	PDE6B exon 8	chr4:656222:T>A	70:T>A	chr4:656152-656312:+	chr4:656152-656312:+	HeLa	HEK	0.7972527472527473	0.3286618444846292	HEK	Exclusive Low	0.3286618444846292	
"SLC26A4 exon 11
chr7:107694487:C>T"	69372	0.3303477896501152	0.6352549889135255	0.5908508158508159	0.600287631831256	0.7641067382361353	SLC26A4 exon 11	chr7:107694487:C>T	147:C>T	chr7:107694340-107694500:+	chr7:107694340-107694500:+	HMC3	HEK	0.7641067382361353	0.3303477896501152	HEK	Exclusive Low	0.3303477896501152	
"RAB7A exon 4
chr3:128806351:T>A"	53411	0.33135673624288425	0.8755980861244019	0.7756410256410257	0.7638888888888888	0.9074248120300752	RAB7A exon 4	chr3:128806351:T>A	42:T>A	chr3:128806309-128806469:+	chr3:128806309-128806469:+	HMC3	HEK	0.9074248120300752	0.33135673624288425	HEK	Exclusive Low	0.33135673624288425	
"ACADVL exon 3
chr17:7220449:C>T;chr17:7220503:C>G"	191801	0.33205128205128204	0.7150455927051672	0.6351902173913043	0.6328273244781784	0.7965517241379311	ACADVL exon 3	chr17:7220449:C>T;chr17:7220503:C>G	60:C>T ; 114:C>G	chr17:7220389-7220549:+	chr17:7220389-7220549:+	HMC3	HEK	0.7965517241379311	0.33205128205128204	HEK	Exclusive Low	0.33205128205128204	
"TSEN2 exon 6
chr3:12505215:A>T"	52704	0.3322014051522248	0.8583916083916084	0.6811058545239503	0.6401515151515151	0.7175154465455906	TSEN2 exon 6	chr3:12505215:A>T	124:A>T	chr3:12505091-12505251:+	chr3:12505091-12505251:+	HeLa	HEK	0.8583916083916084	0.3322014051522248	HEK	Exclusive Low	0.3322014051522248	
"BCKDHA exon 3
chr19:41410977:A>C;chr19:41411001:C>A"	146867	0.3339819427148194	0.7274844720496894	0.6017353165522502	0.6614035087719299	0.8694899817850639	BCKDHA exon 3	chr19:41410977:A>C;chr19:41411001:C>A	108:A>C ; 132:C>A	chr19:41410869-41411029:+	chr19:41410869-41411029:+	HMC3	HEK	0.8694899817850639	0.3339819427148194	HEK	Exclusive Low	0.3339819427148194	
"TTC8 exon 7
chr14:88843764:A>T;chr14:88843776:A>G"	168184	0.33571428571428563	0.5964590964590964	0.6796875	0.6083333333333333	0.5858585858585859	TTC8 exon 7	chr14:88843764:A>T;chr14:88843776:A>G	54:A>T ; 66:A>G	chr14:88843710-88843870:+	chr14:88843710-88843870:+	K562	HEK	0.6796875	0.33571428571428563	HEK	Exclusive Low	0.33571428571428563	
"ACADVL exon 3
chr17:7220443:G>T;chr17:7220515:A>C"	191831	0.3366503368034292	0.8538461538461539	0.6674641148325359	0.6873865698729582	0.826797385620915	ACADVL exon 3	chr17:7220443:G>T;chr17:7220515:A>C	54:G>T ; 126:A>C	chr17:7220389-7220549:+	chr17:7220389-7220549:+	HeLa	HEK	0.8538461538461539	0.3366503368034292	HEK	Exclusive Low	0.3366503368034292	
"SLC26A4 exon 11
chr7:107694352:G>C;chr7:107694358:A>T"	154184	0.3378552971576227	0.6362126245847176	0.6067538126361656	0.7824074074074074	0.7842377260981912	SLC26A4 exon 11	chr7:107694352:G>C;chr7:107694358:A>T	12:G>C ; 18:A>T	chr7:107694340-107694500:+	chr7:107694340-107694500:+	HMC3	HEK	0.7842377260981912	0.3378552971576227	HEK	Exclusive Low	0.3378552971576227	
"PNPLA7 exon 2
chr9:137547638:C>A"	95958	0.33928571428571425	0.6882352941176471	0.6564102564102564	0.6644736842105263	0.8206043956043956	PNPLA7 exon 2	chr9:137547638:C>A	87:G>T	chr9:137547565-137547725:-	chr9:137547565-137547725:-	HMC3	HEK	0.8206043956043956	0.33928571428571425	HEK	Exclusive Low	0.33928571428571425	
"SCN5A exon 24
chr3:38557341:T>A;chr3:38557293:A>T"	230621	0.34	0.6451077943615258	0.8130597014925374	0.8054104477611941	0.7244720352750058	SCN5A exon 24	chr3:38557341:T>A;chr3:38557293:A>T	30:A>T ; 78:T>A	chr3:38557211-38557371:-	chr3:38557211-38557371:-	K562	HEK	0.8130597014925374	0.34	HEK	Exclusive Low	0.34	
"ERCC2 exon 3
chr19:45369106:T>A"	35010	0.3402248093135286	0.5932432432432433	0.7301136363636364	0.7178571428571429	0.7843137254901962	ERCC2 exon 3	chr19:45369106:T>A	104:A>T	chr19:45369050-45369210:-	chr19:45369050-45369210:-	HMC3	HEK	0.7843137254901962	0.3402248093135286	HEK	Exclusive Low	0.3402248093135286	
"PDE6B exon 8
chr4:656176:G>C"	59992	0.34107591754650574	0.5932203389830508	0.5933756166314306	0.6814671814671815	0.7305021367521367	PDE6B exon 8	chr4:656176:G>C	24:G>C	chr4:656152-656312:+	chr4:656152-656312:+	HMC3	HEK	0.7305021367521367	0.34107591754650574	HEK	Exclusive Low	0.34107591754650574	
"ERCC2 exon 3
chr19:45369192:C>T;chr19:45369180:G>A"	239881	0.34152288072018006	0.7189830508474576	0.7362500000000001	0.5925925925925926	0.8404769811947361	ERCC2 exon 3	chr19:45369192:C>T;chr19:45369180:G>A	18:G>A ; 30:C>T	chr19:45369050-45369210:-	chr19:45369050-45369210:-	HMC3	HEK	0.8404769811947361	0.34152288072018006	HEK	Exclusive Low	0.34152288072018006	
"SEC16A exon 29
chr9:136445673:G>T"	95908	0.34191862635311676	0.7408906882591093	0.7380464480874317	0.6963780418788907	0.8363910702650801	SEC16A exon 29	chr9:136445673:G>T	112:C>A	chr9:136445625-136445785:-	chr9:136445625-136445785:-	HMC3	HEK	0.8363910702650801	0.34191862635311676	HEK	Exclusive Low	0.34191862635311676	
"RAB7A exon 4
chr3:128806339:T>C;chr3:128806411:G>T"	136650	0.3422739541160593	0.7741228070175439	0.6386317907444667	0.595959595959596	0.8433333333333333	RAB7A exon 4	chr3:128806339:T>C;chr3:128806411:G>T	30:T>C ; 102:G>T	chr3:128806309-128806469:+	chr3:128806309-128806469:+	HMC3	HEK	0.8433333333333333	0.3422739541160593	HEK	Exclusive Low	0.3422739541160593	
"IVD exon 2
chr15:40407594:G>A"	18580	0.3423076923076923	0.622093023255814	0.8658536585365854	0.6861111111111111	0.8632535460992907	IVD exon 2	chr15:40407594:G>A	9:G>A	chr15:40407585-40407745:+	chr15:40407585-40407745:+	K562	HEK	0.8658536585365854	0.3423076923076923	HEK	Exclusive Low	0.3423076923076923	
"CACNA1C exon 10
chr12:2547454:C>A"	8305	0.3431098313451254	0.7930711610486891	0.6921879863056333	0.777511961722488	0.7913143334377284	CACNA1C exon 10	chr12:2547454:C>A	70:C>A	chr12:2547384-2547544:+	chr12:2547384-2547544:+	HeLa	HEK	0.7930711610486891	0.3431098313451254	HEK	Exclusive Low	0.3431098313451254	
"CACNA1C exon 10
chr12:2547493:T>C"	8416	0.3450508788159111	0.8431372549019608	0.7610294117647058	0.6544401544401545	0.8564935064935064	CACNA1C exon 10	chr12:2547493:T>C	109:T>C	chr12:2547384-2547544:+	chr12:2547384-2547544:+	HMC3	HEK	0.8564935064935064	0.3450508788159111	HEK	Exclusive Low	0.3450508788159111	
"CACNA1C exon 31
chr12:2633670:C>G"	9340	0.3451923076923077	0.6779279279279279	0.6797658862876255	0.7371428571428571	0.651402478799739	CACNA1C exon 31	chr12:2633670:C>G	98:C>G	chr12:2633572-2633732:+	chr12:2633572-2633732:+	MCF7	HEK	0.7371428571428571	0.3451923076923077	HEK	Exclusive Low	0.3451923076923077	
"CACNA1C exon 10
chr12:2547477:A>C"	8372	0.34544334975369456	0.7978896103896104	0.66548463356974	0.6641025641025641	0.7091136079900124	CACNA1C exon 10	chr12:2547477:A>C	93:A>C	chr12:2547384-2547544:+	chr12:2547384-2547544:+	HeLa	HEK	0.7978896103896104	0.34544334975369456	HEK	Exclusive Low	0.34544334975369456	
"ERCC2 exon 3
chr19:45369162:C>T;chr19:45369084:T>C"	239537	0.34555640437993373	0.7059523809523809	0.6779828609096902	0.5993541033434651	0.8427782621331008	ERCC2 exon 3	chr19:45369162:C>T;chr19:45369084:T>C	48:G>A ; 126:A>G	chr19:45369050-45369210:-	chr19:45369050-45369210:-	HMC3	HEK	0.8427782621331008	0.34555640437993373	HEK	Exclusive Low	0.34555640437993373	
"SLC26A4 exon 11
chr7:107694365:A>G"	69012	0.34633458646616533	0.7763513513513514	0.6112652608213096	0.6912698412698413	0.8540378006872852	SLC26A4 exon 11	chr7:107694365:A>G	25:A>G	chr7:107694340-107694500:+	chr7:107694340-107694500:+	HMC3	HEK	0.8540378006872852	0.34633458646616533	HEK	Exclusive Low	0.34633458646616533	
"MLC1 exon 4
chr22:50080387:G>T"	106653	0.34729780170127494	0.6507746126936531	0.6030715532286213	0.7600800715359916	0.6990342290256882	MLC1 exon 4	chr22:50080387:G>T	97:C>A	chr22:50080324-50080484:-	chr22:50080324-50080484:-	MCF7	HEK	0.7600800715359916	0.34729780170127494	HEK	Exclusive Low	0.34729780170127494	
"IVD exon 2
chr15:40407737:G>A"	18999	0.3481132075471698	0.7833333333333333	0.8090909090909091	0.780885780885781	0.8725490196078431	IVD exon 2	chr15:40407737:G>A	152:G>A	chr15:40407585-40407745:+	chr15:40407585-40407745:+	HMC3	HEK	0.8725490196078431	0.3481132075471698	HEK	Exclusive Low	0.3481132075471698	
"GIT2 exon 16
chr12:109945291:A>C"	99233	0.34842105263157896	0.7467661691542289	0.6303127506014434	0.6687211093990755	0.795344751866491	GIT2 exon 16	chr12:109945291:A>C	109:T>G	chr12:109945240-109945400:-	chr12:109945240-109945400:-	HMC3	HEK	0.795344751866491	0.34842105263157896	HEK	Exclusive Low	0.34842105263157896	
"SLC26A4 exon 11
chr7:107694454:G>T;chr7:107694460:C>T"	153670	0.34857142857142853	0.8333333333333334	0.7259607455055253	0.7781385281385282	0.8777146464646465	SLC26A4 exon 11	chr7:107694454:G>T;chr7:107694460:C>T	114:G>T ; 120:C>T	chr7:107694340-107694500:+	chr7:107694340-107694500:+	HMC3	HEK	0.8777146464646465	0.34857142857142853	HEK	Exclusive Low	0.34857142857142853	
"SLC26A4 exon 11
chr7:107694340:A>G;chr7:107694418:T>G"	153593	0.3488532110091743	0.78347876672484	0.606045751633987	0.6700716845878136	0.8703404438698557	SLC26A4 exon 11	chr7:107694340:A>G;chr7:107694418:T>G	0:A>G ; 78:T>G	chr7:107694340-107694500:+	chr7:107694340-107694500:+	HMC3	HEK	0.8703404438698557	0.3488532110091743	HEK	Exclusive Low	0.3488532110091743	
"BEST1 exon 8
chr11:61959456:G>T;chr11:61959594:G>T"	209400	0.34971334971334966	0.8716931216931216	0.6889952153110048	0.721938775510204	0.9246848739495799	BEST1 exon 8	chr11:61959456:G>T;chr11:61959594:G>T	18:G>T ; 156:G>T	chr11:61959438-61959598:+	chr11:61959438-61959598:+	HMC3	HEK	0.9246848739495799	0.34971334971334966	HEK	Exclusive Low	0.34971334971334966	
"SLC26A4 exon 11
chr7:107694342:T>A"	68941	0.3501962770672407	0.6264367816091954	0.638755980861244	0.6264705882352941	0.8056668150126094	SLC26A4 exon 11	chr7:107694342:T>A	2:T>A	chr7:107694340-107694500:+	chr7:107694340-107694500:+	HMC3	HEK	0.8056668150126094	0.3501962770672407	HEK	Exclusive Low	0.3501962770672407	
"DEPDC5 exon 33
chr22:31861383:A>T;chr22:31861413:T>G"	174453	0.35141739980449654	0.7693699125716007	0.6324848928767625	0.6364111498257841	0.8270753433131264	DEPDC5 exon 33	chr22:31861383:A>T;chr22:31861413:T>G	90:A>T ; 120:T>G	chr22:31861293-31861453:+	chr22:31861293-31861453:+	HMC3	HEK	0.8270753433131264	0.35141739980449654	HEK	Exclusive Low	0.35141739980449654	
"PDE6B exon 8
chr4:656156:A>T"	59930	0.35152057245080504	0.7176044330775788	0.6024904214559387	0.6350289495450786	0.7435734399127987	PDE6B exon 8	chr4:656156:A>T	4:A>T	chr4:656152-656312:+	chr4:656152-656312:+	HMC3	HEK	0.7435734399127987	0.35152057245080504	HEK	Exclusive Low	0.35152057245080504	
"TSEN2 exon 6
chr3:12505175:A>C;chr3:12505205:G>A"	178649	0.35205696202531644	0.7720588235294117	0.6979276431331225	0.6307773109243697	0.7788461538461539	TSEN2 exon 6	chr3:12505175:A>C;chr3:12505205:G>A	84:A>C ; 114:G>A	chr3:12505091-12505251:+	chr3:12505091-12505251:+	HMC3	HEK	0.7788461538461539	0.35205696202531644	HEK	Exclusive Low	0.35205696202531644	
"PDE6B exon 8
chr4:656230:C>G;chr4:656284:A>G"	195542	0.3545580250244511	0.7217479674796748	0.6392307692307693	0.7006802721088435	0.7349557522123893	PDE6B exon 8	chr4:656230:C>G;chr4:656284:A>G	78:C>G ; 132:A>G	chr4:656152-656312:+	chr4:656152-656312:+	HMC3	HEK	0.7349557522123893	0.3545580250244511	HEK	Exclusive Low	0.3545580250244511	
"LMNA exon 10
chr1:156137651:C>A;chr1:156137753:A>T"	150786	0.3549279249078109	0.7127949183303086	0.6143312101910827	0.8107302533532041	0.8639219015280135	LMNA exon 10	chr1:156137651:C>A;chr1:156137753:A>T	48:C>A ; 150:A>T	chr1:156137603-156137763:+	chr1:156137603-156137763:+	HMC3	HEK	0.8639219015280135	0.3549279249078109	HEK	Exclusive Low	0.3549279249078109	
"SLC26A4 exon 11
chr7:107694364:A>G;chr7:107694448:G>A"	154079	0.3565828770532603	0.7712725903614458	0.672651772137092	0.6507936507936507	0.7705484674426879	SLC26A4 exon 11	chr7:107694364:A>G;chr7:107694448:G>A	24:A>G ; 108:G>A	chr7:107694340-107694500:+	chr7:107694340-107694500:+	HeLa	HEK	0.7712725903614458	0.3565828770532603	HEK	Exclusive Low	0.3565828770532603	
"DEPDC5 exon 6
chr22:31766600:C>T;chr22:31766606:G>A"	241668	0.3568510370835952	0.7246913580246913	0.7105042016806722	0.6821705426356589	0.6187523139577934	DEPDC5 exon 6	chr22:31766600:C>T;chr22:31766606:G>A	72:C>T ; 78:G>A	chr22:31766528-31766688:+	chr22:31766528-31766688:+	HeLa	HEK	0.7246913580246913	0.3568510370835952	HEK	Exclusive Low	0.3568510370835952	
"IVD exon 2
chr15:40407666:G>A"	18793	0.35769581056466304	0.7232142857142857	0.769266917293233	0.6824577861163227	0.7711538461538461	IVD exon 2	chr15:40407666:G>A	81:G>A	chr15:40407585-40407745:+	chr15:40407585-40407745:+	HMC3	HEK	0.7711538461538461	0.35769581056466304	HEK	Exclusive Low	0.35769581056466304	
"BIN1 exon 16
chr2:127051201:C>G"	47373	0.35897729878468243	0.7916666666666666	0.7309523809523809	0.6186868686868687	0.8536324786324787	BIN1 exon 16	chr2:127051201:C>G	93:G>C	chr2:127051134-127051294:-	chr2:127051134-127051294:-	HMC3	HEK	0.8536324786324787	0.35897729878468243	HEK	Exclusive Low	0.35897729878468243	
"DNM1L exon 5
chr12:32710905:A>G"	11047	0.35919343814080656	0.6421783625730995	0.6944789081885856	0.6486378205128205	0.7151898734177216	DNM1L exon 5	chr12:32710905:A>G	30:A>G	chr12:32710875-32711035:+	chr12:32710875-32711035:+	HMC3	HEK	0.7151898734177216	0.35919343814080656	HEK	Exclusive Low	0.35919343814080656	
"CACNA1C exon 31
chr12:2633629:G>A"	9219	0.35923007469424606	0.812603476821192	0.8281733746130031	0.7571428571428571	0.75982070910556	CACNA1C exon 31	chr12:2633629:G>A	57:G>A	chr12:2633572-2633732:+	chr12:2633572-2633732:+	K562	HEK	0.8281733746130031	0.35923007469424606	HEK	Exclusive Low	0.35923007469424606	
"UROS exon 3
chr10:125816287:T>A;chr10:125816209:C>G"	218719	0.35975128306356097	0.7170092838196287	0.7910714285714285	0.8444117647058824	0.8666038920276209	UROS exon 3	chr10:125816287:T>A;chr10:125816209:C>G	30:A>T ; 108:G>C	chr10:125816157-125816317:-	chr10:125816157-125816317:-	HMC3	HEK	0.8666038920276209	0.35975128306356097	HEK	Exclusive Low	0.35975128306356097	
"DNM1L exon 5
chr12:32710905:A>G;chr12:32710935:A>G"	137786	0.35987311657414744	0.9333333333333333	0.7604395604395604	0.791304347826087	0.7785661854661121	DNM1L exon 5	chr12:32710905:A>G;chr12:32710935:A>G	30:A>G ; 60:A>G	chr12:32710875-32711035:+	chr12:32710875-32711035:+	HeLa	HEK	0.9333333333333333	0.35987311657414744	HEK	Exclusive Low	0.35987311657414744	
"CACNA1C exon 31
chr12:2633585:A>C"	9088	0.35992631698887156	0.761244635193133	0.7715167957733909	0.7515640273704789	0.8041837571780148	CACNA1C exon 31	chr12:2633585:A>C	13:A>C	chr12:2633572-2633732:+	chr12:2633572-2633732:+	HMC3	HEK	0.8041837571780148	0.35992631698887156	HEK	Exclusive Low	0.35992631698887156	
"CACNA1C exon 31
chr12:2633578:C>A;chr12:2633650:A>T"	158593	0.36055437100213217	0.8833333333333333	0.8359649122807018	0.776551724137931	0.6947890818858561	CACNA1C exon 31	chr12:2633578:C>A;chr12:2633650:A>T	6:C>A ; 78:A>T	chr12:2633572-2633732:+	chr12:2633572-2633732:+	HeLa	HEK	0.8833333333333333	0.36055437100213217	HEK	Exclusive Low	0.36055437100213217	
"TSEN2 exon 6
chr3:12505109:A>C;chr3:12505217:C>G"	178284	0.3615301724137931	0.7834249084249085	0.7521929824561404	0.625	0.6827242524916943	TSEN2 exon 6	chr3:12505109:A>C;chr3:12505217:C>G	18:A>C ; 126:C>G	chr3:12505091-12505251:+	chr3:12505091-12505251:+	HeLa	HEK	0.7834249084249085	0.3615301724137931	HEK	Exclusive Low	0.3615301724137931	
"SLC26A4 exon 11
chr7:107694380:C>G"	69057	0.36174154701250577	0.7088856161021109	0.6357142857142857	0.6725171232876712	0.7736846782794169	SLC26A4 exon 11	chr7:107694380:C>G	40:C>G	chr7:107694340-107694500:+	chr7:107694340-107694500:+	HMC3	HEK	0.7736846782794169	0.36174154701250577	HEK	Exclusive Low	0.36174154701250577	
"BCKDHA exon 3
chr19:41410933:A>T"	34421	0.3623491750800295	0.61647159577505	0.7409571850393701	0.6726342710997442	0.8540989047461003	BCKDHA exon 3	chr19:41410933:A>T	64:A>T	chr19:41410869-41411029:+	chr19:41410869-41411029:+	HMC3	HEK	0.8540989047461003	0.3623491750800295	HEK	Exclusive Low	0.3623491750800295	
"NDUFAF5 exon 9
chr20:13816484:C>G;chr20:13816508:A>T"	242593	0.36334498834498835	0.7533783783783784	0.7115732368896925	0.6639784946236559	0.8731684981684982	NDUFAF5 exon 9	chr20:13816484:C>G;chr20:13816508:A>T	78:C>G ; 102:A>T	chr20:13816406-13816566:+	chr20:13816406-13816566:+	HMC3	HEK	0.8731684981684982	0.36334498834498835	HEK	Exclusive Low	0.36334498834498835	
"NDUFAF5 exon 9
chr20:13816412:T>A;chr20:13816442:C>G"	242365	0.3642857142857142	0.9	0.7661649944258639	0.6356589147286822	0.8227040816326531	NDUFAF5 exon 9	chr20:13816412:T>A;chr20:13816442:C>G	6:T>A ; 36:C>G	chr20:13816406-13816566:+	chr20:13816406-13816566:+	HeLa	HEK	0.9	0.3642857142857142	HEK	Exclusive Low	0.3642857142857142	
"PDE6B exon 8
chr4:656194:A>G;chr4:656212:T>G"	195338	0.36467391304347824	0.696969696969697	0.7148040638606676	0.8562271062271063	0.7784568372803666	PDE6B exon 8	chr4:656194:A>G;chr4:656212:T>G	42:A>G ; 60:T>G	chr4:656152-656312:+	chr4:656152-656312:+	MCF7	HEK	0.8562271062271063	0.36467391304347824	HEK	Exclusive Low	0.36467391304347824	
"DNM1L exon 5
chr12:32710881:A>C;chr12:32710917:A>G"	137811	0.365062656641604	0.7759197324414716	0.8313708999158957	0.8216269841269841	0.6866071428571429	DNM1L exon 5	chr12:32710881:A>C;chr12:32710917:A>G	6:A>C ; 42:A>G	chr12:32710875-32711035:+	chr12:32710875-32711035:+	K562	HEK	0.8313708999158957	0.365062656641604	HEK	Exclusive Low	0.365062656641604	
"BCKDHA exon 3
chr19:41410923:C>T;chr19:41411013:C>G"	146601	0.36542320859402666	0.6715367965367965	0.6908065307266484	0.6413345690454124	0.8167877906976744	BCKDHA exon 3	chr19:41410923:C>T;chr19:41411013:C>G	54:C>T ; 144:C>G	chr19:41410869-41411029:+	chr19:41410869-41411029:+	HMC3	HEK	0.8167877906976744	0.36542320859402666	HEK	Exclusive Low	0.36542320859402666	
"UROS exon 3
chr10:125816263:G>A;chr10:125816215:A>C"	218895	0.3656185663484933	0.8117367706919946	0.8250487329434698	0.7051886792452831	0.7536471503598522	UROS exon 3	chr10:125816263:G>A;chr10:125816215:A>C	54:C>T ; 102:T>G	chr10:125816157-125816317:-	chr10:125816157-125816317:-	K562	HEK	0.8250487329434698	0.3656185663484933	HEK	Exclusive Low	0.3656185663484933	
"SLC26A4 exon 11
chr7:107694453:G>T"	69275	0.3665200687493681	0.7057422969187676	0.6345864661654135	0.6795051353874884	0.7815269256987049	SLC26A4 exon 11	chr7:107694453:G>T	113:G>T	chr7:107694340-107694500:+	chr7:107694340-107694500:+	HMC3	HEK	0.7815269256987049	0.3665200687493681	HEK	Exclusive Low	0.3665200687493681	
"PDE6B exon 8
chr4:656170:G>C"	59974	0.3674728928513631	0.6939484126984128	0.6290092379115105	0.6461246045514848	0.7147805961858915	PDE6B exon 8	chr4:656170:G>C	18:G>C	chr4:656152-656312:+	chr4:656152-656312:+	HMC3	HEK	0.7147805961858915	0.3674728928513631	HEK	Exclusive Low	0.3674728928513631	
"GPI exon 5
chr19:34377524:A>G;chr19:34377572:G>A"	236834	0.36876075731497415	0.7043859649122808	0.6444582814445828	0.6196153846153847	0.8067366803278688	GPI exon 5	chr19:34377524:A>G;chr19:34377572:G>A	78:A>G ; 126:G>A	chr19:34377446-34377606:+	chr19:34377446-34377606:+	HMC3	HEK	0.8067366803278688	0.36876075731497415	HEK	Exclusive Low	0.36876075731497415	
"ERCC2 exon 3
chr19:45369184:C>T"	34781	0.3688552188552188	0.6993705528188288	0.7163524482848913	0.6339597902097902	0.8429680567879325	ERCC2 exon 3	chr19:45369184:C>T	26:G>A	chr19:45369050-45369210:-	chr19:45369050-45369210:-	HMC3	HEK	0.8429680567879325	0.3688552188552188	HEK	Exclusive Low	0.3688552188552188	
"COL11A2 exon 7
chr6:33185090:G>T;chr6:33185078:A>G"	221094	0.3704545454545455	0.8793103448275862	0.6208791208791209	0.6948051948051948	0.7132560066280034	COL11A2 exon 7	chr6:33185090:G>T;chr6:33185078:A>G	42:C>A ; 54:T>C	chr6:33184972-33185132:-	chr6:33184972-33185132:-	HeLa	HEK	0.8793103448275862	0.3704545454545455	HEK	Exclusive Low	0.3704545454545455	
"SLC26A4 exon 11
chr7:107694400:C>T"	69116	0.37075892857142856	0.7845911949685535	0.6497645951035782	0.7105970149253731	0.840194075587334	SLC26A4 exon 11	chr7:107694400:C>T	60:C>T	chr7:107694340-107694500:+	chr7:107694340-107694500:+	HMC3	HEK	0.840194075587334	0.37075892857142856	HEK	Exclusive Low	0.37075892857142856	
"UROS exon 3
chr10:125816287:T>C"	1050	0.37090909090909085	0.7142857142857142	0.7939799331103679	0.7016618010330115	0.7232600732600732	UROS exon 3	chr10:125816287:T>C	30:A>G	chr10:125816157-125816317:-	chr10:125816157-125816317:-	K562	HEK	0.7939799331103679	0.37090909090909085	HEK	Exclusive Low	0.37090909090909085	
"DEPDC5 exon 33
chr22:31861395:C>A"	45966	0.3711878377140764	0.7745790331341662	0.6373361547052254	0.6850856232576663	0.8006113964294448	DEPDC5 exon 33	chr22:31861395:C>A	102:C>A	chr22:31861293-31861453:+	chr22:31861293-31861453:+	HMC3	HEK	0.8006113964294448	0.3711878377140764	HEK	Exclusive Low	0.3711878377140764	
"SLC26A4 exon 11
chr7:107694418:T>C;chr7:107694424:G>C"	153774	0.37140495867768597	0.7306372549019609	0.6440406703069101	0.6291526239768896	0.8129553734061931	SLC26A4 exon 11	chr7:107694418:T>C;chr7:107694424:G>C	78:T>C ; 84:G>C	chr7:107694340-107694500:+	chr7:107694340-107694500:+	HMC3	HEK	0.8129553734061931	0.37140495867768597	HEK	Exclusive Low	0.37140495867768597	
"IVD exon 2
chr15:40407725:A>T"	18963	0.37161700048851976	0.7237394957983193	0.7763157894736842	0.6527777777777778	0.8411458333333333	IVD exon 2	chr15:40407725:A>T	140:A>T	chr15:40407585-40407745:+	chr15:40407585-40407745:+	HMC3	HEK	0.8411458333333333	0.37161700048851976	HEK	Exclusive Low	0.37161700048851976	
"CACNA1C exon 31
chr12:2633626:T>A;chr12:2633656:T>C"	158613	0.3718137254901961	0.7503875968992249	0.7059518534928371	0.7559717020391178	0.730163409703504	CACNA1C exon 31	chr12:2633626:T>A;chr12:2633656:T>C	54:T>A ; 84:T>C	chr12:2633572-2633732:+	chr12:2633572-2633732:+	MCF7	HEK	0.7559717020391178	0.3718137254901961	HEK	Exclusive Low	0.3718137254901961	
"CACNA1C exon 31
chr12:2633596:T>A"	9120	0.37189054726368154	0.6777777777777778	0.7486178861788618	0.782015503875969	0.6923281655466098	CACNA1C exon 31	chr12:2633596:T>A	24:T>A	chr12:2633572-2633732:+	chr12:2633572-2633732:+	MCF7	HEK	0.782015503875969	0.37189054726368154	HEK	Exclusive Low	0.37189054726368154	
"CACNA1C exon 10
chr12:2547384:T>G;chr12:2547396:C>G"	151930	0.37222222222222223	0.7863636363636364	0.7276785714285714	0.7239130434782608	0.8089046493301812	CACNA1C exon 10	chr12:2547384:T>G;chr12:2547396:C>G	0:T>G ; 12:C>G	chr12:2547384-2547544:+	chr12:2547384-2547544:+	HMC3	HEK	0.8089046493301812	0.37222222222222223	HEK	Exclusive Low	0.37222222222222223	
"DEPDC5 exon 33
chr22:31861297:C>G"	45675	0.37336170994610485	0.6955665024630542	0.6337943071965628	0.644646533973919	0.8592628308153862	DEPDC5 exon 33	chr22:31861297:C>G	4:C>G	chr22:31861293-31861453:+	chr22:31861293-31861453:+	HMC3	HEK	0.8592628308153862	0.37336170994610485	HEK	Exclusive Low	0.37336170994610485	
"SLC26A4 exon 11
chr7:107694370:G>C;chr7:107694496:T>A"	153752	0.373477038425492	0.7198275862068966	0.6984629294755877	0.6927083333333333	0.8863729090167278	SLC26A4 exon 11	chr7:107694370:G>C;chr7:107694496:T>A	30:G>C ; 156:T>A	chr7:107694340-107694500:+	chr7:107694340-107694500:+	HMC3	HEK	0.8863729090167278	0.373477038425492	HEK	Exclusive Low	0.373477038425492	
"DNM1L exon 5
chr12:32710929:G>A;chr12:32710971:A>C"	137419	0.3744671781756181	0.8392857142857142	0.8402513547791999	0.7470238095238095	0.7525717703349282	DNM1L exon 5	chr12:32710929:G>A;chr12:32710971:A>C	54:G>A ; 96:A>C	chr12:32710875-32711035:+	chr12:32710875-32711035:+	K562	HEK	0.8402513547791999	0.3744671781756181	HEK	Exclusive Low	0.3744671781756181	
"CACNA1C exon 10
chr12:2547498:G>C;chr12:2547534:C>A"	152648	0.3751958020050125	0.7330223880597015	0.6486185383244207	0.8028527200353825	0.8003669404158658	CACNA1C exon 10	chr12:2547498:G>C;chr12:2547534:C>A	114:G>C ; 150:C>A	chr12:2547384-2547544:+	chr12:2547384-2547544:+	MCF7	HEK	0.8028527200353825	0.3751958020050125	HEK	Exclusive Low	0.3751958020050125	
"PDE6B exon 8
chr4:656304:T>G"	60372	0.3762078318359044	0.7107522188272952	0.6435543799987404	0.7060709276698056	0.702941359691017	PDE6B exon 8	chr4:656304:T>G	152:T>G	chr4:656152-656312:+	chr4:656152-656312:+	HeLa	HEK	0.7107522188272952	0.3762078318359044	HEK	Exclusive Low	0.3762078318359044	
"NDUFAF5 exon 9
chr20:13816447:T>C"	41514	0.37631184407796103	0.8807339449541285	0.6385560675883257	0.6903571428571429	0.8765888010992786	NDUFAF5 exon 9	chr20:13816447:T>C	41:T>C	chr20:13816406-13816566:+	chr20:13816406-13816566:+	HeLa	HEK	0.8807339449541285	0.37631184407796103	HEK	Exclusive Low	0.37631184407796103	
"CACNA1C exon 10
chr12:2547432:C>T;chr12:2547486:G>A"	152029	0.37701149425287356	0.8275075987841944	0.7160326086956521	0.7281746031746033	0.8052473763118442	CACNA1C exon 10	chr12:2547432:C>T;chr12:2547486:G>A	48:C>T ; 102:G>A	chr12:2547384-2547544:+	chr12:2547384-2547544:+	HeLa	HEK	0.8275075987841944	0.37701149425287356	HEK	Exclusive Low	0.37701149425287356	
"DNM1L exon 5
chr12:32710959:A>C;chr12:32711019:A>G"	137565	0.37759197324414717	0.7011278195488722	0.7671760246387112	0.6898148148148149	0.7715638148667602	DNM1L exon 5	chr12:32710959:A>C;chr12:32711019:A>G	84:A>C ; 144:A>G	chr12:32710875-32711035:+	chr12:32710875-32711035:+	HMC3	HEK	0.7715638148667602	0.37759197324414717	HEK	Exclusive Low	0.37759197324414717	
"PDE6B exon 8
chr4:656248:T>G;chr4:656254:A>C"	195346	0.37831695331695336	0.639406779661017	0.6547202797202798	0.6942551119766309	0.7545787545787546	PDE6B exon 8	chr4:656248:T>G;chr4:656254:A>C	96:T>G ; 102:A>C	chr4:656152-656312:+	chr4:656152-656312:+	HMC3	HEK	0.7545787545787546	0.37831695331695336	HEK	Exclusive Low	0.37831695331695336	
"ERCC2 exon 3
chr19:45369144:G>T;chr19:45369084:T>G"	239403	0.3787878787878788	0.6904761904761905	0.7289696366351419	0.7440476190476191	0.8917902428540727	ERCC2 exon 3	chr19:45369144:G>T;chr19:45369084:T>G	66:C>A ; 126:A>C	chr19:45369050-45369210:-	chr19:45369050-45369210:-	HMC3	HEK	0.8917902428540727	0.3787878787878788	HEK	Exclusive Low	0.3787878787878788	
"TSEN2 exon 6
chr3:12505197:G>A"	52655	0.37993697478991595	0.8200220831799779	0.7304181540030596	0.7525974025974026	0.6884229482891691	TSEN2 exon 6	chr3:12505197:G>A	106:G>A	chr3:12505091-12505251:+	chr3:12505091-12505251:+	HeLa	HEK	0.8200220831799779	0.37993697478991595	HEK	Exclusive Low	0.37993697478991595	
"ERCC2 exon 3
chr19:45369204:A>C;chr19:45369114:C>G"	239574	0.38085298164049525	0.6950998185117967	0.6711229946524064	0.6376098232243039	0.8498389694041868	ERCC2 exon 3	chr19:45369204:A>C;chr19:45369114:C>G	6:T>G ; 96:G>C	chr19:45369050-45369210:-	chr19:45369050-45369210:-	HMC3	HEK	0.8498389694041868	0.38085298164049525	HEK	Exclusive Low	0.38085298164049525	
"TSEN2 exon 6
chr3:12505111:T>C"	52408	0.3816666666666666	0.8363095238095238	0.7823899371069183	0.7195767195767195	0.8072463768115943	TSEN2 exon 6	chr3:12505111:T>C	20:T>C	chr3:12505091-12505251:+	chr3:12505091-12505251:+	HeLa	HEK	0.8363095238095238	0.3816666666666666	HEK	Exclusive Low	0.3816666666666666	
"ANK3 exon 23
chr10:60166598:A>C"	2290	0.382449425915801	0.7518610421836229	0.6922413793103448	0.65625	0.6444444444444444	ANK3 exon 23	chr10:60166598:A>C	133:T>G	chr10:60166571-60166731:-	chr10:60166571-60166731:-	HeLa	HEK	0.7518610421836229	0.382449425915801	HEK	Exclusive Low	0.382449425915801	
"CACNA1C exon 31
chr12:2633618:C>G"	9188	0.38275862068965516	0.6887096774193548	0.8114035087719298	0.8520833333333333	0.7828054298642534	CACNA1C exon 31	chr12:2633618:C>G	46:C>G	chr12:2633572-2633732:+	chr12:2633572-2633732:+	MCF7	HEK	0.8520833333333333	0.38275862068965516	HEK	Exclusive Low	0.38275862068965516	
"PDE6B exon 8
chr4:656182:A>G;chr4:656218:G>C"	195687	0.3833688001309543	0.6990950226244343	0.6369276850663244	0.6578073089700996	0.7933467741935484	PDE6B exon 8	chr4:656182:A>G;chr4:656218:G>C	30:A>G ; 66:G>C	chr4:656152-656312:+	chr4:656152-656312:+	HMC3	HEK	0.7933467741935484	0.3833688001309543	HEK	Exclusive Low	0.3833688001309543	
"CACNA1C exon 31
chr12:2633632:T>C;chr12:2633710:A>T"	158523	0.38411854103343457	0.8503267973856209	0.739414996767938	0.8410134721371709	0.8420220363191185	CACNA1C exon 31	chr12:2633632:T>C;chr12:2633710:A>T	60:T>C ; 138:A>T	chr12:2633572-2633732:+	chr12:2633572-2633732:+	HeLa	HEK	0.8503267973856209	0.38411854103343457	HEK	Exclusive Low	0.38411854103343457	
"FAM98C exon 5
chr19:38405383:C>A"	104674	0.38421324754409136	0.815	0.7875923511516731	0.6718403547671841	0.8505549177190967	FAM98C exon 5	chr19:38405383:C>A	102:C>A	chr19:38405281-38405441:+	chr19:38405281-38405441:+	HMC3	HEK	0.8505549177190967	0.38421324754409136	HEK	Exclusive Low	0.38421324754409136	
"CACNA1C exon 31
chr12:2633686:A>G;chr12:2633698:C>T"	158588	0.387180224202357	0.699719887955182	0.8388746803069054	0.7470238095238095	0.6953781512605042	CACNA1C exon 31	chr12:2633686:A>G;chr12:2633698:C>T	114:A>G ; 126:C>T	chr12:2633572-2633732:+	chr12:2633572-2633732:+	K562	HEK	0.8388746803069054	0.387180224202357	HEK	Exclusive Low	0.387180224202357	
"SLC26A4 exon 11
chr7:107694429:T>G"	69204	0.3880494505494505	0.7401960784313726	0.6759615384615385	0.6781609195402298	0.7948735475051265	SLC26A4 exon 11	chr7:107694429:T>G	89:T>G	chr7:107694340-107694500:+	chr7:107694340-107694500:+	HMC3	HEK	0.7948735475051265	0.3880494505494505	HEK	Exclusive Low	0.3880494505494505	
"CACNA1C exon 31
chr12:2633632:T>C;chr12:2633692:G>A"	158859	0.38844012486724805	0.7522467320261439	0.775226645644462	0.8256079027355623	0.7829332552693209	CACNA1C exon 31	chr12:2633632:T>C;chr12:2633692:G>A	60:T>C ; 120:G>A	chr12:2633572-2633732:+	chr12:2633572-2633732:+	MCF7	HEK	0.8256079027355623	0.38844012486724805	HEK	Exclusive Low	0.38844012486724805	
"SLC26A4 exon 11
chr7:107694468:A>G"	69319	0.3885542168674698	0.8389084507042254	0.7350427350427351	0.6472868217054264	0.8196581196581196	SLC26A4 exon 11	chr7:107694468:A>G	128:A>G	chr7:107694340-107694500:+	chr7:107694340-107694500:+	HeLa	HEK	0.8389084507042254	0.3885542168674698	HEK	Exclusive Low	0.3885542168674698	
"PDE6B exon 8
chr4:656205:C>A"	60077	0.3886653517422748	0.7751367989056087	0.710069049245011	0.697431302270012	0.7403013877458353	PDE6B exon 8	chr4:656205:C>A	53:C>A	chr4:656152-656312:+	chr4:656152-656312:+	HeLa	HEK	0.7751367989056087	0.3886653517422748	HEK	Exclusive Low	0.3886653517422748	
"BCKDHA exon 3
chr19:41410941:C>T;chr19:41411007:C>A"	146772	0.38870008496176717	0.6764705882352942	0.7028162055335969	0.7077702702702703	0.8742816091954023	BCKDHA exon 3	chr19:41410941:C>T;chr19:41411007:C>A	72:C>T ; 138:C>A	chr19:41410869-41411029:+	chr19:41410869-41411029:+	HMC3	HEK	0.8742816091954023	0.38870008496176717	HEK	Exclusive Low	0.38870008496176717	
"SLC26A4 exon 11
chr7:107694340:A>T;chr7:107694400:C>T"	154187	0.38975576662143824	0.6946386946386947	0.7814685314685315	0.6486013986013985	0.8753880266075388	SLC26A4 exon 11	chr7:107694340:A>T;chr7:107694400:C>T	0:A>T ; 60:C>T	chr7:107694340-107694500:+	chr7:107694340-107694500:+	HMC3	HEK	0.8753880266075388	0.38975576662143824	HEK	Exclusive Low	0.38975576662143824	
"IVD exon 2
chr15:40407597:G>C;chr15:40407681:A>G"	166460	0.39009740259740255	0.8176470588235294	0.8155467720685112	0.7382154882154882	0.8767816091954024	IVD exon 2	chr15:40407597:G>C;chr15:40407681:A>G	12:G>C ; 96:A>G	chr15:40407585-40407745:+	chr15:40407585-40407745:+	HMC3	HEK	0.8767816091954024	0.39009740259740255	HEK	Exclusive Low	0.39009740259740255	
"MYBPC1 exon 4
chr12:101626878:A>T;chr12:101626890:C>G"	170717	0.39152759948652116	0.6775568181818181	0.6590909090909092	0.7744107744107744	0.675	MYBPC1 exon 4	chr12:101626878:A>T;chr12:101626890:C>G	108:A>T ; 120:C>G	chr12:101626770-101626930:+	chr12:101626770-101626930:+	MCF7	HEK	0.7744107744107744	0.39152759948652116	HEK	Exclusive Low	0.39152759948652116	
"ANK3 exon 23
chr10:60166731:C>T;chr10:60166611:T>G"	144818	0.3924450549450549	0.6862745098039216	0.6527061855670103	0.6611111111111112	0.6770382395382395	ANK3 exon 23	chr10:60166731:C>T;chr10:60166611:T>G	0:G>A ; 120:A>C	chr10:60166571-60166731:-	chr10:60166571-60166731:-	HeLa	HEK	0.6862745098039216	0.3924450549450549	HEK	Exclusive Low	0.3924450549450549	
"IVD exon 2
chr15:40407674:G>T"	18817	0.39291637052831085	0.890625	0.9037234042553192	0.7620967741935484	0.8586443586443586	IVD exon 2	chr15:40407674:G>T	89:G>T	chr15:40407585-40407745:+	chr15:40407585-40407745:+	K562	HEK	0.9037234042553192	0.39291637052831085	HEK	Exclusive Low	0.39291637052831085	
"EPB41L1 exon 18
chr20:36218912:A>C;chr20:36218978:C>T"	206958	0.39422084623323017	0.6899313501144164	0.7252747252747254	0.7581018518518519	0.88243006993007	EPB41L1 exon 18	chr20:36218912:A>C;chr20:36218978:C>T	90:A>C ; 156:C>T	chr20:36218822-36218982:+	chr20:36218822-36218982:+	HMC3	HEK	0.88243006993007	0.39422084623323017	HEK	Exclusive Low	0.39422084623323017	
"CACNA1C exon 31
chr12:2633596:T>A;chr12:2633710:A>C"	158238	0.3954498977505112	0.7812046444121916	0.7097726865938787	0.8479166666666667	0.8177254513529333	CACNA1C exon 31	chr12:2633596:T>A;chr12:2633710:A>C	24:T>A ; 138:A>C	chr12:2633572-2633732:+	chr12:2633572-2633732:+	MCF7	HEK	0.8479166666666667	0.3954498977505112	HEK	Exclusive Low	0.3954498977505112	
"LMNA exon 10
chr1:156137645:C>T;chr1:156137651:C>A"	151020	0.3954589606605148	0.7951388888888888	0.6465909090909091	0.8012820512820513	0.8424242424242425	LMNA exon 10	chr1:156137645:C>T;chr1:156137651:C>A	42:C>T ; 48:C>A	chr1:156137603-156137763:+	chr1:156137603-156137763:+	HMC3	HEK	0.8424242424242425	0.3954589606605148	HEK	Exclusive Low	0.3954589606605148	
"EPB41L1 exon 18
chr20:36218864:T>G;chr20:36218948:C>G"	206969	0.39799823373564913	0.9285714285714286	0.7619311875693673	0.7208237986270023	0.9166666666666667	EPB41L1 exon 18	chr20:36218864:T>G;chr20:36218948:C>G	42:T>G ; 126:C>G	chr20:36218822-36218982:+	chr20:36218822-36218982:+	HeLa	HEK	0.9285714285714286	0.39799823373564913	HEK	Exclusive Low	0.39799823373564913	
"BEST1 exon 8
chr11:61959527:A>T"	5970	0.39841269841269844	0.9596774193548387	0.7314073226544622	0.6539346525540727	0.9253822629969418	BEST1 exon 8	chr11:61959527:A>T	89:A>T	chr11:61959438-61959598:+	chr11:61959438-61959598:+	HeLa	HEK	0.9596774193548387	0.39841269841269844	HEK	Exclusive Low	0.39841269841269844	
"DNM1L exon 5
chr12:32710887:T>G;chr12:32710923:T>A"	137940	0.3984962406015037	0.8947750362844702	0.8947368421052632	0.8	0.7966534316505955	DNM1L exon 5	chr12:32710887:T>G;chr12:32710923:T>A	12:T>G ; 48:T>A	chr12:32710875-32711035:+	chr12:32710875-32711035:+	HeLa	HEK	0.8947750362844702	0.3984962406015037	HEK	Exclusive Low	0.3984962406015037	
"LMNA exon 10
chr1:156137645:C>A;chr1:156137699:G>T"	151124	0.3995475113122172	0.8446115288220551	0.7483105453402483	0.7291666666666666	0.7829648689807278	LMNA exon 10	chr1:156137645:C>A;chr1:156137699:G>T	42:C>A ; 96:G>T	chr1:156137603-156137763:+	chr1:156137603-156137763:+	HeLa	HEK	0.8446115288220551	0.3995475113122172	HEK	Exclusive Low	0.3995475113122172	
"NDUFAF5 exon 9
chr20:13816418:G>A;chr20:13816514:A>T"	242584	0.4008658008658008	0.8102536997885835	0.6802083333333333	0.7980324074074074	0.8352850539291217	NDUFAF5 exon 9	chr20:13816418:G>A;chr20:13816514:A>T	12:G>A ; 108:A>T	chr20:13816406-13816566:+	chr20:13816406-13816566:+	HMC3	HEK	0.8352850539291217	0.4008658008658008	HEK	Exclusive Low	0.4008658008658008	
"SLC26A4 exon 11
chr7:107694340:A>C"	68936	0.4009784735812133	0.7506690454950937	0.668362480127186	0.7804347826086957	0.7535714285714286	SLC26A4 exon 11	chr7:107694340:A>C	0:A>C	chr7:107694340-107694500:+	chr7:107694340-107694500:+	MCF7	HEK	0.7804347826086957	0.4009784735812133	HEK	Exclusive Low	0.4009784735812133	
"IVD exon 2
chr15:40407614:C>A"	18640	0.4023048716605552	0.8216878402903811	0.802463503649635	0.662037037037037	0.8745431162853662	IVD exon 2	chr15:40407614:C>A	29:C>A	chr15:40407585-40407745:+	chr15:40407585-40407745:+	HMC3	HEK	0.8745431162853662	0.4023048716605552	HEK	Exclusive Low	0.4023048716605552	
"SCN5A exon 24
chr3:38557311:A>C;chr3:38557239:A>G"	230410	0.40340909090909094	0.7120582120582121	0.7392953929539295	0.7362877583465819	0.6670837504170837	SCN5A exon 24	chr3:38557311:A>C;chr3:38557239:A>G	60:T>G ; 132:T>C	chr3:38557211-38557371:-	chr3:38557211-38557371:-	K562	HEK	0.7392953929539295	0.40340909090909094	HEK	Exclusive Low	0.40340909090909094	
"PDE6B exon 8
chr4:656198:G>C"	60058	0.4034968826240173	0.7022222222222223	0.6540574282147316	0.6727493917274938	0.7701014832162374	PDE6B exon 8	chr4:656198:G>C	46:G>C	chr4:656152-656312:+	chr4:656152-656312:+	HMC3	HEK	0.7701014832162374	0.4034968826240173	HEK	Exclusive Low	0.4034968826240173	
"IVD exon 2
chr15:40407609:G>C"	18627	0.4037295730100158	0.7498491704374057	0.7919724770642202	0.6687216093445814	0.8357689378830184	IVD exon 2	chr15:40407609:G>C	24:G>C	chr15:40407585-40407745:+	chr15:40407585-40407745:+	HMC3	HEK	0.8357689378830184	0.4037295730100158	HEK	Exclusive Low	0.4037295730100158	
"CACNA1C exon 31
chr12:2633596:T>A;chr12:2633632:T>A"	158446	0.40378464818763327	0.8249427917620138	0.7716346153846154	0.851114922813036	0.83828125	CACNA1C exon 31	chr12:2633596:T>A;chr12:2633632:T>A	24:T>A ; 60:T>A	chr12:2633572-2633732:+	chr12:2633572-2633732:+	MCF7	HEK	0.851114922813036	0.40378464818763327	HEK	Exclusive Low	0.40378464818763327	
"CACNA1C exon 31
chr12:2633614:C>G;chr12:2633704:G>C"	158771	0.4042407660738714	0.6761133603238867	0.8035343035343036	0.7519181585677749	0.7880133185349611	CACNA1C exon 31	chr12:2633614:C>G;chr12:2633704:G>C	42:C>G ; 132:G>C	chr12:2633572-2633732:+	chr12:2633572-2633732:+	K562	HEK	0.8035343035343036	0.4042407660738714	HEK	Exclusive Low	0.4042407660738714	
"ERCC2 exon 3
chr19:45369168:G>T;chr19:45369114:C>A"	239857	0.4046037497124454	0.7317937438905181	0.7407010971367407	0.6739589938702177	0.8242898817749117	ERCC2 exon 3	chr19:45369168:G>T;chr19:45369114:C>A	42:C>A ; 96:G>T	chr19:45369050-45369210:-	chr19:45369050-45369210:-	HMC3	HEK	0.8242898817749117	0.4046037497124454	HEK	Exclusive Low	0.4046037497124454	
"ART4 exon 2
chr12:14841216:T>A;chr12:14841174:T>A"	169054	0.40554146186776596	0.9312623925974883	0.9494949494949495	0.6847202295552368	0.7945274467013598	ART4 exon 2	chr12:14841216:T>A;chr12:14841174:T>A	6:A>T ; 48:A>T	chr12:14841062-14841222:-	chr12:14841062-14841222:-	K562	HEK	0.9494949494949495	0.40554146186776596	HEK	Exclusive Low	0.40554146186776596	
"UROS exon 3
chr10:125816269:A>T;chr10:125816227:T>A"	219066	0.40595421527624914	0.7815315315315315	0.8083964646464648	0.7421017625540406	0.7803438369692073	UROS exon 3	chr10:125816269:A>T;chr10:125816227:T>A	48:T>A ; 90:A>T	chr10:125816157-125816317:-	chr10:125816157-125816317:-	K562	HEK	0.8083964646464648	0.40595421527624914	HEK	Exclusive Low	0.40595421527624914	
"CACNA1C exon 31
chr12:2633694:C>T"	9411	0.4061904761904762	0.7557894736842106	0.7796052631578947	0.6910734463276835	0.6714232765011119	CACNA1C exon 31	chr12:2633694:C>T	122:C>T	chr12:2633572-2633732:+	chr12:2633572-2633732:+	K562	HEK	0.7796052631578947	0.4061904761904762	HEK	Exclusive Low	0.4061904761904762	
"CFTR exon 5
chr7:117534346:A>T"	70244	0.40644654088050314	0.8717105263157895	0.8216828478964402	0.6890243902439024	0.7543926661573721	CFTR exon 5	chr7:117534346:A>T	121:A>T	chr7:117534225-117534385:+	chr7:117534225-117534385:+	HeLa	HEK	0.8717105263157895	0.40644654088050314	HEK	Exclusive Low	0.40644654088050314	
"UROS exon 3
chr10:125816263:G>A;chr10:125816227:T>A"	218584	0.40667761357416526	0.8588235294117647	0.8782051282051283	0.6868686868686869	0.8076703464027408	UROS exon 3	chr10:125816263:G>A;chr10:125816227:T>A	54:C>T ; 90:A>T	chr10:125816157-125816317:-	chr10:125816157-125816317:-	K562	HEK	0.8782051282051283	0.40667761357416526	HEK	Exclusive Low	0.40667761357416526	
"CACNA1C exon 31
chr12:2633602:C>A;chr12:2633632:T>C"	158697	0.40675358457048594	0.8650615901455767	0.7937998456393105	0.8441123284756942	0.8939600545439961	CACNA1C exon 31	chr12:2633602:C>A;chr12:2633632:T>C	30:C>A ; 60:T>C	chr12:2633572-2633732:+	chr12:2633572-2633732:+	HMC3	HEK	0.8939600545439961	0.40675358457048594	HEK	Exclusive Low	0.40675358457048594	
"CACNA1C exon 10
chr12:2547390:C>A;chr12:2547504:G>A"	152325	0.4068627450980392	0.8166939443535188	0.6620639534883721	0.7911184210526316	0.8657735085945399	CACNA1C exon 10	chr12:2547390:C>A;chr12:2547504:G>A	6:C>A ; 120:G>A	chr12:2547384-2547544:+	chr12:2547384-2547544:+	HMC3	HEK	0.8657735085945399	0.4068627450980392	HEK	Exclusive Low	0.4068627450980392	
"IVD exon 2
chr15:40407711:T>C"	18924	0.40699785443142433	0.7384615384615385	0.7222222222222222	0.780952380952381	0.8813376483279396	IVD exon 2	chr15:40407711:T>C	126:T>C	chr15:40407585-40407745:+	chr15:40407585-40407745:+	HMC3	HEK	0.8813376483279396	0.40699785443142433	HEK	Exclusive Low	0.40699785443142433	
"SLC26A4 exon 11
chr7:107694454:G>C;chr7:107694460:C>G"	153586	0.40765306122448985	0.8103821196827685	0.6722222222222223	0.7973431317128321	0.8773184949655538	SLC26A4 exon 11	chr7:107694454:G>C;chr7:107694460:C>G	114:G>C ; 120:C>G	chr7:107694340-107694500:+	chr7:107694340-107694500:+	HMC3	HEK	0.8773184949655538	0.40765306122448985	HEK	Exclusive Low	0.40765306122448985	
"TSEN2 exon 6
chr3:12505129:A>G"	52463	0.41058066909900437	0.7798534798534799	0.70043391188251	0.708294930875576	0.6791902071563088	TSEN2 exon 6	chr3:12505129:A>G	38:A>G	chr3:12505091-12505251:+	chr3:12505091-12505251:+	HeLa	HEK	0.7798534798534799	0.41058066909900437	HEK	Exclusive Low	0.41058066909900437	
"DRD2 exon 6
chr11:113414485:G>T;chr11:113414371:T>A"	110190	0.41085644581407293	0.7639183457051961	0.7679288582903041	0.7299015765177249	0.786672140120416	DRD2 exon 6	chr11:113414485:G>T;chr11:113414371:T>A	30:C>A ; 144:A>T	chr11:113414355-113414515:-	chr11:113414355-113414515:-	HMC3	HEK	0.786672140120416	0.41085644581407293	HEK	Exclusive Low	0.41085644581407293	
"TSEN2 exon 6
chr3:12505119:T>C"	52432	0.4125	0.792691256830601	0.8300438596491229	0.7054369414101291	0.766591432961967	TSEN2 exon 6	chr3:12505119:T>C	28:T>C	chr3:12505091-12505251:+	chr3:12505091-12505251:+	K562	HEK	0.8300438596491229	0.4125	HEK	Exclusive Low	0.4125	
"PDE6B exon 8
chr4:656218:G>C;chr4:656308:T>G"	195958	0.413448258222927	0.7169720347155255	0.7134615384615384	0.7111221449851042	0.8293484612388002	PDE6B exon 8	chr4:656218:G>C;chr4:656308:T>G	66:G>C ; 156:T>G	chr4:656152-656312:+	chr4:656152-656312:+	HMC3	HEK	0.8293484612388002	0.413448258222927	HEK	Exclusive Low	0.413448258222927	
"BCKDHA exon 3
chr19:41410887:C>A;chr19:41410995:G>A"	147216	0.4139496228103823	0.696078431372549	0.7238562091503269	0.6702069716775598	0.8351791085589281	BCKDHA exon 3	chr19:41410887:C>A;chr19:41410995:G>A	18:C>A ; 126:G>A	chr19:41410869-41411029:+	chr19:41410869-41411029:+	HMC3	HEK	0.8351791085589281	0.4139496228103823	HEK	Exclusive Low	0.4139496228103823	
"CACNA1C exon 31
chr12:2633674:A>G;chr12:2633692:G>C"	158556	0.4141121237227285	0.6869234943027672	0.8179567956795679	0.7346182357301705	0.7254610981556073	CACNA1C exon 31	chr12:2633674:A>G;chr12:2633692:G>C	102:A>G ; 120:G>C	chr12:2633572-2633732:+	chr12:2633572-2633732:+	K562	HEK	0.8179567956795679	0.4141121237227285	HEK	Exclusive Low	0.4141121237227285	
"CHRNA1 exon 4
chr2:174757973:A>C"	88768	0.4155520587463939	0.7851351351351352	0.7206861239119303	0.6661538461538461	0.6972196478220575	CHRNA1 exon 4	chr2:174757973:A>C	113:T>G	chr2:174757926-174758086:-	chr2:174757926-174758086:-	HeLa	HEK	0.7851351351351352	0.4155520587463939	HEK	Exclusive Low	0.4155520587463939	
"SCN5A exon 24
chr3:38557323:C>A;chr3:38557251:C>A"	230505	0.4157692825413919	0.8026725692736514	0.7776552158840214	0.7434169278996865	0.7111934814558658	SCN5A exon 24	chr3:38557323:C>A;chr3:38557251:C>A	48:G>T ; 120:G>T	chr3:38557211-38557371:-	chr3:38557211-38557371:-	HeLa	HEK	0.8026725692736514	0.4157692825413919	HEK	Exclusive Low	0.4157692825413919	
"HERPUD1 exon 3
chr16:56935406:A>T"	101956	0.4195736434108527	0.7475409836065574	0.6795008912655971	0.7108083282302511	0.8475548770858556	HERPUD1 exon 3	chr16:56935406:A>T	71:A>T	chr16:56935335-56935495:+	chr16:56935335-56935495:+	HMC3	HEK	0.8475548770858556	0.4195736434108527	HEK	Exclusive Low	0.4195736434108527	
"ACADVL exon 3
chr17:7220437:G>A;chr17:7220545:G>C"	191385	0.42102272727272727	0.8717948717948718	0.816468253968254	0.894266917293233	0.8745098039215686	ACADVL exon 3	chr17:7220437:G>A;chr17:7220545:G>C	48:G>A ; 156:G>C	chr17:7220389-7220549:+	chr17:7220389-7220549:+	MCF7	HEK	0.894266917293233	0.42102272727272727	HEK	Exclusive Low	0.42102272727272727	
"MLC1 exon 4
chr22:50080364:A>T;chr22:50080358:T>G"	217342	0.42112710717361873	0.7580075662042876	0.7263798414381659	0.7241153342070774	0.704391433992952	MLC1 exon 4	chr22:50080364:A>T;chr22:50080358:T>G	120:T>A ; 126:A>C	chr22:50080324-50080484:-	chr22:50080324-50080484:-	HeLa	HEK	0.7580075662042876	0.42112710717361873	HEK	Exclusive Low	0.42112710717361873	
"RAB7A exon 4
chr3:128806345:A>T;chr3:128806417:G>T"	136654	0.4219674556213018	0.8303804064616989	0.7583333333333333	0.7593167701863355	0.9377419050316246	RAB7A exon 4	chr3:128806345:A>T;chr3:128806417:G>T	36:A>T ; 108:G>T	chr3:128806309-128806469:+	chr3:128806309-128806469:+	HMC3	HEK	0.9377419050316246	0.4219674556213018	HEK	Exclusive Low	0.4219674556213018	
"CACNA1C exon 31
chr12:2633620:C>A;chr12:2633662:T>G"	158693	0.4225649350649351	0.6810035842293907	0.8071428571428572	0.7529411764705882	0.7338638373121131	CACNA1C exon 31	chr12:2633620:C>A;chr12:2633662:T>G	48:C>A ; 90:T>G	chr12:2633572-2633732:+	chr12:2633572-2633732:+	K562	HEK	0.8071428571428572	0.4225649350649351	HEK	Exclusive Low	0.4225649350649351	
"TTC8 exon 7
chr14:88843752:A>G;chr14:88843782:T>A"	168230	0.42355617088607594	0.7490347490347491	0.7687776141384388	0.6833333333333333	0.6867741935483871	TTC8 exon 7	chr14:88843752:A>G;chr14:88843782:T>A	42:A>G ; 72:T>A	chr14:88843710-88843870:+	chr14:88843710-88843870:+	K562	HEK	0.7687776141384388	0.42355617088607594	HEK	Exclusive Low	0.42355617088607594	
"UROS exon 3
chr10:125816269:A>C;chr10:125816209:C>G"	218766	0.4235969387755102	0.8310104529616724	0.799364973262032	0.7045454545454546	0.8028657616892911	UROS exon 3	chr10:125816269:A>C;chr10:125816209:C>G	48:T>G ; 108:G>C	chr10:125816157-125816317:-	chr10:125816157-125816317:-	HeLa	HEK	0.8310104529616724	0.4235969387755102	HEK	Exclusive Low	0.4235969387755102	
"ACADVL exon 3
chr17:7220437:G>A;chr17:7220467:G>C"	191966	0.4243166508935033	0.8158526256352343	0.6960237829803047	0.7605263157894737	0.8288187919463088	ACADVL exon 3	chr17:7220437:G>A;chr17:7220467:G>C	48:G>A ; 78:G>C	chr17:7220389-7220549:+	chr17:7220389-7220549:+	HMC3	HEK	0.8288187919463088	0.4243166508935033	HEK	Exclusive Low	0.4243166508935033	
"ACADVL exon 3
chr17:7220491:C>G;chr17:7220515:A>G"	191465	0.4246281464530893	0.795120320855615	0.7243478260869565	0.7823426573426573	0.8085946573751452	ACADVL exon 3	chr17:7220491:C>G;chr17:7220515:A>G	102:C>G ; 126:A>G	chr17:7220389-7220549:+	chr17:7220389-7220549:+	HMC3	HEK	0.8085946573751452	0.4246281464530893	HEK	Exclusive Low	0.4246281464530893	
"KCNAB3 exon 8
chr17:7925178:G>T"	102543	0.42614942528735633	0.8614035087719298	0.7709030100334449	0.7330022918258212	0.8540883458646616	KCNAB3 exon 8	chr17:7925178:G>T	59:C>A	chr17:7925077-7925237:-	chr17:7925077-7925237:-	HeLa	HEK	0.8614035087719298	0.42614942528735633	HEK	Exclusive Low	0.42614942528735633	
"TNNT2 exon 4
chr1:201372137:A>G;chr1:201372041:T>G"	156542	0.42668067226890755	0.8350340136054422	0.8928571428571428	0.714574898785425	0.8101673101673101	TNNT2 exon 4	chr1:201372137:A>G;chr1:201372041:T>G	30:T>C ; 126:A>C	chr1:201372007-201372167:-	chr1:201372007-201372167:-	K562	HEK	0.8928571428571428	0.42668067226890755	HEK	Exclusive Low	0.42668067226890755	
"PDE6B exon 8
chr4:656218:G>C"	60118	0.42695125387433075	0.735996866431649	0.7254935330156569	0.7091666666666667	0.8370462984011517	PDE6B exon 8	chr4:656218:G>C	66:G>C	chr4:656152-656312:+	chr4:656152-656312:+	HMC3	HEK	0.8370462984011517	0.42695125387433075	HEK	Exclusive Low	0.42695125387433075	
"TSEN2 exon 6
chr3:12505124:T>G"	52448	0.4279411764705882	0.7905982905982906	0.771301247771836	0.6992481203007519	0.7361089851523037	TSEN2 exon 6	chr3:12505124:T>G	33:T>G	chr3:12505091-12505251:+	chr3:12505091-12505251:+	HeLa	HEK	0.7905982905982906	0.4279411764705882	HEK	Exclusive Low	0.4279411764705882	
"GPI exon 5
chr19:34377566:G>T;chr19:34377596:A>G"	236727	0.4285815602836879	0.7064102564102563	0.6818181818181819	0.8709677419354839	0.8720862470862472	GPI exon 5	chr19:34377566:G>T;chr19:34377596:A>G	120:G>T ; 150:A>G	chr19:34377446-34377606:+	chr19:34377446-34377606:+	HMC3	HEK	0.8720862470862472	0.4285815602836879	HEK	Exclusive Low	0.4285815602836879	
"EPB41L1 exon 18
chr20:36218900:G>A;chr20:36218912:A>C"	206806	0.4289772727272727	0.8474025974025974	0.6867559523809523	0.7939130434782609	0.8771308680828744	EPB41L1 exon 18	chr20:36218900:G>A;chr20:36218912:A>C	78:G>A ; 90:A>C	chr20:36218822-36218982:+	chr20:36218822-36218982:+	HMC3	HEK	0.8771308680828744	0.4289772727272727	HEK	Exclusive Low	0.4289772727272727	
"ACADVL exon 3
chr17:7220479:T>A;chr17:7220485:T>G"	191580	0.42969043739817014	0.7715617715617715	0.6881720430107527	0.6861083416417415	0.8315934065934065	ACADVL exon 3	chr17:7220479:T>A;chr17:7220485:T>G	90:T>A ; 96:T>G	chr17:7220389-7220549:+	chr17:7220389-7220549:+	HMC3	HEK	0.8315934065934065	0.42969043739817014	HEK	Exclusive Low	0.42969043739817014	
"ERCC2 exon 3
chr19:45369091:G>C"	35056	0.4306431273644389	0.8100233100233101	0.735	0.7072192513368984	0.868945868945869	ERCC2 exon 3	chr19:45369091:G>C	119:C>G	chr19:45369050-45369210:-	chr19:45369050-45369210:-	HMC3	HEK	0.868945868945869	0.4306431273644389	HEK	Exclusive Low	0.4306431273644389	
"CACNA1C exon 10
chr12:2547486:G>C;chr12:2547522:A>C"	152514	0.4314783943266915	0.8735003998933617	0.7299202127659574	0.7228846153846153	0.8072017644802454	CACNA1C exon 10	chr12:2547486:G>C;chr12:2547522:A>C	102:G>C ; 138:A>C	chr12:2547384-2547544:+	chr12:2547384-2547544:+	HeLa	HEK	0.8735003998933617	0.4314783943266915	HEK	Exclusive Low	0.4314783943266915	
"SLC26A4 exon 11
chr7:107694394:G>A"	69097	0.43157952912567704	0.884575569358178	0.7170446491849752	0.7579365079365079	0.8810533757511488	SLC26A4 exon 11	chr7:107694394:G>A	54:G>A	chr7:107694340-107694500:+	chr7:107694340-107694500:+	HeLa	HEK	0.884575569358178	0.43157952912567704	HEK	Exclusive Low	0.43157952912567704	
"CLN3 exon 5
chr16:28488609:G>A"	24614	0.4329710144927536	0.7193486590038314	0.7674603174603174	0.7325490196078431	0.8493006993006993	CLN3 exon 5	chr16:28488609:G>A	122:C>T	chr16:28488571-28488731:-	chr16:28488571-28488731:-	HMC3	HEK	0.8493006993006993	0.4329710144927536	HEK	Exclusive Low	0.4329710144927536	
"LMNA exon 10
chr1:156137648:C>A"	38666	0.4343653250773994	0.7996342737722049	0.7665883734586025	0.7132575757575758	0.8774509803921569	LMNA exon 10	chr1:156137648:C>A	45:C>A	chr1:156137603-156137763:+	chr1:156137603-156137763:+	HMC3	HEK	0.8774509803921569	0.4343653250773994	HEK	Exclusive Low	0.4343653250773994	
"IVD exon 2
chr15:40407589:G>C"	18567	0.4356060606060606	0.7437275985663083	0.885105585405473	0.7220965309200603	0.8767595088349805	IVD exon 2	chr15:40407589:G>C	4:G>C	chr15:40407585-40407745:+	chr15:40407585-40407745:+	K562	HEK	0.885105585405473	0.4356060606060606	HEK	Exclusive Low	0.4356060606060606	
"LMNA exon 10
chr1:156137621:T>C;chr1:156137639:C>G"	151088	0.4359724932627079	0.8560550233357898	0.7014891785057337	0.7738218094255246	0.8234484578840209	LMNA exon 10	chr1:156137621:T>C;chr1:156137639:C>G	18:T>C ; 36:C>G	chr1:156137603-156137763:+	chr1:156137603-156137763:+	HeLa	HEK	0.8560550233357898	0.4359724932627079	HEK	Exclusive Low	0.4359724932627079	
"CACNA1C exon 31
chr12:2633596:T>C;chr12:2633650:A>C"	158106	0.4362042521683943	0.7492281965526113	0.8420813106796117	0.7653858169322088	0.7789929368876738	CACNA1C exon 31	chr12:2633596:T>C;chr12:2633650:A>C	24:T>C ; 78:A>C	chr12:2633572-2633732:+	chr12:2633572-2633732:+	K562	HEK	0.8420813106796117	0.4362042521683943	HEK	Exclusive Low	0.4362042521683943	
"IVD exon 2
chr15:40407585:G>C;chr15:40407711:T>A"	166256	0.4372883207691467	0.7924107142857143	0.7763975155279503	0.7165999271933018	0.8270186335403726	IVD exon 2	chr15:40407585:G>C;chr15:40407711:T>A	0:G>C ; 126:T>A	chr15:40407585-40407745:+	chr15:40407585-40407745:+	HMC3	HEK	0.8270186335403726	0.4372883207691467	HEK	Exclusive Low	0.4372883207691467	
"DNM1L exon 5
chr12:32710905:A>G;chr12:32711025:G>A"	137619	0.4381029966136349	0.8696670653907497	0.8325469097964854	0.8013888888888889	0.8014073589613158	DNM1L exon 5	chr12:32710905:A>G;chr12:32711025:G>A	30:A>G ; 150:G>A	chr12:32710875-32711035:+	chr12:32710875-32711035:+	HeLa	HEK	0.8696670653907497	0.4381029966136349	HEK	Exclusive Low	0.4381029966136349	
"TSEN2 exon 6
chr3:12505120:T>A"	52434	0.4388110564180234	0.8412280701754387	0.7611721611721611	0.744788988648499	0.7785488264039093	TSEN2 exon 6	chr3:12505120:T>A	29:T>A	chr3:12505091-12505251:+	chr3:12505091-12505251:+	HeLa	HEK	0.8412280701754387	0.4388110564180234	HEK	Exclusive Low	0.4388110564180234	
"ERCC2 exon 3
chr19:45369099:G>C"	35033	0.4405365853658536	0.7849503437738732	0.7886202264440607	0.7007142857142857	0.8927528168034496	ERCC2 exon 3	chr19:45369099:G>C	111:C>G	chr19:45369050-45369210:-	chr19:45369050-45369210:-	HMC3	HEK	0.8927528168034496	0.4405365853658536	HEK	Exclusive Low	0.4405365853658536	
"IVD exon 2
chr15:40407609:G>C;chr15:40407687:C>A"	166173	0.4408700980392156	0.7821067821067822	0.8620224719101124	0.7619047619047619	0.8279109589041096	IVD exon 2	chr15:40407609:G>C;chr15:40407687:C>A	24:G>C ; 102:C>A	chr15:40407585-40407745:+	chr15:40407585-40407745:+	K562	HEK	0.8620224719101124	0.4408700980392156	HEK	Exclusive Low	0.4408700980392156	
"GPI exon 5
chr19:34377506:G>C;chr19:34377584:C>T"	236424	0.44114596836919884	0.7165775401069518	0.7290823211875843	0.821055381400209	0.9461300744486585	GPI exon 5	chr19:34377506:G>C;chr19:34377584:C>T	60:G>C ; 138:C>T	chr19:34377446-34377606:+	chr19:34377446-34377606:+	HMC3	HEK	0.9461300744486585	0.44114596836919884	HEK	Exclusive Low	0.44114596836919884	
"CACNA1C exon 31
chr12:2633608:T>G"	9158	0.44131770488704036	0.7966858620284405	0.7830439404677534	0.8298695227166475	0.8201492005839832	CACNA1C exon 31	chr12:2633608:T>G	36:T>G	chr12:2633572-2633732:+	chr12:2633572-2633732:+	MCF7	HEK	0.8298695227166475	0.44131770488704036	HEK	Exclusive Low	0.44131770488704036	
"BCKDHA exon 3
chr19:41410929:A>C;chr19:41411025:A>C"	146708	0.4418604651162791	0.7378378378378379	0.8010073552926127	0.7627077223851417	0.8372812633376014	BCKDHA exon 3	chr19:41410929:A>C;chr19:41411025:A>C	60:A>C ; 156:A>C	chr19:41410869-41411029:+	chr19:41410869-41411029:+	HMC3	HEK	0.8372812633376014	0.4418604651162791	HEK	Exclusive Low	0.4418604651162791	
"SCN5A exon 24
chr3:38557222:G>C"	57041	0.44212756467439784	0.8371794871794872	0.850752508361204	0.7814645308924485	0.7473290598290598	SCN5A exon 24	chr3:38557222:G>C	149:C>G	chr3:38557211-38557371:-	chr3:38557211-38557371:-	K562	HEK	0.850752508361204	0.44212756467439784	HEK	Exclusive Low	0.44212756467439784	
"NLRC3 exon 14
chr16:3548804:T>G;chr16:3548708:T>C"	161569	0.4421875	0.8536324786324787	0.841897233201581	0.7115384615384616	0.9460138104205902	NLRC3 exon 14	chr16:3548804:T>G;chr16:3548708:T>C	6:A>C ; 102:A>G	chr16:3548650-3548810:-	chr16:3548650-3548810:-	HMC3	HEK	0.9460138104205902	0.4421875	HEK	Exclusive Low	0.4421875	
"CACNA1C exon 10
chr12:2547384:T>G"	8098	0.44269924374636416	0.7998217468805704	0.8218878173151536	0.7563766067703075	0.8950950179763739	CACNA1C exon 10	chr12:2547384:T>G	0:T>G	chr12:2547384-2547544:+	chr12:2547384-2547544:+	HMC3	HEK	0.8950950179763739	0.44269924374636416	HEK	Exclusive Low	0.44269924374636416	
"IVD exon 2
chr15:40407664:A>C"	18788	0.44522685549436136	0.7333333333333334	0.7685344827586207	0.7233345467783037	0.8611270983213429	IVD exon 2	chr15:40407664:A>C	79:A>C	chr15:40407585-40407745:+	chr15:40407585-40407745:+	HMC3	HEK	0.8611270983213429	0.44522685549436136	HEK	Exclusive Low	0.44522685549436136	
"PNPLA7 exon 2
chr9:137547627:A>C"	95954	0.4459938145071385	0.7840579710144928	0.7349137931034483	0.7443829371540215	0.8333764665286405	PNPLA7 exon 2	chr9:137547627:A>C	98:T>G	chr9:137547565-137547725:-	chr9:137547565-137547725:-	HMC3	HEK	0.8333764665286405	0.4459938145071385	HEK	Exclusive Low	0.4459938145071385	
"CACNA1C exon 31
chr12:2633620:C>A;chr12:2633692:G>A"	158115	0.4460261448392012	0.8386936339522546	0.849874686716792	0.7972862216555869	0.7851957715167188	CACNA1C exon 31	chr12:2633620:C>A;chr12:2633692:G>A	48:C>A ; 120:G>A	chr12:2633572-2633732:+	chr12:2633572-2633732:+	K562	HEK	0.849874686716792	0.4460261448392012	HEK	Exclusive Low	0.4460261448392012	
"TTC8 exon 7
chr14:88843778:C>T"	17797	0.446060629228946	0.7501389660922735	0.7344397265948632	0.7577480286081056	0.733974358974359	TTC8 exon 7	chr14:88843778:C>T	68:C>T	chr14:88843710-88843870:+	chr14:88843710-88843870:+	MCF7	HEK	0.7577480286081056	0.446060629228946	HEK	Exclusive Low	0.446060629228946	
"CLN3 exon 5
chr16:28488603:A>T"	24631	0.44629358844085354	0.7096326638477801	0.7038714439076759	0.7241908811717458	0.8827924612467939	CLN3 exon 5	chr16:28488603:A>T	128:T>A	chr16:28488571-28488731:-	chr16:28488571-28488731:-	HMC3	HEK	0.8827924612467939	0.44629358844085354	HEK	Exclusive Low	0.44629358844085354	
"PDE6B exon 8
chr4:656164:C>A;chr4:656308:T>A"	195218	0.4471561113352158	0.7428571428571429	0.7670454545454546	0.7690566037735849	0.7686170212765957	PDE6B exon 8	chr4:656164:C>A;chr4:656308:T>A	12:C>A ; 156:T>A	chr4:656152-656312:+	chr4:656152-656312:+	MCF7	HEK	0.7690566037735849	0.4471561113352158	HEK	Exclusive Low	0.4471561113352158	
"UROS exon 3
chr10:125816271:A>G"	1097	0.4477795457833068	0.8482530258049783	0.8673153342683497	0.7188316536020903	0.7959287965249979	UROS exon 3	chr10:125816271:A>G	46:T>C	chr10:125816157-125816317:-	chr10:125816157-125816317:-	K562	HEK	0.8673153342683497	0.4477795457833068	HEK	Exclusive Low	0.4477795457833068	
"ACAD9 exon 2
chr3:128884678:T>G;chr3:128884708:A>G"	192557	0.4489247311827957	0.9375	0.8426640926640927	0.8927738927738929	0.8416149068322981	ACAD9 exon 2	chr3:128884678:T>G;chr3:128884708:A>G	72:T>G ; 102:A>G	chr3:128884606-128884766:+	chr3:128884606-128884766:+	HeLa	HEK	0.9375	0.4489247311827957	HEK	Exclusive Low	0.4489247311827957	
"ERCC2 exon 3
chr19:45369108:T>C;chr19:45369084:T>G"	239577	0.44966329966329965	0.7348130841121495	0.7450491803278688	0.715948275862069	0.8728070175438596	ERCC2 exon 3	chr19:45369108:T>C;chr19:45369084:T>G	102:A>G ; 126:A>C	chr19:45369050-45369210:-	chr19:45369050-45369210:-	HMC3	HEK	0.8728070175438596	0.44966329966329965	HEK	Exclusive Low	0.44966329966329965	
"TNNT2 exon 4
chr1:201372119:A>C;chr1:201372083:A>T"	156067	0.4499151103565364	0.7942028985507246	0.8812915479582146	0.7278293918918919	0.8334473324213406	TNNT2 exon 4	chr1:201372119:A>C;chr1:201372083:A>T	48:T>G ; 84:T>A	chr1:201372007-201372167:-	chr1:201372007-201372167:-	K562	HEK	0.8812915479582146	0.4499151103565364	HEK	Exclusive Low	0.4499151103565364	
"BCKDHA exon 3
chr19:41410911:C>G;chr19:41410923:C>T"	146578	0.4501176470588235	0.8680555555555556	0.724937343358396	0.7207792207792207	0.8620891332319569	BCKDHA exon 3	chr19:41410911:C>G;chr19:41410923:C>T	42:C>G ; 54:C>T	chr19:41410869-41411029:+	chr19:41410869-41411029:+	HeLa	HEK	0.8680555555555556	0.4501176470588235	HEK	Exclusive Low	0.4501176470588235	
"EPB41L1 exon 18
chr20:36218868:T>G"	42474	0.4526848175458499	0.8348484848484848	0.7141010575793185	0.8506140765233821	0.8565323565323565	EPB41L1 exon 18	chr20:36218868:T>G	46:T>G	chr20:36218822-36218982:+	chr20:36218822-36218982:+	HMC3	HEK	0.8565323565323565	0.4526848175458499	HEK	Exclusive Low	0.4526848175458499	
"SLC26A4 exon 11
chr7:107694450:C>G"	69267	0.4530047078371642	0.8185990338164251	0.7259017412935324	0.8958064516129032	0.9236560736560737	SLC26A4 exon 11	chr7:107694450:C>G	110:C>G	chr7:107694340-107694500:+	chr7:107694340-107694500:+	HMC3	HEK	0.9236560736560737	0.4530047078371642	HEK	Exclusive Low	0.4530047078371642	
"DNM1L exon 5
chr12:32710923:T>G;chr12:32710947:A>C"	137604	0.45417348608837965	0.873868778280543	0.8088578088578089	0.8180487804878049	0.8210178615121115	DNM1L exon 5	chr12:32710923:T>G;chr12:32710947:A>C	48:T>G ; 72:A>C	chr12:32710875-32711035:+	chr12:32710875-32711035:+	HeLa	HEK	0.873868778280543	0.45417348608837965	HEK	Exclusive Low	0.45417348608837965	
"EPB41L1 exon 18
chr20:36218864:T>G"	42462	0.4542279411764706	0.8695035460992908	0.8171428571428572	0.7403361344537815	0.9053571428571427	EPB41L1 exon 18	chr20:36218864:T>G	42:T>G	chr20:36218822-36218982:+	chr20:36218822-36218982:+	HMC3	HEK	0.9053571428571427	0.4542279411764706	HEK	Exclusive Low	0.4542279411764706	
"SLC26A4 exon 11
chr7:107694477:G>A"	69342	0.455	0.8796791443850267	0.8260416666666666	0.7404411764705883	0.8765319187854399	SLC26A4 exon 11	chr7:107694477:G>A	137:G>A	chr7:107694340-107694500:+	chr7:107694340-107694500:+	HeLa	HEK	0.8796791443850267	0.455	HEK	Exclusive Low	0.455	
"CACNA1C exon 10
chr12:2547485:G>A"	8393	0.45617409267371867	0.8785082174462706	0.8347714552238805	0.8706140350877193	0.9051324255573845	CACNA1C exon 10	chr12:2547485:G>A	101:G>A	chr12:2547384-2547544:+	chr12:2547384-2547544:+	HMC3	HEK	0.9051324255573845	0.45617409267371867	HEK	Exclusive Low	0.45617409267371867	
"BCKDHA exon 3
chr19:41410941:C>G;chr19:41411019:G>A"	147056	0.4574623237724842	0.7598214285714285	0.7679442508710801	0.7829861111111112	0.9366883116883118	BCKDHA exon 3	chr19:41410941:C>G;chr19:41411019:G>A	72:C>G ; 150:G>A	chr19:41410869-41411029:+	chr19:41410869-41411029:+	HMC3	HEK	0.9366883116883118	0.4574623237724842	HEK	Exclusive Low	0.4574623237724842	
"DEPDC5 exon 33
chr22:31861311:T>G;chr22:31861407:A>G"	174702	0.4575471698113207	0.8295454545454546	0.7450980392156863	0.7305418719211823	0.9544061302681992	DEPDC5 exon 33	chr22:31861311:T>G;chr22:31861407:A>G	18:T>G ; 114:A>G	chr22:31861293-31861453:+	chr22:31861293-31861453:+	HMC3	HEK	0.9544061302681992	0.4575471698113207	HEK	Exclusive Low	0.4575471698113207	
"MLC1 exon 4
chr22:50080448:G>A;chr22:50080406:A>G"	216920	0.4578047435190292	0.7225400457665905	0.7574074074074073	0.861094527363184	0.8311529692758659	MLC1 exon 4	chr22:50080448:G>A;chr22:50080406:A>G	36:C>T ; 78:T>C	chr22:50080324-50080484:-	chr22:50080324-50080484:-	MCF7	HEK	0.861094527363184	0.4578047435190292	HEK	Exclusive Low	0.4578047435190292	
"DEPDC5 exon 33
chr22:31861395:C>A;chr22:31861425:T>A"	174808	0.45919145690312735	0.8569767441860465	0.722943722943723	0.8634453781512604	0.9010989010989011	DEPDC5 exon 33	chr22:31861395:C>A;chr22:31861425:T>A	102:C>A ; 132:T>A	chr22:31861293-31861453:+	chr22:31861293-31861453:+	HMC3	HEK	0.9010989010989011	0.45919145690312735	HEK	Exclusive Low	0.45919145690312735	
"CACNA1C exon 10
chr12:2547504:G>C"	8448	0.4627517179054342	0.8478801169590644	0.7221461618355207	0.806722470624935	0.8722698252688172	CACNA1C exon 10	chr12:2547504:G>C	120:G>C	chr12:2547384-2547544:+	chr12:2547384-2547544:+	HMC3	HEK	0.8722698252688172	0.4627517179054342	HEK	Exclusive Low	0.4627517179054342	
"COL11A2 exon 7
chr6:33185078:A>C;chr6:33185042:C>T"	156906	0.4630281690140845	0.8439680957128615	0.7637096774193548	0.8310104529616724	0.8403174603174604	COL11A2 exon 7	chr6:33185078:A>C;chr6:33185042:C>T	54:T>G ; 90:G>A	chr6:33184972-33185132:-	chr6:33184972-33185132:-	HeLa	HEK	0.8439680957128615	0.4630281690140845	HEK	Exclusive Low	0.4630281690140845	
"TNNT2 exon 4
chr1:201372103:A>T"	39679	0.46428571428571425	0.8447368421052632	0.7644495412844037	0.8131243063263041	0.7882553606237817	TNNT2 exon 4	chr1:201372103:A>T	64:T>A	chr1:201372007-201372167:-	chr1:201372007-201372167:-	HeLa	HEK	0.8447368421052632	0.46428571428571425	HEK	Exclusive Low	0.46428571428571425	
"ATP5PD exon 4
chr17:75040155:C>A"	103297	0.4659315339038842	0.9411764705882353	0.7211538461538463	0.75	0.8611111111111112	ATP5PD exon 4	chr17:75040155:C>A	77:G>T	chr17:75040072-75040232:-	chr17:75040072-75040232:-	HeLa	HEK	0.9411764705882353	0.4659315339038842	HEK	Exclusive Low	0.4659315339038842	
"TTC8 exon 7
chr14:88843770:A>C;chr14:88843812:T>G"	168855	0.465971996092478	0.8547619047619048	0.7818532818532818	0.8428571428571429	0.8448979591836736	TTC8 exon 7	chr14:88843770:A>C;chr14:88843812:T>G	60:A>C ; 102:T>G	chr14:88843710-88843870:+	chr14:88843710-88843870:+	HeLa	HEK	0.8547619047619048	0.465971996092478	HEK	Exclusive Low	0.465971996092478	
"SLC26A4 exon 11
chr7:107694346:C>T"	68954	0.4660658307210031	0.8932692307692307	0.78	0.7889705882352941	0.874911107950505	SLC26A4 exon 11	chr7:107694346:C>T	6:C>T	chr7:107694340-107694500:+	chr7:107694340-107694500:+	HeLa	HEK	0.8932692307692307	0.4660658307210031	HEK	Exclusive Low	0.4660658307210031	
"TNNT2 exon 4
chr1:201372083:A>G"	39740	0.4662816691505216	0.8500000000000001	0.7516119988786094	0.7901622187336473	0.8018867924528301	TNNT2 exon 4	chr1:201372083:A>G	84:T>C	chr1:201372007-201372167:-	chr1:201372007-201372167:-	HeLa	HEK	0.8500000000000001	0.4662816691505216	HEK	Exclusive Low	0.4662816691505216	
"GPI exon 5
chr19:34377548:A>C;chr19:34377554:G>A"	236579	0.46753481642249956	0.7627403846153846	0.7589180250413419	0.7839016653449643	0.9197876447876447	GPI exon 5	chr19:34377548:A>C;chr19:34377554:G>A	102:A>C ; 108:G>A	chr19:34377446-34377606:+	chr19:34377446-34377606:+	HMC3	HEK	0.9197876447876447	0.46753481642249956	HEK	Exclusive Low	0.46753481642249956	
"NDUFAF5 exon 9
chr20:13816505:T>C"	41681	0.4687261632341724	0.9271099744245523	0.7483253588516746	0.7489878542510122	0.8645969498910675	NDUFAF5 exon 9	chr20:13816505:T>C	99:T>C	chr20:13816406-13816566:+	chr20:13816406-13816566:+	HeLa	HEK	0.9271099744245523	0.4687261632341724	HEK	Exclusive Low	0.4687261632341724	
"BEST1 exon 8
chr11:61959516:A>C;chr11:61959594:G>T"	209704	0.46896086369770584	0.9468085106382979	0.8154761904761905	0.8181818181818182	0.9212690951821387	BEST1 exon 8	chr11:61959516:A>C;chr11:61959594:G>T	78:A>C ; 156:G>T	chr11:61959438-61959598:+	chr11:61959438-61959598:+	HeLa	HEK	0.9468085106382979	0.46896086369770584	HEK	Exclusive Low	0.46896086369770584	
"TSEN2 exon 6
chr3:12505251:T>A"	52810	0.4689769975786925	0.7416666666666667	0.8151260504201681	0.8615591397849462	0.75	TSEN2 exon 6	chr3:12505251:T>A	160:T>A	chr3:12505091-12505251:+	chr3:12505091-12505251:+	MCF7	HEK	0.8615591397849462	0.4689769975786925	HEK	Exclusive Low	0.4689769975786925	
"SLC26A4 exon 11
chr7:107694486:A>G"	69370	0.4691336061199075	0.7383783783783784	0.7497348886532343	0.7333024118738405	0.8847248576850095	SLC26A4 exon 11	chr7:107694486:A>G	146:A>G	chr7:107694340-107694500:+	chr7:107694340-107694500:+	HMC3	HEK	0.8847248576850095	0.4691336061199075	HEK	Exclusive Low	0.4691336061199075	
"DMD exon 71
chrX:31178012:A>T;chrX:31177982:A>T"	161138	0.46931771110716614	0.9068376068376067	0.816507711038961	0.9119747899159664	0.9293102730602731	DMD exon 71	chrX:31178012:A>T;chrX:31177982:A>T	60:T>A ; 90:T>A	chrX:31177912-31178072:-	chrX:31177912-31178072:-	HMC3	HEK	0.9293102730602731	0.46931771110716614	HEK	Exclusive Low	0.46931771110716614	
"TNNT2 exon 4
chr1:201372049:G>T"	39841	0.4695970695970696	0.75	0.7554963357761493	0.7651821862348178	0.8321995464852607	TNNT2 exon 4	chr1:201372049:G>T	118:C>A	chr1:201372007-201372167:-	chr1:201372007-201372167:-	HMC3	HEK	0.8321995464852607	0.4695970695970696	HEK	Exclusive Low	0.4695970695970696	
"UROS exon 3
chr10:125816209:C>G;chr10:125816197:G>A"	219055	0.4704164334217636	0.9045031055900621	0.8688665855636659	0.8128930817610063	0.860798853439681	UROS exon 3	chr10:125816209:C>G;chr10:125816197:G>A	108:G>C ; 120:C>T	chr10:125816157-125816317:-	chr10:125816157-125816317:-	HeLa	HEK	0.9045031055900621	0.4704164334217636	HEK	Exclusive Low	0.4704164334217636	
"SCN5A exon 24
chr3:38557303:A>G"	56802	0.47165354330708664	0.8392397395123429	0.8111133796107255	0.8365264872114186	0.767741935483871	SCN5A exon 24	chr3:38557303:A>G	68:T>C	chr3:38557211-38557371:-	chr3:38557211-38557371:-	HeLa	HEK	0.8392397395123429	0.47165354330708664	HEK	Exclusive Low	0.47165354330708664	
"DMKN exon 8
chr19:35505975:C>A"	104539	0.47342657342657335	0.9924242424242424	0.8054054054054054	0.7679263565891472	0.8835386338185891	DMKN exon 8	chr19:35505975:C>A	104:G>T	chr19:35505919-35506079:-	chr19:35505919-35506079:-	HeLa	HEK	0.9924242424242424	0.47342657342657335	HEK	Exclusive Low	0.47342657342657335	
"NDUFAF5 exon 9
chr20:13816537:G>T"	41769	0.4739859971028489	0.8294117647058823	0.7611764705882353	0.7662337662337663	0.8982549541555753	NDUFAF5 exon 9	chr20:13816537:G>T	131:G>T	chr20:13816406-13816566:+	chr20:13816406-13816566:+	HMC3	HEK	0.8982549541555753	0.4739859971028489	HEK	Exclusive Low	0.4739859971028489	
"GPI exon 5
chr19:34377550:G>T"	33107	0.4752012882447665	0.7743421052631578	0.7688253012048193	0.7811783960720131	0.9549772544822049	GPI exon 5	chr19:34377550:G>T	104:G>T	chr19:34377446-34377606:+	chr19:34377446-34377606:+	HMC3	HEK	0.9549772544822049	0.4752012882447665	HEK	Exclusive Low	0.4752012882447665	
"TTC8 exon 7
chr14:88843740:G>A;chr14:88843770:A>C"	168667	0.4765306122448979	0.8504273504273505	0.7896810506566605	0.7778072033898304	0.7714663976799899	TTC8 exon 7	chr14:88843740:G>A;chr14:88843770:A>C	30:G>A ; 60:A>C	chr14:88843710-88843870:+	chr14:88843710-88843870:+	HeLa	HEK	0.8504273504273505	0.4765306122448979	HEK	Exclusive Low	0.4765306122448979	
"CACNA1C exon 31
chr12:2633617:T>A"	9183	0.47927295918367346	0.782051282051282	0.8783333333333333	0.8648268093494791	0.8076036866359446	CACNA1C exon 31	chr12:2633617:T>A	45:T>A	chr12:2633572-2633732:+	chr12:2633572-2633732:+	K562	HEK	0.8783333333333333	0.47927295918367346	HEK	Exclusive Low	0.47927295918367346	
"SHOX2 exon 2
chr3:158105132:T>G;chr3:158105090:A>G"	197631	0.4798701298701299	0.8293650793650793	0.8956502308952777	0.8131868131868132	0.89354624085163	SHOX2 exon 2	chr3:158105132:T>G;chr3:158105090:A>G	66:A>C ; 108:T>C	chr3:158105038-158105198:-	chr3:158105038-158105198:-	K562	HEK	0.8956502308952777	0.4798701298701299	HEK	Exclusive Low	0.4798701298701299	
"SLC26A4 exon 11
chr7:107694382:T>C"	69062	0.48142414860681115	0.8602564102564103	0.7573591253153911	0.8071428571428572	0.9329625292740048	SLC26A4 exon 11	chr7:107694382:T>C	42:T>C	chr7:107694340-107694500:+	chr7:107694340-107694500:+	HMC3	HEK	0.9329625292740048	0.48142414860681115	HEK	Exclusive Low	0.48142414860681115	
"BCKDHA exon 3
chr19:41410917:C>A;chr19:41411025:A>G"	147225	0.4817073170731707	0.8302197802197802	0.8100490196078431	0.7457983193277311	0.930952380952381	BCKDHA exon 3	chr19:41410917:C>A;chr19:41411025:A>G	48:C>A ; 156:A>G	chr19:41410869-41411029:+	chr19:41410869-41411029:+	HMC3	HEK	0.930952380952381	0.4817073170731707	HEK	Exclusive Low	0.4817073170731707	
"CACNA1C exon 31
chr12:2633643:T>C"	9260	0.48510344827586205	0.8907734056987788	0.8443609022556391	0.9107142857142858	0.8556998556998556	CACNA1C exon 31	chr12:2633643:T>C	71:T>C	chr12:2633572-2633732:+	chr12:2633572-2633732:+	MCF7	HEK	0.9107142857142858	0.48510344827586205	HEK	Exclusive Low	0.48510344827586205	
"DEPDC5 exon 33
chr22:31861341:T>C;chr22:31861437:A>C"	174771	0.48536773199845973	0.8685758513931888	0.7466340269277846	0.8707407407407408	0.8530785195434105	DEPDC5 exon 33	chr22:31861341:T>C;chr22:31861437:A>C	48:T>C ; 144:A>C	chr22:31861293-31861453:+	chr22:31861293-31861453:+	MCF7	HEK	0.8707407407407408	0.48536773199845973	HEK	Exclusive Low	0.48536773199845973	
"UROS exon 3
chr10:125816273:A>T"	1090	0.4853988603988604	0.8545454545454546	0.8957866427610937	0.7990322580645162	0.8819062425257116	UROS exon 3	chr10:125816273:A>T	44:T>A	chr10:125816157-125816317:-	chr10:125816157-125816317:-	K562	HEK	0.8957866427610937	0.4853988603988604	HEK	Exclusive Low	0.4853988603988604	
"TTC8 exon 7
chr14:88843752:A>T;chr14:88843758:A>G"	168806	0.48599208965062624	0.8102564102564103	0.8146774193548387	0.8233665559246954	0.7521261347348304	TTC8 exon 7	chr14:88843752:A>T;chr14:88843758:A>G	42:A>T ; 48:A>G	chr14:88843710-88843870:+	chr14:88843710-88843870:+	MCF7	HEK	0.8233665559246954	0.48599208965062624	HEK	Exclusive Low	0.48599208965062624	
"TSEN2 exon 6
chr3:12505165:A>G"	52568	0.48600537393640836	0.8911154031868662	0.862741935483871	0.784780578898226	0.8276515151515151	TSEN2 exon 6	chr3:12505165:A>G	74:A>G	chr3:12505091-12505251:+	chr3:12505091-12505251:+	HeLa	HEK	0.8911154031868662	0.48600537393640836	HEK	Exclusive Low	0.48600537393640836	
"CACNA1C exon 31
chr12:2633608:T>G;chr12:2633644:C>T"	158418	0.48602540834845737	0.8134751773049644	0.8397316821465428	0.8254830917874396	0.8150452488687783	CACNA1C exon 31	chr12:2633608:T>G;chr12:2633644:C>T	36:T>G ; 72:C>T	chr12:2633572-2633732:+	chr12:2633572-2633732:+	K562	HEK	0.8397316821465428	0.48602540834845737	HEK	Exclusive Low	0.48602540834845737	
"SLC26A4 exon 11
chr7:107694455:G>A"	69280	0.48624940730203886	0.8476190476190477	0.7891048104491876	0.796236559139785	0.8721552878179384	SLC26A4 exon 11	chr7:107694455:G>A	115:G>A	chr7:107694340-107694500:+	chr7:107694340-107694500:+	HMC3	HEK	0.8721552878179384	0.48624940730203886	HEK	Exclusive Low	0.48624940730203886	
"TTC8 exon 7
chr14:88843726:T>A"	17640	0.48724375040164514	0.8907051282051283	0.8138888888888889	0.8107416879795396	0.7591940001807174	TTC8 exon 7	chr14:88843726:T>A	16:T>A	chr14:88843710-88843870:+	chr14:88843710-88843870:+	HeLa	HEK	0.8907051282051283	0.48724375040164514	HEK	Exclusive Low	0.48724375040164514	
"TTC8 exon 7
chr14:88843740:G>A;chr14:88843794:T>C"	168745	0.489006681210799	0.7663149350649351	0.8221500721500721	0.8005010548523206	0.7569924812030076	TTC8 exon 7	chr14:88843740:G>A;chr14:88843794:T>C	30:G>A ; 84:T>C	chr14:88843710-88843870:+	chr14:88843710-88843870:+	K562	HEK	0.8221500721500721	0.489006681210799	HEK	Exclusive Low	0.489006681210799	
"LMNA exon 10
chr1:156137621:T>C;chr1:156137705:G>A"	150381	0.48929765886287624	0.8409090909090909	0.7609147609147608	0.8144067796610169	0.7941176470588235	LMNA exon 10	chr1:156137621:T>C;chr1:156137705:G>A	18:T>C ; 102:G>A	chr1:156137603-156137763:+	chr1:156137603-156137763:+	HeLa	HEK	0.8409090909090909	0.48929765886287624	HEK	Exclusive Low	0.48929765886287624	
"SLC26A4 exon 11
chr7:107694349:G>A"	68962	0.49012605042016805	0.8545454545454546	0.81	0.7906403940886699	0.9487657864523535	SLC26A4 exon 11	chr7:107694349:G>A	9:G>A	chr7:107694340-107694500:+	chr7:107694340-107694500:+	HMC3	HEK	0.9487657864523535	0.49012605042016805	HEK	Exclusive Low	0.49012605042016805	
"TSEN2 exon 6
chr3:12505199:A>C;chr3:12505235:T>A"	178886	0.49030064870259477	0.845748987854251	0.7991452991452992	0.8254654255319149	0.8810344827586207	TSEN2 exon 6	chr3:12505199:A>C;chr3:12505235:T>A	108:A>C ; 144:T>A	chr3:12505091-12505251:+	chr3:12505091-12505251:+	HMC3	HEK	0.8810344827586207	0.49030064870259477	HEK	Exclusive Low	0.49030064870259477	
"MLC1 exon 4
chr22:50080407:A>C"	46373	0.4922331137179281	0.8580729166666667	0.7876647834274952	0.854418262150221	0.7786392038879888	MLC1 exon 4	chr22:50080407:A>C	77:T>G	chr22:50080324-50080484:-	chr22:50080324-50080484:-	HeLa	HEK	0.8580729166666667	0.4922331137179281	HEK	Exclusive Low	0.4922331137179281	
"NLRC3 exon 14
chr16:3548730:T>C"	26397	0.4942215088282504	0.8675213675213675	0.9272450532724504	0.8169136878814298	0.8932614555256065	NLRC3 exon 14	chr16:3548730:T>C	80:A>G	chr16:3548650-3548810:-	chr16:3548650-3548810:-	K562	HEK	0.9272450532724504	0.4942215088282504	HEK	Exclusive Low	0.4942215088282504	
"UROS exon 3
chr10:125816257:A>T;chr10:125816239:C>T"	219062	0.4959016393442623	0.9336309523809524	0.9265151515151515	0.8110328638497653	0.8814544055405926	UROS exon 3	chr10:125816257:A>T;chr10:125816239:C>T	60:T>A ; 78:G>A	chr10:125816157-125816317:-	chr10:125816157-125816317:-	HeLa	HEK	0.9336309523809524	0.4959016393442623	HEK	Exclusive Low	0.4959016393442623	
"BEST1 exon 8
chr11:61959480:G>T;chr11:61959492:C>T"	209658	0.4959795321637427	0.9065217391304348	0.8933333333333333	0.7621212121212122	0.943562951496388	BEST1 exon 8	chr11:61959480:G>T;chr11:61959492:C>T	42:G>T ; 54:C>T	chr11:61959438-61959598:+	chr11:61959438-61959598:+	HMC3	HEK	0.943562951496388	0.4959795321637427	HEK	Exclusive Low	0.4959795321637427	
"SLC26A4 exon 11
chr7:107694340:A>T;chr7:107694430:G>C"	154155	0.4969230769230769	0.8883534136546185	0.7881012658227848	0.8012820512820513	0.8632509341764875	SLC26A4 exon 11	chr7:107694340:A>T;chr7:107694430:G>C	0:A>T ; 90:G>C	chr7:107694340-107694500:+	chr7:107694340-107694500:+	HeLa	HEK	0.8883534136546185	0.4969230769230769	HEK	Exclusive Low	0.4969230769230769	
"ASS1 exon 5
chr9:130464087:A>C;chr9:130464183:T>A"	181345	0.49694749694749696	0.8967512238540276	0.8707341269841271	0.7879417879417879	0.886760752688172	ASS1 exon 5	chr9:130464087:A>C;chr9:130464183:T>A	60:A>C ; 156:T>A	chr9:130464027-130464187:+	chr9:130464027-130464187:+	HeLa	HEK	0.8967512238540276	0.49694749694749696	HEK	Exclusive Low	0.49694749694749696	
"SCN5A exon 24
chr3:38557335:T>A;chr3:38557251:C>T"	230215	0.4970430687374173	0.818758902582523	0.8712860217458144	0.8167981181679812	0.8067595307917889	SCN5A exon 24	chr3:38557335:T>A;chr3:38557251:C>T	36:A>T ; 120:G>A	chr3:38557211-38557371:-	chr3:38557211-38557371:-	K562	HEK	0.8712860217458144	0.4970430687374173	HEK	Exclusive Low	0.4970430687374173	
"ACADVL exon 3
chr17:7220431:T>G;chr17:7220479:T>A"	191596	0.49742063492063493	0.9014084507042254	0.7595505617977528	0.7856643356643357	0.8493644795602886	ACADVL exon 3	chr17:7220431:T>G;chr17:7220479:T>A	42:T>G ; 90:T>A	chr17:7220389-7220549:+	chr17:7220389-7220549:+	HeLa	HEK	0.9014084507042254	0.49742063492063493	HEK	Exclusive Low	0.49742063492063493	
"CACNA1C exon 31
chr12:2633584:A>C"	9085	0.4974481845098956	0.8632199546485261	0.8180198698184311	0.8280463497854802	0.8095486292087981	CACNA1C exon 31	chr12:2633584:A>C	12:A>C	chr12:2633572-2633732:+	chr12:2633572-2633732:+	HeLa	HEK	0.8632199546485261	0.4974481845098956	HEK	Exclusive Low	0.4974481845098956	
"CACNA1C exon 31
chr12:2633590:C>T;chr12:2633596:T>G"	158365	0.49757830158217625	0.9439655172413793	0.916912035333088	0.8458792991563919	0.8767904509283819	CACNA1C exon 31	chr12:2633590:C>T;chr12:2633596:T>G	18:C>T ; 24:T>G	chr12:2633572-2633732:+	chr12:2633572-2633732:+	HeLa	HEK	0.9439655172413793	0.49757830158217625	HEK	Exclusive Low	0.49757830158217625	
"CACNA1C exon 31
chr12:2633572:T>C;chr12:2633698:C>G"	158656	0.4977862309802943	0.8533333333333333	0.8875044185224461	0.7979373567608862	0.8424059139784946	CACNA1C exon 31	chr12:2633572:T>C;chr12:2633698:C>G	0:T>C ; 126:C>G	chr12:2633572-2633732:+	chr12:2633572-2633732:+	K562	HEK	0.8875044185224461	0.4977862309802943	HEK	Exclusive Low	0.4977862309802943	
"CACNA1C exon 31
chr12:2633650:A>T;chr12:2633656:T>C"	158235	0.4978151260504201	0.8383636363636364	0.8764720942140297	0.7748538011695907	0.8233322432962721	CACNA1C exon 31	chr12:2633650:A>T;chr12:2633656:T>C	78:A>T ; 84:T>C	chr12:2633572-2633732:+	chr12:2633572-2633732:+	K562	HEK	0.8764720942140297	0.4978151260504201	HEK	Exclusive Low	0.4978151260504201	
"SLC26A4 exon 11
chr7:107694424:G>T;chr7:107694472:T>G"	154049	0.49795271430458327	0.861764705882353	0.7865002115954296	0.7744755244755245	0.8972066386161759	SLC26A4 exon 11	chr7:107694424:G>T;chr7:107694472:T>G	84:G>T ; 132:T>G	chr7:107694340-107694500:+	chr7:107694340-107694500:+	HMC3	HEK	0.8972066386161759	0.49795271430458327	HEK	Exclusive Low	0.49795271430458327	
"DNM1L exon 5
chr12:32710923:T>A;chr12:32711025:G>A"	137296	0.49810108092316685	0.8803146970204219	0.8520279304709553	0.7647058823529411	0.8461616161616161	DNM1L exon 5	chr12:32710923:T>A;chr12:32711025:G>A	48:T>A ; 150:G>A	chr12:32710875-32711035:+	chr12:32710875-32711035:+	HeLa	HEK	0.8803146970204219	0.49810108092316685	HEK	Exclusive Low	0.49810108092316685	
"TIMM44 exon 11
chr19:7928071:G>A"	36082	0.4990079365079365	0.8699127906976745	0.8086527293844368	0.8535736875395319	0.9455508968087584	TIMM44 exon 11	chr19:7928071:G>A	146:C>T	chr19:7928057-7928217:-	chr19:7928057-7928217:-	HMC3	HEK	0.9455508968087584	0.4990079365079365	HEK	Exclusive Low	0.4990079365079365	
"PDE6B exon 8
chr4:656236:C>T"	60171	0.499388379204893	0.8278388278388278	0.7864493996569468	0.7646059782608696	0.8648897058823529	PDE6B exon 8	chr4:656236:C>T	84:C>T	chr4:656152-656312:+	chr4:656152-656312:+	HMC3	HEK	0.8648897058823529	0.499388379204893	HEK	Exclusive Low	0.499388379204893	
"SCN5A exon 24
chr3:38557211:A>C"	57074	0.4998977630556578	0.9330384854127871	0.8939171559034573	0.832297278629645	0.8253174861608596	SCN5A exon 24	chr3:38557211:A>C	160:T>G	chr3:38557211-38557371:-	chr3:38557211-38557371:-	HeLa	HEK	0.9330384854127871	0.4998977630556578	HEK	Exclusive Low	0.4998977630556578	
"CACNA1C exon 31
chr12:2633692:G>C"	9406	0.5006102589477156	0.8575487012987013	0.8553744331413163	0.7708190892930398	0.8112066574202497	CACNA1C exon 31	chr12:2633692:G>C	120:G>C	chr12:2633572-2633732:+	chr12:2633572-2633732:+	HeLa	HEK	0.8575487012987013	0.5006102589477156	HEK	Exclusive Low	0.5006102589477156	
"TSEN2 exon 6
chr3:12505103:A>C;chr3:12505193:T>C"	178285	0.5013500482160077	0.8769953051643193	0.871031746031746	0.8419384057971016	0.889423076923077	TSEN2 exon 6	chr3:12505103:A>C;chr3:12505193:T>C	12:A>C ; 102:T>C	chr3:12505091-12505251:+	chr3:12505091-12505251:+	HMC3	HEK	0.889423076923077	0.5013500482160077	HEK	Exclusive Low	0.5013500482160077	
"MEFV exon 8
chr16:3244364:G>T;chr16:3244268:A>G"	215486	0.5019230769230769	0.9143621766280108	0.8147497805092185	0.7555555555555555	0.7681138585393905	MEFV exon 8	chr16:3244364:G>T;chr16:3244268:A>G	30:C>A ; 126:T>C	chr16:3244234-3244394:-	chr16:3244234-3244394:-	HeLa	HEK	0.9143621766280108	0.5019230769230769	HEK	Exclusive Low	0.5019230769230769	
"DGKZ exon 4
chr11:46368033:C>T"	97393	0.5028340080971659	0.8670634920634921	0.7703349282296651	0.7573529411764706	0.9455172413793104	DGKZ exon 4	chr11:46368033:C>T	94:C>T	chr11:46367939-46368099:+	chr11:46367939-46368099:+	HMC3	HEK	0.9455172413793104	0.5028340080971659	HEK	Exclusive Low	0.5028340080971659	
"RAB7A exon 4
chr3:128806351:T>A;chr3:128806393:G>A"	136671	0.5034330985915493	0.920804794520548	0.8741800834824089	0.8482783357245338	0.9111635220125787	RAB7A exon 4	chr3:128806351:T>A;chr3:128806393:G>A	42:T>A ; 84:G>A	chr3:128806309-128806469:+	chr3:128806309-128806469:+	HeLa	HEK	0.920804794520548	0.5034330985915493	HEK	Exclusive Low	0.5034330985915493	
"NDUFAF5 exon 9
chr20:13816472:A>G;chr20:13816496:A>C"	242404	0.5044086021505376	0.8751803751803753	0.7779503105590062	0.7976190476190477	0.8555949566587864	NDUFAF5 exon 9	chr20:13816472:A>G;chr20:13816496:A>C	66:A>G ; 90:A>C	chr20:13816406-13816566:+	chr20:13816406-13816566:+	HeLa	HEK	0.8751803751803753	0.5044086021505376	HEK	Exclusive Low	0.5044086021505376	
"SLC26A4 exon 11
chr7:107694358:A>G;chr7:107694442:A>T"	153742	0.5045008183306056	0.9	0.7719512195121951	0.76890756302521	0.9126984126984127	SLC26A4 exon 11	chr7:107694358:A>G;chr7:107694442:A>T	18:A>G ; 102:A>T	chr7:107694340-107694500:+	chr7:107694340-107694500:+	HMC3	HEK	0.9126984126984127	0.5045008183306056	HEK	Exclusive Low	0.5045008183306056	
"DMD exon 71
chrX:31177982:A>T"	81133	0.5058139534883721	0.95	0.8202146690518783	0.9094594594594595	0.9211532803765814	DMD exon 71	chrX:31177982:A>T	90:T>A	chrX:31177912-31178072:-	chrX:31177912-31178072:-	HeLa	HEK	0.95	0.5058139534883721	HEK	Exclusive Low	0.5058139534883721	
"CACNA1C exon 31
chr12:2633669:T>G"	9337	0.5059523809523809	0.8550691244239632	0.8984395489116181	0.8255597014925373	0.8790509259259259	CACNA1C exon 31	chr12:2633669:T>G	97:T>G	chr12:2633572-2633732:+	chr12:2633572-2633732:+	K562	HEK	0.8984395489116181	0.5059523809523809	HEK	Exclusive Low	0.5059523809523809	
"DRD2 exon 6
chr11:113414485:G>T;chr11:113414371:T>G"	110320	0.5062948067844029	0.8545454545454546	0.7873563218390804	0.8567796610169491	0.8576803321224702	DRD2 exon 6	chr11:113414485:G>T;chr11:113414371:T>G	30:C>A ; 144:A>C	chr11:113414355-113414515:-	chr11:113414355-113414515:-	HMC3	HEK	0.8576803321224702	0.5062948067844029	HEK	Exclusive Low	0.5062948067844029	
"NDUFAF5 exon 9
chr20:13816466:T>A;chr20:13816544:G>C"	242582	0.5066364972357648	0.9151202749140893	0.825106482291849	0.8430334240186552	0.9249361879460332	NDUFAF5 exon 9	chr20:13816466:T>A;chr20:13816544:G>C	60:T>A ; 138:G>C	chr20:13816406-13816566:+	chr20:13816406-13816566:+	HMC3	HEK	0.9249361879460332	0.5066364972357648	HEK	Exclusive Low	0.5066364972357648	
"CACNA1C exon 31
chr12:2633671:G>A"	9341	0.5083458364591148	0.8768939393939394	0.9069444444444444	0.8289960675456858	0.8526112267879149	CACNA1C exon 31	chr12:2633671:G>A	99:G>A	chr12:2633572-2633732:+	chr12:2633572-2633732:+	K562	HEK	0.9069444444444444	0.5083458364591148	HEK	Exclusive Low	0.5083458364591148	
"CACNA1C exon 31
chr12:2633668:A>T"	9332	0.508613782051282	0.8795454545454546	0.9631578947368421	0.844956658786446	0.8765438101721288	CACNA1C exon 31	chr12:2633668:A>T	96:A>T	chr12:2633572-2633732:+	chr12:2633572-2633732:+	K562	HEK	0.9631578947368421	0.508613782051282	HEK	Exclusive Low	0.508613782051282	
"TSEN2 exon 6
chr3:12505181:A>G;chr3:12505205:G>C"	178899	0.5088396014143362	0.909016393442623	0.8495652173913043	0.849025974025974	0.8926636743538151	TSEN2 exon 6	chr3:12505181:A>G;chr3:12505205:G>C	90:A>G ; 114:G>C	chr3:12505091-12505251:+	chr3:12505091-12505251:+	HeLa	HEK	0.909016393442623	0.5088396014143362	HEK	Exclusive Low	0.5088396014143362	
"DRD2 exon 6
chr11:113414467:G>T;chr11:113414443:C>T"	110300	0.5093814432989691	0.8947765700483092	0.8216582597730139	0.9357142857142857	0.8826967988152199	DRD2 exon 6	chr11:113414467:G>T;chr11:113414443:C>T	48:C>A ; 72:G>A	chr11:113414355-113414515:-	chr11:113414355-113414515:-	MCF7	HEK	0.9357142857142857	0.5093814432989691	HEK	Exclusive Low	0.5093814432989691	
"RAB7A exon 4
chr3:128806357:T>A"	53429	0.5100806451612903	0.939799331103679	0.8939393939393939	0.9142857142857144	0.9852941176470589	RAB7A exon 4	chr3:128806357:T>A	48:T>A	chr3:128806309-128806469:+	chr3:128806309-128806469:+	HMC3	HEK	0.9852941176470589	0.5100806451612903	HEK	Exclusive Low	0.5100806451612903	
"MLC1 exon 4
chr22:50080382:T>A;chr22:50080358:T>A"	217065	0.5103189493433395	0.8501838235294117	0.8120967741935483	0.8324753324753325	0.7698654480832698	MLC1 exon 4	chr22:50080382:T>A;chr22:50080358:T>A	102:A>T ; 126:A>T	chr22:50080324-50080484:-	chr22:50080324-50080484:-	HeLa	HEK	0.8501838235294117	0.5103189493433395	HEK	Exclusive Low	0.5103189493433395	
"ASS1 exon 5
chr9:130464069:C>A;chr9:130464087:A>G"	181692	0.5108874764595104	0.8348416289592759	0.8271304090976221	0.7655249679897567	0.9323308270676692	ASS1 exon 5	chr9:130464069:C>A;chr9:130464087:A>G	42:C>A ; 60:A>G	chr9:130464027-130464187:+	chr9:130464027-130464187:+	HMC3	HEK	0.9323308270676692	0.5108874764595104	HEK	Exclusive Low	0.5108874764595104	
"ACADVL exon 3
chr17:7220443:G>T;chr17:7220527:G>A"	191331	0.5126538987688098	0.9351851851851851	0.871588269454123	0.944683908045977	0.9330634278002701	ACADVL exon 3	chr17:7220443:G>T;chr17:7220527:G>A	54:G>T ; 138:G>A	chr17:7220389-7220549:+	chr17:7220389-7220549:+	MCF7	HEK	0.944683908045977	0.5126538987688098	HEK	Exclusive Low	0.5126538987688098	
"BCKDHA exon 3
chr19:41410899:G>C;chr19:41410941:C>G"	147163	0.5128960661258227	0.8583788706739526	0.7745575221238938	0.8313008130081301	0.8946441155743481	BCKDHA exon 3	chr19:41410899:G>C;chr19:41410941:C>G	30:G>C ; 72:C>G	chr19:41410869-41411029:+	chr19:41410869-41411029:+	HMC3	HEK	0.8946441155743481	0.5128960661258227	HEK	Exclusive Low	0.5128960661258227	
"UROS exon 3
chr10:125816221:C>T;chr10:125816215:A>C"	218832	0.5133511348464619	0.9442401960784315	0.9718868720979317	0.7992424242424243	0.8648086018028215	UROS exon 3	chr10:125816221:C>T;chr10:125816215:A>C	96:G>A ; 102:T>G	chr10:125816157-125816317:-	chr10:125816157-125816317:-	K562	HEK	0.9718868720979317	0.5133511348464619	HEK	Exclusive Low	0.5133511348464619	
"BCKDHA exon 3
chr19:41410919:G>C"	34383	0.5138888888888888	0.903125	0.9210526315789473	0.8035714285714286	0.9193548387096775	BCKDHA exon 3	chr19:41410919:G>C	50:G>C	chr19:41410869-41411029:+	chr19:41410869-41411029:+	K562	HEK	0.9210526315789473	0.5138888888888888	HEK	Exclusive Low	0.5138888888888888	
"CACNA1C exon 31
chr12:2633668:A>T;chr12:2633692:G>A"	158197	0.5157004830917875	0.7807971014492754	0.9116071428571428	0.8304659498207885	0.7975437010247137	CACNA1C exon 31	chr12:2633668:A>T;chr12:2633692:G>A	96:A>T ; 120:G>A	chr12:2633572-2633732:+	chr12:2633572-2633732:+	K562	HEK	0.9116071428571428	0.5157004830917875	HEK	Exclusive Low	0.5157004830917875	
"COL11A2 exon 7
chr6:33185078:A>C;chr6:33185024:G>A"	118426	0.5178498985801216	0.9153050108932461	0.7946819015375934	0.8282051282051281	0.7956305309734513	COL11A2 exon 7	chr6:33185078:A>C;chr6:33185024:G>A	54:T>G ; 108:C>T	chr6:33184972-33185132:-	chr6:33184972-33185132:-	HeLa	HEK	0.9153050108932461	0.5178498985801216	HEK	Exclusive Low	0.5178498985801216	
"TSEN2 exon 6
chr3:12505096:C>G"	52364	0.5182926829268293	0.9312957157784745	0.8071072646210333	0.8099358974358974	0.8252925823019281	TSEN2 exon 6	chr3:12505096:C>G	5:C>G	chr3:12505091-12505251:+	chr3:12505091-12505251:+	HeLa	HEK	0.9312957157784745	0.5182926829268293	HEK	Exclusive Low	0.5182926829268293	
"DEPDC5 exon 33
chr22:31861311:T>C;chr22:31861407:A>G"	174959	0.5186021311179339	0.9066666666666667	0.7885714285714285	0.7813275434243176	0.9560954816709292	DEPDC5 exon 33	chr22:31861311:T>C;chr22:31861407:A>G	18:T>C ; 114:A>G	chr22:31861293-31861453:+	chr22:31861293-31861453:+	HMC3	HEK	0.9560954816709292	0.5186021311179339	HEK	Exclusive Low	0.5186021311179339	
"CACNA1C exon 31
chr12:2633631:T>A"	9225	0.5199816961561928	0.8632989690721649	0.8129095674967235	0.903567447045708	0.9125596184419714	CACNA1C exon 31	chr12:2633631:T>A	59:T>A	chr12:2633572-2633732:+	chr12:2633572-2633732:+	HMC3	HEK	0.9125596184419714	0.5199816961561928	HEK	Exclusive Low	0.5199816961561928	
"SCN5A exon 24
chr3:38557338:G>C"	56698	0.5204813108038915	0.94	0.8733031674208145	0.8409375	0.8818815331010452	SCN5A exon 24	chr3:38557338:G>C	33:C>G	chr3:38557211-38557371:-	chr3:38557211-38557371:-	HeLa	HEK	0.94	0.5204813108038915	HEK	Exclusive Low	0.5204813108038915	
"CACNA1C exon 31
chr12:2633648:G>C"	9275	0.5205271928495683	0.8803571428571428	0.8490927676974187	0.8324175824175823	0.7979204339963833	CACNA1C exon 31	chr12:2633648:G>C	76:G>C	chr12:2633572-2633732:+	chr12:2633572-2633732:+	HeLa	HEK	0.8803571428571428	0.5205271928495683	HEK	Exclusive Low	0.5205271928495683	
"ACADVL exon 3
chr17:7220419:A>C;chr17:7220533:G>A"	192057	0.5205853174603174	0.9444444444444444	0.7743950039032006	0.9170918367346939	0.9549200799200799	ACADVL exon 3	chr17:7220419:A>C;chr17:7220533:G>A	30:A>C ; 144:G>A	chr17:7220389-7220549:+	chr17:7220389-7220549:+	HMC3	HEK	0.9549200799200799	0.5205853174603174	HEK	Exclusive Low	0.5205853174603174	
"UROS exon 3
chr10:125816257:A>C;chr10:125816221:C>T"	218689	0.5211432663823692	0.9209310589907604	0.9359903381642511	0.8214285714285714	0.8743903983786181	UROS exon 3	chr10:125816257:A>C;chr10:125816221:C>T	60:T>G ; 96:G>A	chr10:125816157-125816317:-	chr10:125816157-125816317:-	K562	HEK	0.9359903381642511	0.5211432663823692	HEK	Exclusive Low	0.5211432663823692	
"TTC8 exon 7
chr14:88843781:A>G"	17807	0.5214406011141339	0.8487725631768953	0.8008875565743843	0.8266666666666667	0.8223458904109588	TTC8 exon 7	chr14:88843781:A>G	71:A>G	chr14:88843710-88843870:+	chr14:88843710-88843870:+	HeLa	HEK	0.8487725631768953	0.5214406011141339	HEK	Exclusive Low	0.5214406011141339	
"UROS exon 3
chr10:125816214:G>T"	96911	0.5218898664059954	0.9065217391304348	0.9171532244763317	0.7811731866849977	0.8495535008692903	UROS exon 3	chr10:125816214:G>T	103:C>A	chr10:125816157-125816317:-	chr10:125816157-125816317:-	K562	HEK	0.9171532244763317	0.5218898664059954	HEK	Exclusive Low	0.5218898664059954	
"KCNAB3 exon 8
chr17:7925145:C>A"	102534	0.5233870967741936	0.857843137254902	0.9400921658986174	0.7954856361149111	0.9188112745098038	KCNAB3 exon 8	chr17:7925145:C>A	92:G>T	chr17:7925077-7925237:-	chr17:7925077-7925237:-	K562	HEK	0.9400921658986174	0.5233870967741936	HEK	Exclusive Low	0.5233870967741936	
"TSEN2 exon 6
chr3:12505163:A>G;chr3:12505187:A>C"	178808	0.5240761478163494	0.803030303030303	0.8805008944543828	0.8376623376623377	0.895995004905896	TSEN2 exon 6	chr3:12505163:A>G;chr3:12505187:A>C	72:A>G ; 96:A>C	chr3:12505091-12505251:+	chr3:12505091-12505251:+	HMC3	HEK	0.895995004905896	0.5240761478163494	HEK	Exclusive Low	0.5240761478163494	
"UROS exon 3
chr10:125816257:A>C;chr10:125816197:G>A"	218798	0.5246714936980423	0.923249299719888	0.9093906564467091	0.7885548523206751	0.8492564006024097	UROS exon 3	chr10:125816257:A>C;chr10:125816197:G>A	60:T>G ; 120:C>T	chr10:125816157-125816317:-	chr10:125816157-125816317:-	HeLa	HEK	0.923249299719888	0.5246714936980423	HEK	Exclusive Low	0.5246714936980423	
"CACNA1C exon 31
chr12:2633632:T>C"	9229	0.5255600702833296	0.9355072463768116	0.8356248602727476	0.8686079545454546	0.8991596638655461	CACNA1C exon 31	chr12:2633632:T>C	60:T>C	chr12:2633572-2633732:+	chr12:2633572-2633732:+	HeLa	HEK	0.9355072463768116	0.5255600702833296	HEK	Exclusive Low	0.5255600702833296	
"CACNA1C exon 31
chr12:2633666:T>C"	9327	0.5275426347009391	0.8865740740740741	0.9246972683751056	0.85346571749719	0.8750986971969996	CACNA1C exon 31	chr12:2633666:T>C	94:T>C	chr12:2633572-2633732:+	chr12:2633572-2633732:+	K562	HEK	0.9246972683751056	0.5275426347009391	HEK	Exclusive Low	0.5275426347009391	
"CACNA1C exon 31
chr12:2633620:C>A"	9192	0.5278961642774118	0.862007874015748	0.9014814814814813	0.8332182916307161	0.8659816490698844	CACNA1C exon 31	chr12:2633620:C>A	48:C>A	chr12:2633572-2633732:+	chr12:2633572-2633732:+	K562	HEK	0.9014814814814813	0.5278961642774118	HEK	Exclusive Low	0.5278961642774118	
"DEPDC5 exon 33
chr22:31861396:G>C"	45971	0.5289473684210526	0.9285714285714286	0.8136363636363637	0.8115384615384615	0.96875	DEPDC5 exon 33	chr22:31861396:G>C	103:G>C	chr22:31861293-31861453:+	chr22:31861293-31861453:+	HMC3	HEK	0.96875	0.5289473684210526	HEK	Exclusive Low	0.5289473684210526	
"CACNA1C exon 31
chr12:2633698:C>G"	9424	0.5315631563156316	0.8867521367521367	0.9	0.8928104575163398	0.8458317710286214	CACNA1C exon 31	chr12:2633698:C>G	126:C>G	chr12:2633572-2633732:+	chr12:2633572-2633732:+	K562	HEK	0.9	0.5315631563156316	HEK	Exclusive Low	0.5315631563156316	
"TSEN2 exon 6
chr3:12505115:T>C;chr3:12505163:A>C"	178444	0.5318122555410691	0.8337606837606838	0.805779166166046	0.7920702179176755	0.8509148817921423	TSEN2 exon 6	chr3:12505115:T>C;chr3:12505163:A>C	24:T>C ; 72:A>C	chr3:12505091-12505251:+	chr3:12505091-12505251:+	HMC3	HEK	0.8509148817921423	0.5318122555410691	HEK	Exclusive Low	0.5318122555410691	
"TTC8 exon 7
chr14:88843757:A>T"	17733	0.5324675324675324	0.8694585059058139	0.8435821697099892	0.807530454042082	0.8035947712418301	TTC8 exon 7	chr14:88843757:A>T	47:A>T	chr14:88843710-88843870:+	chr14:88843710-88843870:+	HeLa	HEK	0.8694585059058139	0.5324675324675324	HEK	Exclusive Low	0.5324675324675324	
"UROS exon 3
chr10:125816227:T>C;chr10:125816221:C>A"	218959	0.5346923407917383	0.9337606837606838	0.9190711462450593	0.8018053375196232	0.891343669250646	UROS exon 3	chr10:125816227:T>C;chr10:125816221:C>A	90:A>G ; 96:G>T	chr10:125816157-125816317:-	chr10:125816157-125816317:-	HeLa	HEK	0.9337606837606838	0.5346923407917383	HEK	Exclusive Low	0.5346923407917383	
"CACNA1C exon 31
chr12:2633650:A>C;chr12:2633722:A>C"	158363	0.5347160405910629	0.8961038961038961	0.9138156331670231	0.867191404297851	0.8661247511612475	CACNA1C exon 31	chr12:2633650:A>C;chr12:2633722:A>C	78:A>C ; 150:A>C	chr12:2633572-2633732:+	chr12:2633572-2633732:+	K562	HEK	0.9138156331670231	0.5347160405910629	HEK	Exclusive Low	0.5347160405910629	
"CACNA1C exon 31
chr12:2633619:C>G"	9191	0.5357329160146062	0.8664965986394557	0.8511029411764706	0.9275184275184276	0.840266393442623	CACNA1C exon 31	chr12:2633619:C>G	47:C>G	chr12:2633572-2633732:+	chr12:2633572-2633732:+	MCF7	HEK	0.9275184275184276	0.5357329160146062	HEK	Exclusive Low	0.5357329160146062	
"TNNT2 exon 4
chr1:201372138:C>T"	39574	0.5367132867132867	0.9431818181818181	0.8374741200828157	0.85	0.8892857142857142	TNNT2 exon 4	chr1:201372138:C>T	29:G>A	chr1:201372007-201372167:-	chr1:201372007-201372167:-	HeLa	HEK	0.9431818181818181	0.5367132867132867	HEK	Exclusive Low	0.5367132867132867	
"CACNA1C exon 31
chr12:2633698:C>T"	9423	0.5375908790482485	0.8464912280701755	0.8985215053763441	0.8578616352201258	0.9266722732565662	CACNA1C exon 31	chr12:2633698:C>T	126:C>T	chr12:2633572-2633732:+	chr12:2633572-2633732:+	HMC3	HEK	0.9266722732565662	0.5375908790482485	HEK	Exclusive Low	0.5375908790482485	
"DEPDC5 exon 33
chr22:31861305:A>C;chr22:31861437:A>C"	174326	0.5406110283159463	0.8973214285714286	0.8391849529780564	0.8505434782608696	0.882538431217974	DEPDC5 exon 33	chr22:31861305:A>C;chr22:31861437:A>C	12:A>C ; 144:A>C	chr22:31861293-31861453:+	chr22:31861293-31861453:+	HeLa	HEK	0.8973214285714286	0.5406110283159463	HEK	Exclusive Low	0.5406110283159463	
"UROS exon 3
chr10:125816227:T>A;chr10:125816209:C>G"	218638	0.541699604743083	0.9018155757286191	0.9640287769784173	0.79375	0.9243697478991596	UROS exon 3	chr10:125816227:T>A;chr10:125816209:C>G	90:A>T ; 108:G>C	chr10:125816157-125816317:-	chr10:125816157-125816317:-	K562	HEK	0.9640287769784173	0.541699604743083	HEK	Exclusive Low	0.541699604743083	
"BEST1 exon 8
chr11:61959456:G>A;chr11:61959528:G>C"	209171	0.5426829268292683	0.8486111111111111	0.8060817547357926	0.8935574229691876	0.939967105263158	BEST1 exon 8	chr11:61959456:G>A;chr11:61959528:G>C	18:G>A ; 90:G>C	chr11:61959438-61959598:+	chr11:61959438-61959598:+	HMC3	HEK	0.939967105263158	0.5426829268292683	HEK	Exclusive Low	0.5426829268292683	
"TNNT2 exon 4
chr1:201372052:G>T"	39832	0.5432659932659932	0.8952205882352942	0.8406593406593407	0.8156682027649769	0.8925438596491228	TNNT2 exon 4	chr1:201372052:G>T	115:C>A	chr1:201372007-201372167:-	chr1:201372007-201372167:-	HeLa	HEK	0.8952205882352942	0.5432659932659932	HEK	Exclusive Low	0.5432659932659932	
"SCN5A exon 24
chr3:38557322:T>C"	56746	0.5432692307692307	0.9228571428571428	0.8136715997181113	0.8480783866057838	0.8625794912559619	SCN5A exon 24	chr3:38557322:T>C	49:A>G	chr3:38557211-38557371:-	chr3:38557211-38557371:-	HeLa	HEK	0.9228571428571428	0.5432692307692307	HEK	Exclusive Low	0.5432692307692307	
"CACNA1C exon 31
chr12:2633642:A>T"	9256	0.544252091032873	0.8425974025974026	0.8815359477124184	0.8803571428571428	0.867530345471522	CACNA1C exon 31	chr12:2633642:A>T	70:A>T	chr12:2633572-2633732:+	chr12:2633572-2633732:+	K562	HEK	0.8815359477124184	0.544252091032873	HEK	Exclusive Low	0.544252091032873	
"CACNA1C exon 10
chr12:2547390:C>T;chr12:2547486:G>C"	152426	0.5446808510638297	0.9693877551020408	0.8809523809523809	0.8864795918367347	0.9364429175475686	CACNA1C exon 10	chr12:2547390:C>T;chr12:2547486:G>C	6:C>T ; 102:G>C	chr12:2547384-2547544:+	chr12:2547384-2547544:+	HeLa	HEK	0.9693877551020408	0.5446808510638297	HEK	Exclusive Low	0.5446808510638297	
"TNNT2 exon 4
chr1:201372083:A>G;chr1:201372023:A>T"	156342	0.5451827242524917	0.8655172413793104	0.8253079507278835	0.8406098406098406	0.9358836206896552	TNNT2 exon 4	chr1:201372083:A>G;chr1:201372023:A>T	84:T>C ; 144:T>A	chr1:201372007-201372167:-	chr1:201372007-201372167:-	HMC3	HEK	0.9358836206896552	0.5451827242524917	HEK	Exclusive Low	0.5451827242524917	
"CACNA1C exon 31
chr12:2633608:T>C;chr12:2633698:C>G"	158723	0.5463980463980465	0.9179566563467492	0.9293213585478464	0.8642857142857143	0.851778978251758	CACNA1C exon 31	chr12:2633608:T>C;chr12:2633698:C>G	36:T>C ; 126:C>G	chr12:2633572-2633732:+	chr12:2633572-2633732:+	K562	HEK	0.9293213585478464	0.5463980463980465	HEK	Exclusive Low	0.5463980463980465	
"SLC26A4 exon 11
chr7:107694454:G>T"	69278	0.5483333333333333	0.9811320754716981	0.8600636074511585	0.9058962264150944	0.9741987179487179	SLC26A4 exon 11	chr7:107694454:G>T	114:G>T	chr7:107694340-107694500:+	chr7:107694340-107694500:+	HeLa	HEK	0.9811320754716981	0.5483333333333333	HEK	Exclusive Low	0.5483333333333333	
"CACNA1C exon 31
chr12:2633608:T>C;chr12:2633692:G>C"	158170	0.5487470228849539	0.8804945054945055	0.9145348837209302	0.8443017656500802	0.8154498922413793	CACNA1C exon 31	chr12:2633608:T>C;chr12:2633692:G>C	36:T>C ; 120:G>C	chr12:2633572-2633732:+	chr12:2633572-2633732:+	K562	HEK	0.9145348837209302	0.5487470228849539	HEK	Exclusive Low	0.5487470228849539	
"CACNA1C exon 31
chr12:2633590:C>G;chr12:2633692:G>C"	158546	0.5492435819070904	0.9123046165030898	0.9170135532364023	0.8355263157894737	0.9031569651924352	CACNA1C exon 31	chr12:2633590:C>G;chr12:2633692:G>C	18:C>G ; 120:G>C	chr12:2633572-2633732:+	chr12:2633572-2633732:+	K562	HEK	0.9170135532364023	0.5492435819070904	HEK	Exclusive Low	0.5492435819070904	
"CACNA1C exon 31
chr12:2633698:C>A"	9422	0.5495495495495495	0.8504330446369088	0.9483660130718954	0.8994949494949496	0.8651515151515152	CACNA1C exon 31	chr12:2633698:C>A	126:C>A	chr12:2633572-2633732:+	chr12:2633572-2633732:+	K562	HEK	0.9483660130718954	0.5495495495495495	HEK	Exclusive Low	0.5495495495495495	
"CACNA1C exon 10
chr12:2547503:A>G"	8445	0.5532467829830104	0.9372549019607842	0.8212612130137904	0.815031503150315	0.9007331799884992	CACNA1C exon 10	chr12:2547503:A>G	119:A>G	chr12:2547384-2547544:+	chr12:2547384-2547544:+	HeLa	HEK	0.9372549019607842	0.5532467829830104	HEK	Exclusive Low	0.5532467829830104	
"RAB7A exon 4
chr3:128806357:T>G;chr3:128806411:G>C"	136912	0.5553030303030303	0.9165707710011508	0.900915750915751	0.8143796992481203	0.9438025210084033	RAB7A exon 4	chr3:128806357:T>G;chr3:128806411:G>C	48:T>G ; 102:G>C	chr3:128806309-128806469:+	chr3:128806309-128806469:+	HMC3	HEK	0.9438025210084033	0.5553030303030303	HEK	Exclusive Low	0.5553030303030303	
"TTC8 exon 7
chr14:88843766:A>G"	17762	0.555432516935904	0.8278409090909091	0.8133333333333334	0.8386824324324325	0.8272576636288318	TTC8 exon 7	chr14:88843766:A>G	56:A>G	chr14:88843710-88843870:+	chr14:88843710-88843870:+	MCF7	HEK	0.8386824324324325	0.555432516935904	HEK	Exclusive Low	0.555432516935904	
"TTC8 exon 7
chr14:88843764:A>T;chr14:88843782:T>A"	168560	0.5568813337692056	0.9187271062271062	0.8644894894894894	0.8087912087912088	0.8579908675799086	TTC8 exon 7	chr14:88843764:A>T;chr14:88843782:T>A	54:A>T ; 72:T>A	chr14:88843710-88843870:+	chr14:88843710-88843870:+	HeLa	HEK	0.9187271062271062	0.5568813337692056	HEK	Exclusive Low	0.5568813337692056	
"CACNA1C exon 31
chr12:2633632:T>A;chr12:2633710:A>G"	158500	0.5578580812352656	0.9240847092605887	0.9051751848280296	0.9145366023300294	0.9238174427198818	CACNA1C exon 31	chr12:2633632:T>A;chr12:2633710:A>G	60:T>A ; 138:A>G	chr12:2633572-2633732:+	chr12:2633572-2633732:+	HeLa	HEK	0.9240847092605887	0.5578580812352656	HEK	Exclusive Low	0.5578580812352656	
"KIAA1191 exon 3
chr5:176359516:C>T"	92369	0.5607178968655206	0.8989795918367347	0.873782587309395	0.8561755146262189	0.8890901771336555	KIAA1191 exon 3	chr5:176359516:C>T	105:G>A	chr5:176359461-176359621:-	chr5:176359461-176359621:-	HeLa	HEK	0.8989795918367347	0.5607178968655206	HEK	Exclusive Low	0.5607178968655206	
"DNM1L exon 5
chr12:32710899:A>G;chr12:32710941:G>A"	137394	0.5608802828322144	0.9012608018132879	0.8846031823506443	0.8591534612176814	0.8667670468467187	DNM1L exon 5	chr12:32710899:A>G;chr12:32710941:G>A	24:A>G ; 66:G>A	chr12:32710875-32711035:+	chr12:32710875-32711035:+	HeLa	HEK	0.9012608018132879	0.5608802828322144	HEK	Exclusive Low	0.5608802828322144	
"UROS exon 3
chr10:125816274:A>T"	1087	0.5612118563833661	0.9476981351981353	0.9345980170805928	0.8565365025466893	0.8875338303418733	UROS exon 3	chr10:125816274:A>T	43:T>A	chr10:125816157-125816317:-	chr10:125816157-125816317:-	HeLa	HEK	0.9476981351981353	0.5612118563833661	HEK	Exclusive Low	0.5612118563833661	
"CACNA1C exon 31
chr12:2633668:A>C;chr12:2633710:A>C"	158621	0.5620300751879699	0.9190693691121896	0.8783698664651045	0.8734335839598997	0.9101806239737276	CACNA1C exon 31	chr12:2633668:A>C;chr12:2633710:A>C	96:A>C ; 138:A>C	chr12:2633572-2633732:+	chr12:2633572-2633732:+	HeLa	HEK	0.9190693691121896	0.5620300751879699	HEK	Exclusive Low	0.5620300751879699	
"TNNT2 exon 4
chr1:201372054:G>T"	39826	0.5623802427081115	0.962962962962963	0.8809523809523809	0.8519503546099291	0.869212962962963	TNNT2 exon 4	chr1:201372054:G>T	113:C>A	chr1:201372007-201372167:-	chr1:201372007-201372167:-	HeLa	HEK	0.962962962962963	0.5623802427081115	HEK	Exclusive Low	0.5623802427081115	
"CACNA1C exon 31
chr12:2633668:A>C;chr12:2633728:C>G"	158776	0.5634191176470588	0.8477011494252873	0.9199525964231847	0.8719475878499107	0.8507063764795724	CACNA1C exon 31	chr12:2633668:A>C;chr12:2633728:C>G	96:A>C ; 156:C>G	chr12:2633572-2633732:+	chr12:2633572-2633732:+	K562	HEK	0.9199525964231847	0.5634191176470588	HEK	Exclusive Low	0.5634191176470588	
"PDE6B exon 8
chr4:656278:A>C;chr4:656302:T>C"	195603	0.5660642570281125	0.9299999999999999	0.8778103616813294	0.8456208425720622	0.9523809523809523	PDE6B exon 8	chr4:656278:A>C;chr4:656302:T>C	126:A>C ; 150:T>C	chr4:656152-656312:+	chr4:656152-656312:+	HMC3	HEK	0.9523809523809523	0.5660642570281125	HEK	Exclusive Low	0.5660642570281125	
"CACNA1C exon 31
chr12:2633594:T>G"	9116	0.5672413793103448	0.9527777777777777	0.8322368421052632	0.8970588235294117	0.8957000710732054	CACNA1C exon 31	chr12:2633594:T>G	22:T>G	chr12:2633572-2633732:+	chr12:2633572-2633732:+	HeLa	HEK	0.9527777777777777	0.5672413793103448	HEK	Exclusive Low	0.5672413793103448	
"CACNA1C exon 31
chr12:2633696:T>G"	9418	0.5686864494708446	0.9818181818181818	0.9041666666666666	0.8980855855855856	0.8921614100185529	CACNA1C exon 31	chr12:2633696:T>G	124:T>G	chr12:2633572-2633732:+	chr12:2633572-2633732:+	HeLa	HEK	0.9818181818181818	0.5686864494708446	HEK	Exclusive Low	0.5686864494708446	
"DEPDC5 exon 33
chr22:31861311:T>C;chr22:31861335:T>G"	174643	0.5698809523809524	0.9195906432748537	0.8303571428571428	0.8300653594771241	0.949493927125506	DEPDC5 exon 33	chr22:31861311:T>C;chr22:31861335:T>G	18:T>C ; 42:T>G	chr22:31861293-31861453:+	chr22:31861293-31861453:+	HMC3	HEK	0.949493927125506	0.5698809523809524	HEK	Exclusive Low	0.5698809523809524	
"CACNA1C exon 31
chr12:2633650:A>C;chr12:2633674:A>T"	158832	0.5720490546755237	0.8841875681570338	0.9180621658146777	0.9092925565326634	0.9104237439656715	CACNA1C exon 31	chr12:2633650:A>C;chr12:2633674:A>T	78:A>C ; 102:A>T	chr12:2633572-2633732:+	chr12:2633572-2633732:+	K562	HEK	0.9180621658146777	0.5720490546755237	HEK	Exclusive Low	0.5720490546755237	
"CACNA1C exon 31
chr12:2633602:C>G;chr12:2633668:A>C"	158538	0.572925060435133	0.8710972346119537	0.967741935483871	0.8850931677018634	0.893661971830986	CACNA1C exon 31	chr12:2633602:C>G;chr12:2633668:A>C	30:C>G ; 96:A>C	chr12:2633572-2633732:+	chr12:2633572-2633732:+	K562	HEK	0.967741935483871	0.572925060435133	HEK	Exclusive Low	0.572925060435133	
"CACNA1C exon 31
chr12:2633662:T>G;chr12:2633710:A>G"	158476	0.5732323232323233	0.889367816091954	0.8851224105461393	0.8588039867109634	0.880708294501398	CACNA1C exon 31	chr12:2633662:T>G;chr12:2633710:A>G	90:T>G ; 138:A>G	chr12:2633572-2633732:+	chr12:2633572-2633732:+	HeLa	HEK	0.889367816091954	0.5732323232323233	HEK	Exclusive Low	0.5732323232323233	
"CACNA1C exon 10
chr12:2547456:C>G;chr12:2547486:G>A"	152441	0.5740740740740741	0.8683385579937304	0.90625	0.9087301587301587	0.902714932126697	CACNA1C exon 10	chr12:2547456:C>G;chr12:2547486:G>A	72:C>G ; 102:G>A	chr12:2547384-2547544:+	chr12:2547384-2547544:+	MCF7	HEK	0.9087301587301587	0.5740740740740741	HEK	Exclusive Low	0.5740740740740741	
"SCN5A exon 24
chr3:38557211:A>T"	57072	0.5756151742993848	0.9842105263157894	0.9255123186737277	0.8535653650254669	0.86640708915145	SCN5A exon 24	chr3:38557211:A>T	160:T>A	chr3:38557211-38557371:-	chr3:38557211-38557371:-	HeLa	HEK	0.9842105263157894	0.5756151742993848	HEK	Exclusive Low	0.5756151742993848	
"BCKDHA exon 3
chr19:41410905:C>A;chr19:41411019:G>T"	146830	0.5756779984721161	0.8739095955590801	0.8328702190258255	0.8758454106280193	0.9646921357447673	BCKDHA exon 3	chr19:41410905:C>A;chr19:41411019:G>T	36:C>A ; 150:G>T	chr19:41410869-41411029:+	chr19:41410869-41411029:+	HMC3	HEK	0.9646921357447673	0.5756779984721161	HEK	Exclusive Low	0.5756779984721161	
"CACNA1C exon 31
chr12:2633608:T>C;chr12:2633650:A>C"	158576	0.5756880733944953	0.8964059196617337	0.9231853417899929	0.8604118993135011	0.9166666666666666	CACNA1C exon 31	chr12:2633608:T>C;chr12:2633650:A>C	36:T>C ; 78:A>C	chr12:2633572-2633732:+	chr12:2633572-2633732:+	K562	HEK	0.9231853417899929	0.5756880733944953	HEK	Exclusive Low	0.5756880733944953	
"CACNA1C exon 31
chr12:2633578:C>T;chr12:2633632:T>C"	158677	0.5809136662795199	0.9830508474576272	0.9498792270531401	0.8784722222222222	0.9692307692307691	CACNA1C exon 31	chr12:2633578:C>T;chr12:2633632:T>C	6:C>T ; 60:T>C	chr12:2633572-2633732:+	chr12:2633572-2633732:+	HeLa	HEK	0.9830508474576272	0.5809136662795199	HEK	Exclusive Low	0.5809136662795199	
"CACNA1C exon 10
chr12:2547486:G>A"	8396	0.5826558265582655	0.8440285204991087	0.9215686274509804	0.891025641025641	0.8468992248062015	CACNA1C exon 10	chr12:2547486:G>A	102:G>A	chr12:2547384-2547544:+	chr12:2547384-2547544:+	K562	HEK	0.9215686274509804	0.5826558265582655	HEK	Exclusive Low	0.5826558265582655	
"PAX5 exon 9
chr9:36846957:A>T"	78071	0.5827380952380952	0.990909090909091	0.8666666666666667	0.9539215686274509	0.9714687562788829	PAX5 exon 9	chr9:36846957:A>T	26:T>A	chr9:36846823-36846983:-	chr9:36846823-36846983:-	HeLa	HEK	0.990909090909091	0.5827380952380952	HEK	Exclusive Low	0.5827380952380952	
"BEST1 exon 8
chr11:61959453:G>A"	5751	0.5837542087542087	0.9433962264150944	0.9058441558441559	0.875462962962963	0.9565795303500222	BEST1 exon 8	chr11:61959453:G>A	15:G>A	chr11:61959438-61959598:+	chr11:61959438-61959598:+	HMC3	HEK	0.9565795303500222	0.5837542087542087	HEK	Exclusive Low	0.5837542087542087	
"CACNA1C exon 31
chr12:2633632:T>A;chr12:2633692:G>T"	158103	0.5845497225778916	0.9271436448855803	0.9414280894544051	0.8814016172506738	0.8959126681898959	CACNA1C exon 31	chr12:2633632:T>A;chr12:2633692:G>T	60:T>A ; 120:G>T	chr12:2633572-2633732:+	chr12:2633572-2633732:+	K562	HEK	0.9414280894544051	0.5845497225778916	HEK	Exclusive Low	0.5845497225778916	
"CACNA1C exon 31
chr12:2633572:T>G;chr12:2633698:C>T"	158687	0.5853313353313354	0.8707513416815742	0.9291738547057695	0.8773584905660378	0.8850107578293092	CACNA1C exon 31	chr12:2633572:T>G;chr12:2633698:C>T	0:T>G ; 126:C>T	chr12:2633572-2633732:+	chr12:2633572-2633732:+	K562	HEK	0.9291738547057695	0.5853313353313354	HEK	Exclusive Low	0.5853313353313354	
"LGALS9 exon 6
chr17:27645339:C>T"	102710	0.5897391304347825	0.9014257620452311	0.8612733644859814	0.8976190476190476	0.9672670705747503	LGALS9 exon 6	chr17:27645339:C>T	130:C>T	chr17:27645209-27645369:+	chr17:27645209-27645369:+	HMC3	HEK	0.9672670705747503	0.5897391304347825	HEK	Exclusive Low	0.5897391304347825	
"CACNA1C exon 31
chr12:2633620:C>A;chr12:2633710:A>C"	158415	0.5913117340128624	0.9627086361585885	0.8923168789808917	0.9288526434195725	0.9074372155739087	CACNA1C exon 31	chr12:2633620:C>A;chr12:2633710:A>C	48:C>A ; 138:A>C	chr12:2633572-2633732:+	chr12:2633572-2633732:+	HeLa	HEK	0.9627086361585885	0.5913117340128624	HEK	Exclusive Low	0.5913117340128624	
"IVD exon 2
chr15:40407702:A>C"	18898	0.5927377220480669	0.8454545454545455	0.9186046511627908	0.8560606060606061	0.9582355242566509	IVD exon 2	chr15:40407702:A>C	117:A>C	chr15:40407585-40407745:+	chr15:40407585-40407745:+	HMC3	HEK	0.9582355242566509	0.5927377220480669	HEK	Exclusive Low	0.5927377220480669	
"CACNA1C exon 31
chr12:2633622:T>A"	9198	0.5934195064629847	0.8454545454545455	0.8995604395604395	0.8703969392635102	0.903354399611084	CACNA1C exon 31	chr12:2633622:T>A	50:T>A	chr12:2633572-2633732:+	chr12:2633572-2633732:+	HMC3	HEK	0.903354399611084	0.5934195064629847	HEK	Exclusive Low	0.5934195064629847	
"CACNA1C exon 31
chr12:2633584:A>G;chr12:2633668:A>G"	158837	0.5954831332189823	0.8583333333333334	0.91005291005291	0.8856209150326797	0.9039039039039038	CACNA1C exon 31	chr12:2633584:A>G;chr12:2633668:A>G	12:A>G ; 96:A>G	chr12:2633572-2633732:+	chr12:2633572-2633732:+	K562	HEK	0.91005291005291	0.5954831332189823	HEK	Exclusive Low	0.5954831332189823	
"CACNA1C exon 31
chr12:2633584:A>G;chr12:2633662:T>A"	158703	0.5970417837078652	0.8972222222222221	0.8965686274509803	0.8625336927223719	0.8567378691983123	CACNA1C exon 31	chr12:2633584:A>G;chr12:2633662:T>A	12:A>G ; 90:T>A	chr12:2633572-2633732:+	chr12:2633572-2633732:+	HeLa	HEK	0.8972222222222221	0.5970417837078652	HEK	Exclusive Low	0.5970417837078652	
"CACNA1C exon 31
chr12:2633722:A>T;chr12:2633728:C>G"	158634	0.5988482890048885	0.9593023255813954	0.8960573476702508	0.9478609625668448	0.8601097178683386	CACNA1C exon 31	chr12:2633722:A>T;chr12:2633728:C>G	150:A>T ; 156:C>G	chr12:2633572-2633732:+	chr12:2633572-2633732:+	HeLa	HEK	0.9593023255813954	0.5988482890048885	HEK	Exclusive Low	0.5988482890048885	
"CACNA1C exon 31
chr12:2633590:C>A;chr12:2633704:G>A"	158478	0.6017260894170912	0.942628205128205	0.946031746031746	0.8872027534418023	0.9212649572649572	CACNA1C exon 31	chr12:2633590:C>A;chr12:2633704:G>A	18:C>A ; 132:G>A	chr12:2633572-2633732:+	chr12:2633572-2633732:+	K562	HEK	0.946031746031746	0.6017260894170912	HEK	Exclusive Low	0.6017260894170912	
"CACNA1C exon 31
chr12:2633581:T>C"	9076	0.6053763440860215	0.9293478260869565	0.9001551418439716	0.8928408572731419	0.9130761325005929	CACNA1C exon 31	chr12:2633581:T>C	9:T>C	chr12:2633572-2633732:+	chr12:2633572-2633732:+	HeLa	HEK	0.9293478260869565	0.6053763440860215	HEK	Exclusive Low	0.6053763440860215	
"CACNA1C exon 31
chr12:2633632:T>A;chr12:2633722:A>T"	158390	0.6085049580472921	0.95	0.9392230576441103	0.9384164222873901	0.9552042160737813	CACNA1C exon 31	chr12:2633632:T>A;chr12:2633722:A>T	60:T>A ; 150:A>T	chr12:2633572-2633732:+	chr12:2633572-2633732:+	HMC3	HEK	0.9552042160737813	0.6085049580472921	HEK	Exclusive Low	0.6085049580472921	
"HERPUD1 exon 3
chr16:56935460:A>G"	101972	0.6111859838274932	0.9126984126984127	0.8905831995719636	0.88125	0.9032989690721649	HERPUD1 exon 3	chr16:56935460:A>G	125:A>G	chr16:56935335-56935495:+	chr16:56935335-56935495:+	HeLa	HEK	0.9126984126984127	0.6111859838274932	HEK	Exclusive Low	0.6111859838274932	
"CACNA1C exon 31
chr12:2633710:A>G"	9459	0.6123086535457669	0.9217585692995529	0.8755555555555556	0.8953125	0.9145812479145813	CACNA1C exon 31	chr12:2633710:A>G	138:A>G	chr12:2633572-2633732:+	chr12:2633572-2633732:+	HeLa	HEK	0.9217585692995529	0.6123086535457669	HEK	Exclusive Low	0.6123086535457669	
"CACNA1C exon 31
chr12:2633660:A>C"	9309	0.6146304675716441	0.9415384615384617	0.9006572295247725	0.8677851315991996	0.8875	CACNA1C exon 31	chr12:2633660:A>C	88:A>C	chr12:2633572-2633732:+	chr12:2633572-2633732:+	HeLa	HEK	0.9415384615384617	0.6146304675716441	HEK	Exclusive Low	0.6146304675716441	
"CACNA1C exon 31
chr12:2633686:A>T;chr12:2633728:C>T"	158735	0.6157407407407407	0.9772727272727273	0.9528508771929824	0.8952380952380952	0.9448961156278228	CACNA1C exon 31	chr12:2633686:A>T;chr12:2633728:C>T	114:A>T ; 156:C>T	chr12:2633572-2633732:+	chr12:2633572-2633732:+	HeLa	HEK	0.9772727272727273	0.6157407407407407	HEK	Exclusive Low	0.6157407407407407	
"CACNA1C exon 31
chr12:2633593:T>G"	9113	0.6167285095856525	0.888986013986014	0.9260640349749261	0.8799536798764797	0.9169063368804524	CACNA1C exon 31	chr12:2633593:T>G	21:T>G	chr12:2633572-2633732:+	chr12:2633572-2633732:+	K562	HEK	0.9260640349749261	0.6167285095856525	HEK	Exclusive Low	0.6167285095856525	
"CACNA1C exon 31
chr12:2633645:C>A"	9265	0.6180292259083728	0.9206259426847663	0.9333333333333333	0.906328320802005	0.9226599880382775	CACNA1C exon 31	chr12:2633645:C>A	73:C>A	chr12:2633572-2633732:+	chr12:2633572-2633732:+	K562	HEK	0.9333333333333333	0.6180292259083728	HEK	Exclusive Low	0.6180292259083728	
"DNM1L exon 5
chr12:32710899:A>T;chr12:32710941:G>A"	137411	0.6181566686080373	0.972972972972973	0.9358998144712429	0.8956439393939394	0.8762787723785166	DNM1L exon 5	chr12:32710899:A>T;chr12:32710941:G>A	24:A>T ; 66:G>A	chr12:32710875-32711035:+	chr12:32710875-32711035:+	HeLa	HEK	0.972972972972973	0.6181566686080373	HEK	Exclusive Low	0.6181566686080373	
"UROS exon 3
chr10:125816260:C>T"	1129	0.6183763586956521	0.9020669291338583	0.9545375722543352	0.8866015971606034	0.9156581409856519	UROS exon 3	chr10:125816260:C>T	57:G>A	chr10:125816157-125816317:-	chr10:125816157-125816317:-	K562	HEK	0.9545375722543352	0.6183763586956521	HEK	Exclusive Low	0.6183763586956521	
"CACNA1C exon 31
chr12:2633584:A>C;chr12:2633686:A>C"	158093	0.6186974789915967	0.89	0.915032679738562	0.9251336898395721	0.9224224224224224	CACNA1C exon 31	chr12:2633584:A>C;chr12:2633686:A>C	12:A>C ; 114:A>C	chr12:2633572-2633732:+	chr12:2633572-2633732:+	MCF7	HEK	0.9251336898395721	0.6186974789915967	HEK	Exclusive Low	0.6186974789915967	
"UROS exon 3
chr10:125816305:A>G;chr10:125816209:C>T"	218773	0.6193910256410257	0.9002024291497974	0.9813432835820897	0.8857282639083031	0.9067443545465523	UROS exon 3	chr10:125816305:A>G;chr10:125816209:C>T	12:T>C ; 108:G>A	chr10:125816157-125816317:-	chr10:125816157-125816317:-	K562	HEK	0.9813432835820897	0.6193910256410257	HEK	Exclusive Low	0.6193910256410257	
"BEST1 exon 8
chr11:61959456:G>T;chr11:61959522:T>G"	209645	0.619992910315491	0.9396551724137931	0.9461538461538461	0.8739002932551321	0.9386258902387934	BEST1 exon 8	chr11:61959456:G>T;chr11:61959522:T>G	18:G>T ; 84:T>G	chr11:61959438-61959598:+	chr11:61959438-61959598:+	K562	HEK	0.9461538461538461	0.619992910315491	HEK	Exclusive Low	0.619992910315491	
"CACNA1C exon 31
chr12:2633644:C>A"	9262	0.6222252695452442	0.8979196329694669	0.9424451945412312	0.9075051759834368	0.9231035572884521	CACNA1C exon 31	chr12:2633644:C>A	72:C>A	chr12:2633572-2633732:+	chr12:2633572-2633732:+	K562	HEK	0.9424451945412312	0.6222252695452442	HEK	Exclusive Low	0.6222252695452442	
"CACNA1C exon 31
chr12:2633602:C>A;chr12:2633710:A>T"	158575	0.6227856659905342	0.9090909090909092	0.9663865546218489	0.9	0.9285919540229886	CACNA1C exon 31	chr12:2633602:C>A;chr12:2633710:A>T	30:C>A ; 138:A>T	chr12:2633572-2633732:+	chr12:2633572-2633732:+	K562	HEK	0.9663865546218489	0.6227856659905342	HEK	Exclusive Low	0.6227856659905342	
"CACNA1C exon 31
chr12:2633704:G>C"	9441	0.6227878693381149	0.9137254901960785	0.9274274274274273	0.926923076923077	0.8802361853832442	CACNA1C exon 31	chr12:2633704:G>C	132:G>C	chr12:2633572-2633732:+	chr12:2633572-2633732:+	K562	HEK	0.9274274274274273	0.6227878693381149	HEK	Exclusive Low	0.6227878693381149	
"NDUFAF5 exon 9
chr20:13816536:A>T"	41765	0.6248693834900731	0.9527027027027026	0.8972196188691033	0.8754578754578755	0.9216867469879517	NDUFAF5 exon 9	chr20:13816536:A>T	130:A>T	chr20:13816406-13816566:+	chr20:13816406-13816566:+	HeLa	HEK	0.9527027027027026	0.6248693834900731	HEK	Exclusive Low	0.6248693834900731	
"SCN5A exon 24
chr3:38557365:T>G;chr3:38557335:T>G"	230605	0.625259659326963	0.9382309941520468	0.9127719580983078	0.891351943076081	0.9018875409077386	SCN5A exon 24	chr3:38557365:T>G;chr3:38557335:T>G	6:A>C ; 36:A>C	chr3:38557211-38557371:-	chr3:38557211-38557371:-	HeLa	HEK	0.9382309941520468	0.625259659326963	HEK	Exclusive Low	0.625259659326963	
"UROS exon 3
chr10:125816269:A>T;chr10:125816245:C>G"	219094	0.6258741258741258	0.9010928961748633	0.9476330445544554	0.8806359753203608	0.9132864899393165	UROS exon 3	chr10:125816269:A>T;chr10:125816245:C>G	48:T>A ; 72:G>C	chr10:125816157-125816317:-	chr10:125816157-125816317:-	K562	HEK	0.9476330445544554	0.6258741258741258	HEK	Exclusive Low	0.6258741258741258	
"RAB7A exon 4
chr3:128806455:T>A"	53712	0.6271186440677966	0.8933333333333333	0.8920454545454546	0.9090909090909092	0.9432849364791288	RAB7A exon 4	chr3:128806455:T>A	146:T>A	chr3:128806309-128806469:+	chr3:128806309-128806469:+	HMC3	HEK	0.9432849364791288	0.6271186440677966	HEK	Exclusive Low	0.6271186440677966	
"CACNA1C exon 31
chr12:2633644:C>T;chr12:2633650:A>C"	158110	0.6286246893123446	0.9297297297297298	0.954954954954955	0.9185964912280702	0.9486177884615383	CACNA1C exon 31	chr12:2633644:C>T;chr12:2633650:A>C	72:C>T ; 78:A>C	chr12:2633572-2633732:+	chr12:2633572-2633732:+	K562	HEK	0.954954954954955	0.6286246893123446	HEK	Exclusive Low	0.6286246893123446	
"DNM1L exon 5
chr12:32710996:A>T"	11312	0.6288391462779802	0.9424342105263158	0.9671052631578948	0.889329268292683	0.895560085076214	DNM1L exon 5	chr12:32710996:A>T	121:A>T	chr12:32710875-32711035:+	chr12:32710875-32711035:+	K562	HEK	0.9671052631578948	0.6288391462779802	HEK	Exclusive Low	0.6288391462779802	
"CACNA1C exon 31
chr12:2633729:C>G"	9516	0.6301054018445322	0.9558021806853583	0.9118589743589745	0.9045138888888888	0.9315159574468085	CACNA1C exon 31	chr12:2633729:C>G	157:C>G	chr12:2633572-2633732:+	chr12:2633572-2633732:+	HeLa	HEK	0.9558021806853583	0.6301054018445322	HEK	Exclusive Low	0.6301054018445322	
"CACNA1C exon 31
chr12:2633602:C>A;chr12:2633704:G>A"	158264	0.6317876754118364	0.9846153846153847	0.9661025968497233	0.886441647597254	0.9181357649442756	CACNA1C exon 31	chr12:2633602:C>A;chr12:2633704:G>A	30:C>A ; 132:G>A	chr12:2633572-2633732:+	chr12:2633572-2633732:+	HeLa	HEK	0.9846153846153847	0.6317876754118364	HEK	Exclusive Low	0.6317876754118364	
"CACNA1C exon 31
chr12:2633677:G>C"	9361	0.6333198051948052	0.9479166666666667	0.9206349206349207	0.9222222222222223	0.9607843137254902	CACNA1C exon 31	chr12:2633677:G>C	105:G>C	chr12:2633572-2633732:+	chr12:2633572-2633732:+	HMC3	HEK	0.9607843137254902	0.6333198051948052	HEK	Exclusive Low	0.6333198051948052	
"BCKDHA exon 3
chr19:41410879:T>G"	34263	0.6338742393509128	0.9761904761904763	0.8863636363636365	0.9211180124223602	0.9622641509433962	BCKDHA exon 3	chr19:41410879:T>G	10:T>G	chr19:41410869-41411029:+	chr19:41410869-41411029:+	HeLa	HEK	0.9761904761904763	0.6338742393509128	HEK	Exclusive Low	0.6338742393509128	
"CACNA1C exon 31
chr12:2633668:A>G;chr12:2633698:C>G"	158281	0.6351190476190476	0.9016666666666666	0.9183187046004843	0.9302884615384617	0.9091165755919854	CACNA1C exon 31	chr12:2633668:A>G;chr12:2633698:C>G	96:A>G ; 126:C>G	chr12:2633572-2633732:+	chr12:2633572-2633732:+	MCF7	HEK	0.9302884615384617	0.6351190476190476	HEK	Exclusive Low	0.6351190476190476	
"CACNA1C exon 31
chr12:2633662:T>A"	9314	0.6352272727272728	0.9044715447154472	0.9552238805970149	0.8858234295415959	0.9652369761065414	CACNA1C exon 31	chr12:2633662:T>A	90:T>A	chr12:2633572-2633732:+	chr12:2633572-2633732:+	HMC3	HEK	0.9652369761065414	0.6352272727272728	HEK	Exclusive Low	0.6352272727272728	
"BCKDHA exon 3
chr19:41410934:G>T"	34425	0.636312692630989	0.8894523326572008	0.9253365973072216	0.9054201811933771	0.9583896766217208	BCKDHA exon 3	chr19:41410934:G>T	65:G>T	chr19:41410869-41411029:+	chr19:41410869-41411029:+	HMC3	HEK	0.9583896766217208	0.636312692630989	HEK	Exclusive Low	0.636312692630989	
"CACNA1C exon 31
chr12:2633602:C>G;chr12:2633722:A>G"	158349	0.6368730868848599	0.9733893557422969	0.975989262278783	0.925	0.9470037010788253	CACNA1C exon 31	chr12:2633602:C>G;chr12:2633722:A>G	30:C>G ; 150:A>G	chr12:2633572-2633732:+	chr12:2633572-2633732:+	K562	HEK	0.975989262278783	0.6368730868848599	HEK	Exclusive Low	0.6368730868848599	
"CACNA1C exon 31
chr12:2633646:C>T"	9269	0.6379214844561379	0.9459791863765373	0.9344495180111618	0.8983660130718953	0.9190423976608189	CACNA1C exon 31	chr12:2633646:C>T	74:C>T	chr12:2633572-2633732:+	chr12:2633572-2633732:+	HeLa	HEK	0.9459791863765373	0.6379214844561379	HEK	Exclusive Low	0.6379214844561379	
"SCN5A exon 24
chr3:38557347:G>A;chr3:38557335:T>C"	230095	0.650698986789791	0.956043956043956	0.9252114164904863	0.9311079545454546	0.9087553386211105	SCN5A exon 24	chr3:38557347:G>A;chr3:38557335:T>C	24:C>T ; 36:A>G	chr3:38557211-38557371:-	chr3:38557211-38557371:-	HeLa	HEK	0.956043956043956	0.650698986789791	HEK	Exclusive Low	0.650698986789791	
"PAX5 exon 9
chr9:36846971:A>T;chr9:36846953:A>C"	122750	0.6541097093860913	0.9547313552526062	0.9212712331431535	0.9062728148818737	0.9580650786454155	PAX5 exon 9	chr9:36846971:A>T;chr9:36846953:A>C	12:T>A ; 30:T>G	chr9:36846823-36846983:-	chr9:36846823-36846983:-	HMC3	HEK	0.9580650786454155	0.6541097093860913	HEK	Exclusive Low	0.6541097093860913	
"CACNA1C exon 31
chr12:2633609:G>A"	9159	0.6572681704260652	0.9891304347826086	0.9761904761904763	0.937878787878788	0.9602686703096539	CACNA1C exon 31	chr12:2633609:G>A	37:G>A	chr12:2633572-2633732:+	chr12:2633572-2633732:+	HeLa	HEK	0.9891304347826086	0.6572681704260652	HEK	Exclusive Low	0.6572681704260652	
"CACNA1C exon 31
chr12:2633656:T>G;chr12:2633698:C>G"	158762	0.6629901960784313	0.9344086021505376	0.9527443105756358	0.9265419888509261	0.9312021119052218	CACNA1C exon 31	chr12:2633656:T>G;chr12:2633698:C>G	84:T>G ; 126:C>G	chr12:2633572-2633732:+	chr12:2633572-2633732:+	K562	HEK	0.9527443105756358	0.6629901960784313	HEK	Exclusive Low	0.6629901960784313	
"CACNA1C exon 31
chr12:2633674:A>T"	9350	0.6653198653198653	0.9607843137254902	0.9710090984284533	0.9498587570621468	0.9650880388585306	CACNA1C exon 31	chr12:2633674:A>T	102:A>T	chr12:2633572-2633732:+	chr12:2633572-2633732:+	K562	HEK	0.9710090984284533	0.6653198653198653	HEK	Exclusive Low	0.6653198653198653	
"CACNA1C exon 31
chr12:2633669:T>A"	9335	0.6752838910662244	0.9619252873563219	0.947972972972973	0.9308924485125858	0.9588870431893688	CACNA1C exon 31	chr12:2633669:T>A	97:T>A	chr12:2633572-2633732:+	chr12:2633572-2633732:+	HeLa	HEK	0.9619252873563219	0.6752838910662244	HEK	Exclusive Low	0.6752838910662244	
"CACNA1C exon 31
chr12:2633710:A>C;chr12:2633722:A>G"	158372	0.6775924861031244	0.9532967032967032	0.9539776022843887	0.9315217391304348	0.9586015157862665	CACNA1C exon 31	chr12:2633710:A>C;chr12:2633722:A>G	138:A>C ; 150:A>G	chr12:2633572-2633732:+	chr12:2633572-2633732:+	HMC3	HEK	0.9586015157862665	0.6775924861031244	HEK	Exclusive Low	0.6775924861031244	
"ABCB7 exon 2
chrX:75114750:T>C"	82707	0.46381766381766376	0.735248447204969	0.9451162790697674	0.1282467532467532	0.5123823529411764	ABCB7 exon 2	chrX:75114750:T>C	144:A>G	chrX:75114734-75114894:-	chrX:75114734-75114894:-	K562	MCF7	0.9451162790697674	0.1282467532467532	MCF7	Exclusive Low	0.1282467532467532	
"CACNA2D4 exon 28
chr12:1810618:C>A"	7813	0.43519417475728156	0.6625155666251556	0.45052631578947366	0.17337461300309595	0.51	CACNA2D4 exon 28	chr12:1810618:C>A	65:G>T	chr12:1810523-1810683:-	chr12:1810523-1810683:-	HeLa	MCF7	0.6625155666251556	0.17337461300309595	MCF7	Exclusive Low	0.17337461300309595	
"ABCB7 exon 2
chrX:75114750:T>C;chrX:75114738:G>A"	144173	0.5170940170940171	0.630656108597285	0.9085081585081586	0.1833333333333333	0.5082706766917293	ABCB7 exon 2	chrX:75114750:T>C;chrX:75114738:G>A	144:A>G ; 156:C>T	chrX:75114734-75114894:-	chrX:75114734-75114894:-	K562	MCF7	0.9085081585081586	0.1833333333333333	MCF7	Exclusive Low	0.1833333333333333	
"ABCB7 exon 2
chrX:75114894:T>G;chrX:75114750:T>A"	143789	0.5967105263157895	0.9198232323232324	0.9466666666666667	0.27625	0.6709257473481196	ABCB7 exon 2	chrX:75114894:T>G;chrX:75114750:T>A	0:A>C ; 144:A>T	chrX:75114734-75114894:-	chrX:75114734-75114894:-	K562	MCF7	0.9466666666666667	0.27625	MCF7	Exclusive Low	0.27625	
"NPC2 exon 4
chr14:74480758:G>C;chr14:74480698:T>C"	199793	0.6724496322353694	0.9662162162162162	0.9507042253521127	0.3144444444444444	0.7380952380952381	NPC2 exon 4	chr14:74480758:G>C;chr14:74480698:T>C	84:C>G ; 144:A>G	chr14:74480682-74480842:-	chr14:74480682-74480842:-	HeLa	MCF7	0.9662162162162162	0.3144444444444444	MCF7	Exclusive Low	0.3144444444444444	
"MYBL2 exon 3
chr20:43681838:C>A"	105727	0.6220736434108527	0.8472222222222221	0.8106872852233677	0.3188095238095238	0.8590811169110946	MYBL2 exon 3	chr20:43681838:C>A	123:C>A	chr20:43681715-43681875:+	chr20:43681715-43681875:+	HMC3	MCF7	0.8590811169110946	0.3188095238095238	MCF7	Exclusive Low	0.3188095238095238	
"CASK exon 19
chrX:41557123:T>A"	81489	0.6854619565217391	0.8575757575757575	0.8460884353741496	0.3296703296703296	0.7850264805007222	CASK exon 19	chrX:41557123:T>A	49:A>T	chrX:41557012-41557172:-	chrX:41557012-41557172:-	HeLa	MCF7	0.8575757575757575	0.3296703296703296	MCF7	Exclusive Low	0.3296703296703296	
"AUH exon 9
chr9:91216137:G>C"	79618	0.6110090446579989	0.842479674796748	0.7855912743972445	0.33928571428571425	0.611578947368421	AUH exon 9	chr9:91216137:G>C	62:C>G	chr9:91216039-91216199:-	chr9:91216039-91216199:-	HeLa	MCF7	0.842479674796748	0.33928571428571425	MCF7	Exclusive Low	0.33928571428571425	
"AUH exon 9
chr9:91216198:A>G"	79434	0.6072489601901367	0.741869918699187	0.6992797118847539	0.34814814814814815	0.61003861003861	AUH exon 9	chr9:91216198:A>G	1:T>C	chr9:91216039-91216199:-	chr9:91216039-91216199:-	HeLa	MCF7	0.741869918699187	0.34814814814814815	MCF7	Exclusive Low	0.34814814814814815	
"ALDH6A1 exon 3
chr14:74072587:C>T;chr14:74072557:A>C"	128204	0.7104710820895522	0.9327731092436975	0.8355072463768116	0.3572463768115941	0.7113237639553429	ALDH6A1 exon 3	chr14:74072587:C>T;chr14:74072557:A>C	90:G>A ; 120:T>G	chr14:74072517-74072677:-	chr14:74072517-74072677:-	HeLa	MCF7	0.9327731092436975	0.3572463768115941	MCF7	Exclusive Low	0.3572463768115941	
"BRCA1 exon 13
chr17:43079383:G>C"	29741	0.6886035313001605	0.8567265662943176	0.7286868686868686	0.37858220211161386	0.6543008048289738	BRCA1 exon 13	chr17:43079383:G>C	91:C>G	chr17:43079314-43079474:-	chr17:43079314-43079474:-	HeLa	MCF7	0.8567265662943176	0.37858220211161386	MCF7	Exclusive Low	0.37858220211161386	
"ZDHHC17 exon 4
chr12:76809063:C>T"	98922	0.6494318181818182	0.9276541095890412	0.9208333333333334	0.3938086303939963	0.7947154471544715	ZDHHC17 exon 4	chr12:76809063:C>T	83:C>T	chr12:76808980-76809140:+	chr12:76808980-76809140:+	HeLa	MCF7	0.9276541095890412	0.3938086303939963	MCF7	Exclusive Low	0.3938086303939963	
"NEK1 exon 20
chr4:169508831:C>G;chr4:169508825:A>T"	211808	0.6998704942801641	0.875	0.7300140252454418	0.4304347826086956	0.7780112044817926	NEK1 exon 20	chr4:169508831:C>G;chr4:169508825:A>T	78:G>C ; 84:T>A	chr4:169508749-169508909:-	chr4:169508749-169508909:-	HeLa	MCF7	0.875	0.4304347826086956	MCF7	Exclusive Low	0.4304347826086956	
"CASK exon 19
chrX:41557124:T>A;chrX:41557118:G>A"	149664	0.7163265306122448	0.875	0.9361702127659575	0.43303571428571425	0.8530701754385965	CASK exon 19	chrX:41557124:T>A;chrX:41557118:G>A	48:A>T ; 54:C>T	chrX:41557012-41557172:-	chrX:41557012-41557172:-	K562	MCF7	0.9361702127659575	0.43303571428571425	MCF7	Exclusive Low	0.43303571428571425	
"ANK1 exon 41
chr8:41661884:G>T;chr8:41661872:T>A"	190538	0.6908866995073891	0.8461538461538461	0.9528824833702882	0.43944099378881984	0.75	ANK1 exon 41	chr8:41661884:G>T;chr8:41661872:T>A	132:C>A ; 144:A>T	chr8:41661856-41662016:-	chr8:41661856-41662016:-	K562	MCF7	0.9528824833702882	0.43944099378881984	MCF7	Exclusive Low	0.43944099378881984	
"AFF2 exon 5
chrX:148837713:A>T;chrX:148837731:C>G"	233230	0.7288557213930348	0.842896174863388	0.8516483516483516	0.4513888888888889	0.8914285714285715	AFF2 exon 5	chrX:148837713:A>T;chrX:148837731:C>G	120:A>T ; 138:C>G	chrX:148837593-148837753:+	chrX:148837593-148837753:+	HMC3	MCF7	0.8914285714285715	0.4513888888888889	MCF7	Exclusive Low	0.4513888888888889	
"AFF2 exon 5
chrX:148837665:C>T;chrX:148837713:A>C"	233664	0.7541918175720992	0.9351851851851851	0.8191964285714286	0.45169082125603865	0.8185763888888888	AFF2 exon 5	chrX:148837665:C>T;chrX:148837713:A>C	72:C>T ; 120:A>C	chrX:148837593-148837753:+	chrX:148837593-148837753:+	HeLa	MCF7	0.9351851851851851	0.45169082125603865	MCF7	Exclusive Low	0.45169082125603865	
"MYBPC1 exon 4
chr12:101626914:G>A;chr12:101626920:A>G"	170712	0.7265625	0.9267676767676768	0.9166666666666666	0.45238095238095233	0.9202985074626866	MYBPC1 exon 4	chr12:101626914:G>A;chr12:101626920:A>G	144:G>A ; 150:A>G	chr12:101626770-101626930:+	chr12:101626770-101626930:+	HeLa	MCF7	0.9267676767676768	0.45238095238095233	MCF7	Exclusive Low	0.45238095238095233	
"CRYM exon 3
chr16:21258833:T>C;chr16:21258779:T>C"	139770	0.7836021505376345	0.987012987012987	0.9050144648023143	0.46311475409836067	0.847723775907322	CRYM exon 3	chr16:21258833:T>C;chr16:21258779:T>C	96:A>G ; 150:A>G	chr16:21258769-21258929:-	chr16:21258769-21258929:-	HeLa	MCF7	0.987012987012987	0.46311475409836067	MCF7	Exclusive Low	0.46311475409836067	
"MLC1 exon 3
chr22:50083206:C>A;chr22:50083200:T>C"	126817	0.834902699309479	0.9330357142857143	0.9115942028985508	0.4879807692307692	0.9337606837606838	MLC1 exon 3	chr22:50083206:C>A;chr22:50083200:T>C	18:G>T ; 24:A>G	chr22:50083064-50083224:-	chr22:50083064-50083224:-	HMC3	MCF7	0.9337606837606838	0.4879807692307692	MCF7	Exclusive Low	0.4879807692307692	
"ANK1 exon 41
chr8:41661968:G>C;chr8:41661872:T>A"	121130	0.7593301435406699	0.920852534562212	0.9405289598108748	0.49142367066895365	0.8791495901639343	ANK1 exon 41	chr8:41661968:G>C;chr8:41661872:T>A	48:C>G ; 144:A>T	chr8:41661856-41662016:-	chr8:41661856-41662016:-	K562	MCF7	0.9405289598108748	0.49142367066895365	MCF7	Exclusive Low	0.49142367066895365	
"MYBL2 exon 3
chr20:43681839:T>G"	105728	0.8397435897435898	0.934184184184184	0.8432333129210043	0.5010141987829615	0.8510244547257105	MYBL2 exon 3	chr20:43681839:T>G	124:T>G	chr20:43681715-43681875:+	chr20:43681715-43681875:+	HeLa	MCF7	0.934184184184184	0.5010141987829615	MCF7	Exclusive Low	0.5010141987829615	
"MYBL2 exon 3
chr20:43681788:A>G"	105719	0.7654750606348202	0.8483448923347163	0.833662690428284	0.5044204588599013	0.8852300242130751	MYBL2 exon 3	chr20:43681788:A>G	73:A>G	chr20:43681715-43681875:+	chr20:43681715-43681875:+	HMC3	MCF7	0.8852300242130751	0.5044204588599013	MCF7	Exclusive Low	0.5044204588599013	
"GDAP1 exon 2
chr8:74351238:T>C"	76734	0.7988131422781879	0.9379795396419437	0.8525709409003626	0.5119236883942766	0.8676923076923078	GDAP1 exon 2	chr8:74351238:T>C	57:T>C	chr8:74351181-74351341:+	chr8:74351181-74351341:+	HeLa	MCF7	0.9379795396419437	0.5119236883942766	MCF7	Exclusive Low	0.5119236883942766	
"ANK1 exon 41
chr8:41661902:C>T;chr8:41661896:C>T"	190551	0.8174242424242424	0.9210858585858586	0.9255570117955438	0.546875	0.8759365634365635	ANK1 exon 41	chr8:41661902:C>T;chr8:41661896:C>T	114:G>A ; 120:G>A	chr8:41661856-41662016:-	chr8:41661856-41662016:-	K562	MCF7	0.9255570117955438	0.546875	MCF7	Exclusive Low	0.546875	
"PCCB exon 4
chr3:136260539:A>C"	55589	0.8272144522144522	0.926693281938326	0.9594017094017093	0.5699556541019956	0.862686168436519	PCCB exon 4	chr3:136260539:A>C	144:A>C	chr3:136260395-136260555:+	chr3:136260395-136260555:+	K562	MCF7	0.9594017094017093	0.5699556541019956	MCF7	Exclusive Low	0.5699556541019956	
"MYBL2 exon 3
NA"	85709	0.8655544384968616	0.9498893805309734	0.9263698630136986	0.5736401165614375	0.9308271960200947	MYBL2 exon 3		none	chr20:43681715-43681875:+	chr20:43681715-43681875:+	HeLa	MCF7	0.9498893805309734	0.5736401165614375	MCF7	Exclusive Low	0.5736401165614375	
"AUH exon 9
chr9:91216122:T>A"	79661	0.863087731940191	0.9313271604938271	0.9634146341463414	0.584008097165992	0.8486842105263158	AUH exon 9	chr9:91216122:T>A	77:A>T	chr9:91216039-91216199:-	chr9:91216039-91216199:-	K562	MCF7	0.9634146341463414	0.584008097165992	MCF7	Exclusive Low	0.584008097165992	
"MLC1 exon 3
chr22:50083157:G>C"	46824	0.9039365145661481	0.9647454315595909	0.9816276803118908	0.5886535255467293	0.9578153839311525	MLC1 exon 3	chr22:50083157:G>C	67:C>G	chr22:50083064-50083224:-	chr22:50083064-50083224:-	K562	MCF7	0.9816276803118908	0.5886535255467293	MCF7	Exclusive Low	0.5886535255467293	
"MLC1 exon 3
chr22:50083218:C>G;chr22:50083080:T>G"	126447	0.8667557932263814	0.9655172413793104	0.9455882352941176	0.5897058823529412	0.8869047619047619	MLC1 exon 3	chr22:50083218:C>G;chr22:50083080:T>G	6:G>C ; 144:A>C	chr22:50083064-50083224:-	chr22:50083064-50083224:-	HeLa	MCF7	0.9655172413793104	0.5897058823529412	MCF7	Exclusive Low	0.5897058823529412	
"SPINT2 exon 3
chr19:38287915:C>G;chr19:38287945:T>A"	129787	0.9189597017575004	0.989010989010989	0.9742268041237113	0.5992907801418439	0.919047619047619	SPINT2 exon 3	chr19:38287915:C>G;chr19:38287945:T>A	120:C>G ; 150:T>A	chr19:38287795-38287955:+	chr19:38287795-38287955:+	HeLa	MCF7	0.989010989010989	0.5992907801418439	MCF7	Exclusive Low	0.5992907801418439	
"MLC1 exon 3
chr22:50083158:T>C;chr22:50083086:A>G"	127018	0.8718043264503441	0.9918032786885246	0.9915254237288136	0.615546218487395	0.992063492063492	MLC1 exon 3	chr22:50083158:T>C;chr22:50083086:A>G	66:A>G ; 138:T>C	chr22:50083064-50083224:-	chr22:50083064-50083224:-	HMC3	MCF7	0.992063492063492	0.615546218487395	MCF7	Exclusive Low	0.615546218487395	
"MLC1 exon 3
chr22:50083164:G>T;chr22:50083110:C>A"	126472	0.9929577464788732	0.9705882352941175	0.98	0.6192307692307693	0.9651485148514851	MLC1 exon 3	chr22:50083164:G>T;chr22:50083110:C>A	60:C>A ; 114:G>T	chr22:50083064-50083224:-	chr22:50083064-50083224:-	HEK	MCF7	0.9929577464788732	0.6192307692307693	MCF7	Exclusive Low	0.6192307692307693	
"AFF2 exon 5
chrX:148837622:A>T"	79991	0.903267973856209	0.9576271186440678	0.9433811802232855	0.6234817813765182	0.9281372123317413	AFF2 exon 5	chrX:148837622:A>T	29:A>T	chrX:148837593-148837753:+	chrX:148837593-148837753:+	HeLa	MCF7	0.9576271186440678	0.6234817813765182	MCF7	Exclusive Low	0.6234817813765182	
"MFAP5 exon 3
chr12:8660961:A>C;chr12:8660871:T>A"	176345	0.9263015551048006	0.957427536231884	0.9453125	0.6555183946488294	0.942920918367347	MFAP5 exon 3	chr12:8660961:A>C;chr12:8660871:T>A	42:T>G ; 132:A>T	chr12:8660843-8661003:-	chr12:8660843-8661003:-	HeLa	MCF7	0.957427536231884	0.6555183946488294	MCF7	Exclusive Low	0.6555183946488294	
"MYBL2 exon 3
chr20:43681827:A>T"	105724	0.9258444125044916	0.978494623655914	0.9732533129813363	0.6644870141830908	0.9563728598604947	MYBL2 exon 3	chr20:43681827:A>T	112:A>T	chr20:43681715-43681875:+	chr20:43681715-43681875:+	HeLa	MCF7	0.978494623655914	0.6644870141830908	MCF7	Exclusive Low	0.6644870141830908	
"SPINT2 exon 3
chr19:38287849:C>G;chr19:38287879:A>C"	130179	0.9389975915475626	0.9721186703945326	0.9651799687010953	0.6740196078431373	0.9478123841305154	SPINT2 exon 3	chr19:38287849:C>G;chr19:38287879:A>C	54:C>G ; 84:A>C	chr19:38287795-38287955:+	chr19:38287795-38287955:+	HeLa	MCF7	0.9721186703945326	0.6740196078431373	MCF7	Exclusive Low	0.6740196078431373	
"MLC1 exon 3
chr22:50083164:G>T;chr22:50083110:C>A"	126472	0.9929577464788732	0.9705882352941175	0.98	0.6192307692307693	0.9651485148514851	MLC1 exon 3	chr22:50083164:G>T;chr22:50083110:C>A	60:C>A ; 114:G>T	chr22:50083064-50083224:-	chr22:50083064-50083224:-	HEK	MCF7	0.9929577464788732	0.6192307692307693	HEK	Top Mingap	0.34591774562071587	0.34591774562071587
"MFAP5 exon 3
chr12:8660973:A>C;chr12:8660937:A>T"	176201	0.9737873134328359	0.9432432432432432	0.9435612082670906	0.725	0.9702429149797571	MFAP5 exon 3	chr12:8660973:A>C;chr12:8660937:A>T	30:T>G ; 66:T>A	chr12:8660843-8661003:-	chr12:8660843-8661003:-	HEK	MCF7	0.9737873134328359	0.725	HEK	Top Mingap	0.21824324324324318	0.21824324324324318
"AFF2 exon 5
chrX:148837629:T>G;chrX:148837725:C>T"	233489	0.9727987421383647	0.9195906432748537	0.9449275362318841	0.7318518518518519	0.9674148606811146	AFF2 exon 5	chrX:148837629:T>G;chrX:148837725:C>T	36:T>G ; 132:C>T	chrX:148837593-148837753:+	chrX:148837593-148837753:+	HEK	MCF7	0.9727987421383647	0.7318518518518519	HEK	Top Mingap	0.18773879142300187	0.18773879142300187
"AP4S1 exon 5
chr14:31080624:A>T;chr14:31080648:A>G"	162796	1.0	0.9615384615384617	1.0	0.7757575757575758	0.9886363636363635	AP4S1 exon 5	chr14:31080624:A>T;chr14:31080648:A>G	120:A>T ; 144:A>G	chr14:31080504-31080664:+	chr14:31080504-31080664:+	HEK	MCF7	1.0	0.7757575757575758	HEK	Top Mingap	0.18578088578088592	0.18578088578088592
"USB1 exon 4
chr16:58014198:T>A;chr16:58014330:G>C"	237344	1.0	0.95	0.96875	0.7880434782608696	0.9838709677419355	USB1 exon 4	chr16:58014198:T>A;chr16:58014330:G>C	12:T>A ; 144:G>C	chr16:58014186-58014346:+	chr16:58014186-58014346:+	HEK	MCF7	1.0	0.7880434782608696	HEK	Top Mingap	0.16195652173913033	0.16195652173913033
"MLC1 exon 3
chr22:50083194:C>T;chr22:50083158:T>C"	126861	0.9715256008359456	0.9473684210526316	0.9480392156862746	0.8261904761904761	0.9591453882230327	MLC1 exon 3	chr22:50083194:C>T;chr22:50083158:T>C	30:G>A ; 66:A>G	chr22:50083064-50083224:-	chr22:50083064-50083224:-	HEK	MCF7	0.9715256008359456	0.8261904761904761	HEK	Top Mingap	0.1211779448621555	0.1211779448621555
"PAX5 exon 9
chr9:36846983:G>C;chr9:36846971:A>G"	208656	1.0	1.0	1.0	0.882591093117409	0.9880952380952381	PAX5 exon 9	chr9:36846983:G>C;chr9:36846971:A>G	0:C>G ; 12:T>C	chr9:36846823-36846983:-	chr9:36846823-36846983:-	HEK	MCF7	1.0	0.882591093117409	HEK	Top Mingap	0.10550414497782912	0.10550414497782912
"USB1 exon 4
chr16:58014198:T>C;chr16:58014222:T>C"	237459	0.9626086956521739	0.9484536082474226	0.9125295508274232	0.8423670668953688	0.94765625	USB1 exon 4	chr16:58014198:T>C;chr16:58014222:T>C	12:T>C ; 36:T>C	chr16:58014186-58014346:+	chr16:58014186-58014346:+	HEK	MCF7	0.9626086956521739	0.8423670668953688	HEK	Top Mingap	0.07016248393205438	0.07016248393205438
"NRXN1 exon 3
chr2:50926078:A>C;chr2:50925970:C>A"	201576	0.8824926900584795	0.7797619047619048	0.7134288376426741	0.8688235294117648	0.8007005899705015	NRXN1 exon 3	chr2:50926078:A>C;chr2:50925970:C>A	0:T>G ; 108:G>T	chr2:50925918-50926078:-	chr2:50925918-50926078:-	HEK	K562	0.8824926900584795	0.7134288376426741	HEK	Top Mingap	0.0663330671192307	0.0663330671192307
"ADGRG2 exon 5
NA"	85821	0.08623755334281645	0.01973684210526315	0.0288461538461538	0.0	0.03113983548766155	ADGRG2 exon 5		none	chrX:19037569-19037729:-	chrX:19037569-19037729:-	HEK	MCF7	0.08623755334281645	0.0	HEK	Top Mingap	0.055097717855154896	0.055097717855154896
"DNM1L exon 5
chr12:32710905:A>G;chr12:32710935:A>G"	137786	0.35987311657414744	0.9333333333333333	0.7604395604395604	0.791304347826087	0.7785661854661121	DNM1L exon 5	chr12:32710905:A>G;chr12:32710935:A>G	30:A>G ; 60:A>G	chr12:32710875-32711035:+	chr12:32710875-32711035:+	HeLa	HEK	0.9333333333333333	0.35987311657414744	HeLa	Top Mingap	0.40056644386541296	0.40056644386541296
"DNM1L exon 5
chr12:32710887:T>G;chr12:32710923:T>A"	137940	0.3984962406015037	0.8947750362844702	0.8947368421052632	0.8	0.7966534316505955	DNM1L exon 5	chr12:32710887:T>G;chr12:32710923:T>A	12:T>G ; 48:T>A	chr12:32710875-32711035:+	chr12:32710875-32711035:+	HeLa	HEK	0.8947750362844702	0.3984962406015037	HeLa	Top Mingap	0.39815719104909186	0.39815719104909186
"CACNA1C exon 31
chr12:2633608:T>G;chr12:2633728:C>G"	158243	0.326365663322185	0.8188559322033898	0.8031716417910448	0.7841832963784183	0.7202932098765432	CACNA1C exon 31	chr12:2633608:T>G;chr12:2633728:C>G	36:T>G ; 156:C>G	chr12:2633572-2633732:+	chr12:2633572-2633732:+	HeLa	HEK	0.8188559322033898	0.326365663322185	HeLa	Top Mingap	0.39392754655435824	0.39392754655435824
"ERCC1 exon 8
chr19:45414012:A>C"	104927	0.20991561181434593	0.710576923076923	0.603030303030303	0.6346153846153846	0.6261160714285714	ERCC1 exon 8	chr19:45414012:A>C	91:T>G	chr19:45413943-45414103:-	chr19:45413943-45414103:-	HeLa	HEK	0.710576923076923	0.20991561181434593	HeLa	Top Mingap	0.3931146912159571	0.3931146912159571
"ACAD9 exon 2
chr3:128884678:T>G;chr3:128884708:A>G"	192557	0.4489247311827957	0.9375	0.8426640926640927	0.8927738927738929	0.8416149068322981	ACAD9 exon 2	chr3:128884678:T>G;chr3:128884708:A>G	72:T>G ; 102:A>G	chr3:128884606-128884766:+	chr3:128884606-128884766:+	HeLa	HEK	0.9375	0.4489247311827957	HeLa	Top Mingap	0.3926901756495024	0.3926901756495024
"DNM1L exon 5
chr12:32710905:A>G;chr12:32711025:G>A"	137619	0.4381029966136349	0.8696670653907497	0.8325469097964854	0.8013888888888889	0.8014073589613158	DNM1L exon 5	chr12:32710905:A>G;chr12:32711025:G>A	30:A>G ; 150:G>A	chr12:32710875-32711035:+	chr12:32710875-32711035:+	HeLa	HEK	0.8696670653907497	0.4381029966136349	HeLa	Top Mingap	0.36328589227525404	0.36328589227525404
"NPC2 exon 4
chr14:74480758:G>C;chr14:74480698:T>C"	199793	0.6724496322353694	0.9662162162162162	0.9507042253521127	0.3144444444444444	0.7380952380952381	NPC2 exon 4	chr14:74480758:G>C;chr14:74480698:T>C	84:C>G ; 144:A>G	chr14:74480682-74480842:-	chr14:74480682-74480842:-	HeLa	MCF7	0.9662162162162162	0.3144444444444444	HeLa	Top Mingap	0.35800518779092494	0.35800518779092494
"DIAPH1 exon 2
chr5:141588334:G>C;chr5:141588280:A>G"	114267	0.5408108108108108	0.9224137931034483	0.5350877192982455	0.5653357531760436	0.5602103120759838	DIAPH1 exon 2	chr5:141588334:G>C;chr5:141588280:A>G	30:C>G ; 84:T>C	chr5:141588204-141588364:-	chr5:141588204-141588364:-	HeLa	K562	0.9224137931034483	0.5350877192982455	HeLa	Top Mingap	0.3570780399274047	0.3570780399274047
"CASK exon 19
chrX:41557123:T>A"	81489	0.6854619565217391	0.8575757575757575	0.8460884353741496	0.3296703296703296	0.7850264805007222	CASK exon 19	chrX:41557123:T>A	49:A>T	chrX:41557012-41557172:-	chrX:41557012-41557172:-	HeLa	MCF7	0.8575757575757575	0.3296703296703296	HeLa	Top Mingap	0.3557916268514095	0.3557916268514095
"CACNA1C exon 31
chr12:2633632:T>C;chr12:2633710:A>T"	158523	0.38411854103343457	0.8503267973856209	0.739414996767938	0.8410134721371709	0.8420220363191185	CACNA1C exon 31	chr12:2633632:T>C;chr12:2633710:A>T	60:T>C ; 138:A>T	chr12:2633572-2633732:+	chr12:2633572-2633732:+	HeLa	HEK	0.8503267973856209	0.38411854103343457	HeLa	Top Mingap	0.3552964557345034	0.3552964557345034
"DNM1L exon 5
chr12:32710881:A>T;chr12:32710923:T>G"	137834	0.18545751633986923	0.7418918918918919	0.7580567580567581	0.7202380952380952	0.6542119565217391	DNM1L exon 5	chr12:32710881:A>T;chr12:32710923:T>G	6:A>T ; 48:T>G	chr12:32710875-32711035:+	chr12:32710875-32711035:+	K562	HEK	0.7580567580567581	0.18545751633986923	K562	Top Mingap	0.4687544401818699	0.4687544401818699
"DNM1L exon 5
chr12:32710917:A>G;chr12:32710935:A>G"	137820	0.26454545454545453	0.7596153846153846	0.7777777777777778	0.7297872340425532	0.7086148648648649	DNM1L exon 5	chr12:32710917:A>G;chr12:32710935:A>G	42:A>G ; 60:A>G	chr12:32710875-32711035:+	chr12:32710875-32711035:+	K562	HEK	0.7777777777777778	0.26454545454545453	K562	Top Mingap	0.4440694103194104	0.4440694103194104
"CACNA1C exon 31
chr12:2633620:C>G;chr12:2633668:A>T"	158477	0.3258064516129032	0.7900432900432901	0.8098544232922733	0.7384868421052632	0.800763358778626	CACNA1C exon 31	chr12:2633620:C>G;chr12:2633668:A>T	48:C>G ; 96:A>T	chr12:2633572-2633732:+	chr12:2633572-2633732:+	K562	HEK	0.8098544232922733	0.3258064516129032	K562	Top Mingap	0.41268039049235994	0.41268039049235994
"CACNA1C exon 31
chr12:2633629:G>A"	9219	0.35923007469424606	0.812603476821192	0.8281733746130031	0.7571428571428571	0.75982070910556	CACNA1C exon 31	chr12:2633629:G>A	57:G>A	chr12:2633572-2633732:+	chr12:2633572-2633732:+	K562	HEK	0.8281733746130031	0.35923007469424606	K562	Top Mingap	0.39791278244861106	0.39791278244861106
"DNM1L exon 5
chr12:32710929:G>A;chr12:32710971:A>C"	137419	0.3744671781756181	0.8392857142857142	0.8402513547791999	0.7470238095238095	0.7525717703349282	DNM1L exon 5	chr12:32710929:G>A;chr12:32710971:A>C	54:G>A ; 96:A>C	chr12:32710875-32711035:+	chr12:32710875-32711035:+	K562	HEK	0.8402513547791999	0.3744671781756181	K562	Top Mingap	0.37255663134819145	0.37255663134819145
"CDC7 exon 3
chr1:91507887:C>T"	86729	0.1805576776165011	0.33088235294117646	0.7011093073593073	0.1556749467090094	0.25018165443697354	CDC7 exon 3	chr1:91507887:C>T	90:C>T	chr1:91507797-91507957:+	chr1:91507797-91507957:+	K562	MCF7	0.7011093073593073	0.1556749467090094	K562	Top Mingap	0.37022695441813086	0.37022695441813086
"IVD exon 2
chr15:40407674:G>T"	18817	0.39291637052831085	0.890625	0.9037234042553192	0.7620967741935484	0.8586443586443586	IVD exon 2	chr15:40407674:G>T	89:G>T	chr15:40407585-40407745:+	chr15:40407585-40407745:+	K562	HEK	0.9037234042553192	0.39291637052831085	K562	Top Mingap	0.3691804036652375	0.3691804036652375
"DNM1L exon 5
chr12:32710899:A>G;chr12:32710923:T>G"	137625	0.21173184357541897	0.5716240875912408	0.6613669590643274	0.6240348692403487	0.6438619804793109	DNM1L exon 5	chr12:32710899:A>G;chr12:32710923:T>G	24:A>G ; 48:T>G	chr12:32710875-32711035:+	chr12:32710875-32711035:+	K562	HEK	0.6613669590643274	0.21173184357541897	K562	Top Mingap	0.35989224401582187	0.35989224401582187
"SLC26A5 exon 12
chr7:103390545:A>T;chr7:103390479:T>A"	135620	0.3277584515208277	0.6804398148148147	0.7526315789473683	0.6968975468975469	0.7398987103558975	SLC26A5 exon 12	chr7:103390545:A>T;chr7:103390479:T>A	24:T>A ; 90:A>T	chr7:103390409-103390569:-	chr7:103390409-103390569:-	K562	HEK	0.7526315789473683	0.3277584515208277	K562	Top Mingap	0.352681363293987	0.352681363293987
"UROS exon 3
chr10:125816269:A>T;chr10:125816215:A>T"	218927	0.20602150537634406	0.6037974683544304	0.638095238095238	0.5483695652173912	0.6055555555555556	UROS exon 3	chr10:125816269:A>T;chr10:125816215:A>T	48:T>A ; 102:T>A	chr10:125816157-125816317:-	chr10:125816157-125816317:-	K562	HEK	0.638095238095238	0.20602150537634406	K562	Top Mingap	0.34234805984104716	0.34234805984104716
"CACNA1C exon 31
chr12:2633650:A>T"	9278	0.20907170023947036	0.6189878307900328	0.6347708894878705	0.6551358234295416	0.6162937948501478	CACNA1C exon 31	chr12:2633650:A>T	78:A>T	chr12:2633572-2633732:+	chr12:2633572-2633732:+	MCF7	HEK	0.6551358234295416	0.20907170023947036	MCF7	Top Mingap	0.40722209461067743	0.40722209461067743
"TNNT2 exon 5
chr1:201369931:C>G"	39084	0.13072033898305085	0.27932098765432095	0.13370288248337026	0.6859683794466402	0.22826086956521735	TNNT2 exon 5	chr1:201369931:C>G	25:G>C	chr1:201369796-201369956:-	chr1:201369796-201369956:-	MCF7	HEK	0.6859683794466402	0.13072033898305085	MCF7	Top Mingap	0.4066473917923193	0.4066473917923193
"CACNA1C exon 31
chr12:2633690:A>C"	9399	0.26335174953959484	0.6682983682983683	0.6987380802832182	0.752051282051282	0.6686335027838295	CACNA1C exon 31	chr12:2633690:A>C	118:A>C	chr12:2633572-2633732:+	chr12:2633572-2633732:+	MCF7	HEK	0.752051282051282	0.26335174953959484	MCF7	Top Mingap	0.40494661875877347	0.40494661875877347
"TNNT2 exon 5
chr1:201369943:T>C"	39048	0.11494755244755239	0.2102823430257058	0.09423897581792315	0.6095334685598377	0.19393741851368967	TNNT2 exon 5	chr1:201369943:T>C	13:A>G	chr1:201369796-201369956:-	chr1:201369796-201369956:-	MCF7	K562	0.6095334685598377	0.09423897581792315	MCF7	Top Mingap	0.3992511255341319	0.3992511255341319
"TNNT2 exon 5
chr1:201369911:C>G"	39144	0.053541961338991	0.15728715728715725	0.08351449275362315	0.639764996907854	0.24186507936507934	TNNT2 exon 5	chr1:201369911:C>G	45:G>C	chr1:201369796-201369956:-	chr1:201369796-201369956:-	MCF7	HEK	0.639764996907854	0.053541961338991	MCF7	Top Mingap	0.3978999175427747	0.3978999175427747
"ACADVL exon 3
chr17:7220437:G>A;chr17:7220545:G>C"	191385	0.42102272727272727	0.8717948717948718	0.816468253968254	0.894266917293233	0.8745098039215686	ACADVL exon 3	chr17:7220437:G>A;chr17:7220545:G>C	48:G>A ; 156:G>C	chr17:7220389-7220549:+	chr17:7220389-7220549:+	MCF7	HEK	0.894266917293233	0.42102272727272727	MCF7	Top Mingap	0.3954455266955267	0.3954455266955267
"TNNT2 exon 5
chr1:201369932:C>G;chr1:201369926:G>T"	109455	0.0681594267801164	0.1067927170868347	0.04665314401622715	0.5582177385456074	0.16321524149356437	TNNT2 exon 5	chr1:201369932:C>G;chr1:201369926:G>T	24:G>C ; 30:C>A	chr1:201369796-201369956:-	chr1:201369796-201369956:-	MCF7	K562	0.5582177385456074	0.04665314401622715	MCF7	Top Mingap	0.39500249705204304	0.39500249705204304
"NRXN1 exon 3
chr2:50925984:A>T"	51671	0.2873427672955975	0.2376373626373626	0.2722222222222222	0.675	0.20779220779220775	NRXN1 exon 3	chr2:50925984:A>T	94:T>A	chr2:50925918-50926078:-	chr2:50925918-50926078:-	MCF7	HMC3	0.675	0.20779220779220775	MCF7	Top Mingap	0.38765723270440255	0.38765723270440255
"TNNT2 exon 5
chr1:201369944:T>A"	39043	0.051981453307252	0.1666666666666666	0.08113636363636359	0.5491898148148149	0.12293956043956039	TNNT2 exon 5	chr1:201369944:T>A	12:A>T	chr1:201369796-201369956:-	chr1:201369796-201369956:-	MCF7	HEK	0.5491898148148149	0.051981453307252	MCF7	Top Mingap	0.38252314814814825	0.38252314814814825
"TNNT2 exon 5
chr1:201369951:G>A"	39023	0.06505681818181815	0.0857142857142857	0.0823451910408432	0.49629629629629624	0.1174079387852702	TNNT2 exon 5	chr1:201369951:G>A	5:C>T	chr1:201369796-201369956:-	chr1:201369796-201369956:-	MCF7	HEK	0.49629629629629624	0.06505681818181815	MCF7	Top Mingap	0.378888357511026	0.378888357511026
"IVD exon 2
chr15:40407737:G>A"	18999	0.3481132075471698	0.7833333333333333	0.8090909090909091	0.780885780885781	0.8725490196078431	IVD exon 2	chr15:40407737:G>A	152:G>A	chr15:40407585-40407745:+	chr15:40407585-40407745:+	HMC3	HEK	0.8725490196078431	0.3481132075471698	HMC3	Top Mingap	0.4327725733386112	0.4327725733386112
"RAB7A exon 4
chr3:128806351:T>A"	53411	0.33135673624288425	0.8755980861244019	0.7756410256410257	0.7638888888888888	0.9074248120300752	RAB7A exon 4	chr3:128806351:T>A	42:T>A	chr3:128806309-128806469:+	chr3:128806309-128806469:+	HMC3	HEK	0.9074248120300752	0.33135673624288425	HMC3	Top Mingap	0.4325321526460046	0.4325321526460046
"TIMM44 exon 11
chr19:7928121:C>A;chr19:7928079:C>T"	202679	0.052748226950354554	0.17352941176470585	0.13097713097713096	0.2294685990338164	0.6314634146341463	TIMM44 exon 11	chr19:7928121:C>A;chr19:7928079:C>T	96:G>T ; 138:G>A	chr19:7928057-7928217:-	chr19:7928057-7928217:-	HMC3	HEK	0.6314634146341463	0.052748226950354554	HMC3	Top Mingap	0.40199481560032996	0.40199481560032996
"SLC26A4 exon 11
chr7:107694340:A>G;chr7:107694448:G>C"	153540	0.23998428908091118	0.7150000000000001	0.6395278450363195	0.7679738562091503	0.8705373241976199	SLC26A4 exon 11	chr7:107694340:A>G;chr7:107694448:G>C	0:A>G ; 108:G>C	chr7:107694340-107694500:+	chr7:107694340-107694500:+	HMC3	HEK	0.8705373241976199	0.23998428908091118	HMC3	Top Mingap	0.39954355595540836	0.39954355595540836
"GPI exon 5
chr19:34377512:A>T;chr19:34377566:G>A"	236602	0.13614627285513353	0.07806324110671935	0.14	0.29891304347826086	0.6979166666666667	GPI exon 5	chr19:34377512:A>T;chr19:34377566:G>A	66:A>T ; 120:G>A	chr19:34377446-34377606:+	chr19:34377446-34377606:+	HMC3	HeLa	0.6979166666666667	0.07806324110671935	HMC3	Top Mingap	0.3990036231884059	0.3990036231884059
"CACNA1C exon 31
chr12:2633585:A>C"	9088	0.35992631698887156	0.761244635193133	0.7715167957733909	0.7515640273704789	0.8041837571780148	CACNA1C exon 31	chr12:2633585:A>C	13:A>C	chr12:2633572-2633732:+	chr12:2633572-2633732:+	HMC3	HEK	0.8041837571780148	0.35992631698887156	HMC3	Top Mingap	0.39163771038160733	0.39163771038160733
"CACNA1C exon 31
chr12:2633602:C>A;chr12:2633632:T>C"	158697	0.40675358457048594	0.8650615901455767	0.7937998456393105	0.8441123284756942	0.8939600545439961	CACNA1C exon 31	chr12:2633602:C>A;chr12:2633632:T>C	30:C>A ; 60:T>C	chr12:2633572-2633732:+	chr12:2633572-2633732:+	HMC3	HEK	0.8939600545439961	0.40675358457048594	HMC3	Top Mingap	0.38704626106882456	0.38704626106882456
"MICAL3 exon 16
chr22:17884346:G>T"	106344	0.1334072431633407	0.4076923076923077	0.1883116883116883	0.21829787234042553	0.7942260442260443	MICAL3 exon 16	chr22:17884346:G>T	69:C>A	chr22:17884255-17884415:-	chr22:17884255-17884415:-	HMC3	HEK	0.7942260442260443	0.1334072431633407	HMC3	Top Mingap	0.38653373653373657	0.38653373653373657
"RAB7A exon 4
chr3:128806357:T>A"	53429	0.5100806451612903	0.939799331103679	0.8939393939393939	0.9142857142857144	0.9852941176470589	RAB7A exon 4	chr3:128806357:T>A	48:T>A	chr3:128806309-128806469:+	chr3:128806309-128806469:+	HMC3	HEK	0.9852941176470589	0.5100806451612903	HMC3	Top Mingap	0.38385874877810366	0.38385874877810366
"OCA2 exon 10
chr15:27990662:A>G;chr15:27990602:G>C"	177024	0.16706390585431252	0.2075301204819277	0.2531105581230004	0.3117483811285846	0.691972920696325	OCA2 exon 10	chr15:27990662:A>G;chr15:27990602:G>C	54:T>C ; 114:C>G	chr15:27990556-27990716:-	chr15:27990556-27990716:-	HMC3	HEK	0.691972920696325	0.16706390585431252	HMC3	Top Mingap	0.3802245395677404	0.3802245395677404
SH3PXD2A exon 10 (WT)	84608	0.43405172413793097	0.6225988700564972	0.5340136054421769	0.5851851851851851	0.8903318903318904	SH3PXD2A exon 10		none	chr10:103622450-103622610:-	chr10:103622450-103622610:-						WT		
UROS exon 3 (WT)	957	0.9028457977520385	0.9872435871293992	0.9888736436430687	0.9377679704504394	0.9838408555997693	UROS exon 3		none	chr10:125816157-125816317:-	chr10:125816157-125816317:-						WT		
ANK3 exon 23 (WT)	1895	0.1422944664477618	0.2793968080112658	0.2204704973801517	0.2578453359471135	0.26515254843459424	ANK3 exon 23		none	chr10:60166571-60166731:-	chr10:60166571-60166731:-						WT		
SORBS1 exon 29 (WT)	84581	0.7041520481423825	0.9559712773998488	0.9170538133952768	0.8631694790902421	0.8678448024645102	SORBS1 exon 29		none	chr10:95322726-95322886:-	chr10:95322726-95322886:-						WT		
DRD2 exon 6 (WT)	2370	0.9552913965040002	0.9948206515143634	0.9891917293233083	0.9820460045058825	0.9970620003246957	DRD2 exon 6		none	chr11:113414355-113414515:-	chr11:113414355-113414515:-						WT		
USP28 exon 6 (WT)	2848	0.2912070770251985	0.44762272248155394	0.5797908790170132	0.2335659184214011	0.3589759885416901	USP28 exon 6		none	chr11:113834229-113834389:-	chr11:113834229-113834389:-						WT		
HMBS exon 2 (WT)	3321	0.3379159606080699	0.4765007257567422	0.4575551782682512	0.46425707842645947	0.6207678281011286	HMBS exon 2		none	chr11:119088168-119088328:+	chr11:119088168-119088328:+						WT		
HMBS exon 6 (WT)	3799	0.18047708725674824	0.4446428571428571	0.5552545155993432	0.25561154374713696	0.6081223628691983	HMBS exon 6		none	chr11:119089620-119089780:+	chr11:119089620-119089780:+						WT		
HMBS exon 10 (WT)	4273	0.02616039560244535	0.0652254249815225	0.0480771945675805	0.03709304648044055	0.08731620706874545	HMBS exon 10		none	chr11:119092023-119092183:+	chr11:119092023-119092183:+						WT		
DGKZ exon 4 (WT)	84677	0.5484972677595629	0.8197530864197531	0.7779761904761905	0.8204191033138402	0.9281968967362226	DGKZ exon 4		none	chr11:46367939-46368099:+	chr11:46367939-46368099:+						WT		
BEST1 exon 8 (WT)	5705	0.674770358593888	0.8756188118811881	0.906060606060606	0.8202879581151832	0.9383549783549785	BEST1 exon 8		none	chr11:61959438-61959598:+	chr11:61959438-61959598:+						WT		
MYBPC1 exon 4 (WT)	6180	0.8540014159868676	0.9757203185528788	0.9400935872128016	0.8879288145789621	0.9645065118471103	MYBPC1 exon 4		none	chr12:101626770-101626930:+	chr12:101626770-101626930:+						WT		
GIT2 exon 16 (WT)	84929	0.08938881425327061	0.2522883295194508	0.23881983426891207	0.2725490196078431	0.3657700923905881	GIT2 exon 16		none	chr12:109945240-109945400:-	chr12:109945240-109945400:-						WT		
ART4 exon 2 (WT)	7140	0.8355598564007942	0.9487193115330614	0.976558962557894	0.8400228422254854	0.9369501030437539	ART4 exon 2		none	chr12:14841062-14841222:-	chr12:14841062-14841222:-						WT		
CACNA2D4 exon 28 (WT)	7616	0.3298443740531607	0.5924523007856342	0.5232513269934915	0.3569057104913679	0.49751057314672276	CACNA2D4 exon 28		none	chr12:1810523-1810683:-	chr12:1810523-1810683:-						WT		
CACNA1C exon 10 (WT)	8095	0.12747110897917793	0.34660798220580824	0.23896997745998028	0.41986805276846817	0.42538145364717816	CACNA1C exon 10		none	chr12:2547384-2547544:+	chr12:2547384-2547544:+						WT		
CACNA1C exon 31 (WT)	9047	0.7128791506160006	0.9479853580823866	0.9568982598805575	0.9219350661736656	0.9442788541149197	CACNA1C exon 31		none	chr12:2633572-2633732:+	chr12:2633572-2633732:+						WT		
DNM1L exon 5 (WT)	10954	0.9372536175965639	0.9864532019704435	0.9862884522262151	0.963483111210384	0.9833881073687019	DNM1L exon 5		none	chr12:32710875-32711035:+	chr12:32710875-32711035:+						WT		
DNM1L exon 15 (WT)	11429	0.012163098786789351	0.09072666217262125	0.0716168091168091	0.11178642785785639	0.15259162398750495	DNM1L exon 15		none	chr12:32737802-32737962:+	chr12:32737802-32737962:+						WT		
PFDN5 exon 4 (WT)	84861	0.28291345240323224	0.499747321609056	0.4124298637352571	0.38396739130434776	0.32291666666666663	PFDN5 exon 4		none	chr12:53297784-53297944:+	chr12:53297784-53297944:+						WT		
DCTN2 exon 2 (WT)	84871	0.30028985507246375	0.6228448275862069	0.573564309444708	0.7504743833017078	0.6713725490196079	DCTN2 exon 2		none	chr12:57546008-57546168:-	chr12:57546008-57546168:-						WT		
ZDHHC17 exon 4 (WT)	84891	0.7920494140006336	0.932806324110672	0.9814814814814814	0.6524500907441017	0.8821717366191759	ZDHHC17 exon 4		none	chr12:76808980-76809140:+	chr12:76808980-76809140:+						WT		
MFAP5 exon 3 (WT)	13341	0.9513180263525118	0.9892612882964618	0.9808272156612405	0.8764071789017409	0.9691756798864961	MFAP5 exon 3		none	chr12:8660843-8661003:-	chr12:8660843-8661003:-						WT		
CDC42BPB exon 23 (WT)	85077	0.3729331416247304	0.642016806722689	0.43452380952380953	0.46111111111111114	0.8047853309481217	CDC42BPB exon 23		none	chr14:102954178-102954338:-	chr14:102954178-102954338:-						WT		
ALDH6A1 exon 3 (WT)	15698	0.9556792334958979	0.9862019914651494	0.9880700024996858	0.9527045671427858	0.9899763636880994	ALDH6A1 exon 3		none	chr14:74072517-74072677:-	chr14:74072517-74072677:-						WT		
NPC2 exon 4 (WT)	16175	0.9642433754028883	0.992258799267433	0.9920177214407411	0.9851970167768528	0.9930331283787031	NPC2 exon 4		none	chr14:74480682-74480842:-	chr14:74480682-74480842:-						WT		
TTC8 exon 7 (WT)	17591	0.5633024769858246	0.8588050948694479	0.7980792067450422	0.7652707166282227	0.7814460307159853	TTC8 exon 7		none	chr14:88843710-88843870:+	chr14:88843710-88843870:+						WT		
OCA2 exon 10 (WT)	18069	0.8906164228744874	0.9684988943520298	0.9058576741675748	0.8593546708300807	0.9805085774397151	OCA2 exon 10		none	chr15:27990556-27990716:-	chr15:27990556-27990716:-						WT		
IVD exon 2 (WT)	18552	0.2440634143022385	0.5199146514935988	0.6775697956061701	0.45205055361305363	0.6835342475853425	IVD exon 2		none	chr15:40407585-40407745:+	chr15:40407585-40407745:+						WT		
MYH11 exon 42 (WT)	22340	0.4310279193979121	0.7374893518159994	0.6044895554198639	0.5968605921701357	0.7044166997438026	MYH11 exon 42		none	chr16:15708783-15708943:-	chr16:15708783-15708943:-						WT		
RPS2 exon 3 (WT)	85192	0.9042928079391526	0.9583333333333333	0.9422897196261681	0.8050883095037846	0.9931972789115646	RPS2 exon 3		none	chr16:1964256-1964416:-	chr16:1964256-1964416:-						WT		
TSC2 exon 32 (WT)	23775	0.00036263674240090004	0.00698761138882845	0.0	0.01067242374461655	0.01505980749534195	TSC2 exon 32		none	chr16:2082364-2082524:+	chr16:2082364-2082524:+						WT		
CRYM exon 3 (WT)	23303	0.5855637365557829	0.8359824609482049	0.8135384615384615	0.41038454561944493	0.8047008946662926	CRYM exon 3		none	chr16:21258769-21258929:-	chr16:21258769-21258929:-						WT		
CLN3 exon 5 (WT)	24252	0.8781953335909962	0.9642813225010453	0.964708970866418	0.8833670502425828	0.986519208893307	CLN3 exon 5		none	chr16:28488571-28488731:-	chr16:28488571-28488731:-						WT		
MEFV exon 8 (WT)	25682	0.48336965459042286	0.7173446392736125	0.6615952634522542	0.6548772609819121	0.6152615999041912	MEFV exon 8		none	chr16:3244234-3244394:-	chr16:3244234-3244394:-						WT		
NLRC3 exon 14 (WT)	26156	0.508165548098434	0.7158783783783784	0.8096903096903096	0.6325054410446805	0.8917427141595526	NLRC3 exon 14		none	chr16:3548650-3548810:-	chr16:3548650-3548810:-						WT		
HERPUD1 exon 3 (WT)	85258	0.5364077669902912	0.7701863354037267	0.8311170212765957	0.7218253968253968	0.8421985815602837	HERPUD1 exon 3		none	chr16:56935335-56935495:+	chr16:56935335-56935495:+						WT		
PIGQ exon 8 (WT)	85177	0.22034050905293107	0.4610834371108343	0.41496792587312903	0.3546226958525346	0.7541551659828423	PIGQ exon 8		none	chr16:580123-580283:+	chr16:580123-580283:+						WT		
FANCA exon 38 (WT)	27103	0.9645788849347567	0.9866385630498533	0.9939024390243902	0.9702993793355239	0.9953618042929904	FANCA exon 38		none	chr16:89740784-89740944:-	chr16:89740784-89740944:-						WT		
PAFAH1B1 exon 4 (WT)	27580	0.7460036118510135	0.8446202803510832	0.8497463264248788	0.6704133092963882	0.8154971150565864	PAFAH1B1 exon 4		none	chr17:2665950-2666110:+	chr17:2665950-2666110:+						WT		
LGALS9 exon 6 (WT)	85342	0.5953362678999277	0.942817014446228	0.7882404951370469	0.9006289308176101	0.9793388429752066	LGALS9 exon 6		none	chr17:27645209-27645369:+	chr17:27645209-27645369:+						WT		
BRCA1 exon 13 (WT)	29467	0.42966548287318135	0.6889188882402543	0.6131097712890528	0.4537811409608862	0.5710143728202102	BRCA1 exon 13		none	chr17:43079314-43079474:-	chr17:43079314-43079474:-						WT		
ACADVL exon 3 (WT)	31375	0.0551579320951141	0.24382498235709238	0.1554028009764872	0.3986378785683234	0.3288143382352941	ACADVL exon 3		none	chr17:7220389-7220549:+	chr17:7220389-7220549:+						WT		
ATP5PD exon 4 (WT)	85423	0.8853079938866371	0.9324215607401449	0.9682108027006752	0.8802884615384616	0.9558823529411765	ATP5PD exon 4		none	chr17:75040072-75040232:-	chr17:75040072-75040232:-						WT		
TMEM94 exon 25 (WT)	85425	0.29607843137254897	0.6214285714285714	0.6363636363636364	0.6133333333333333	0.8379403794037941	TMEM94 exon 25		none	chr17:75496667-75496827:+	chr17:75496667-75496827:+						WT		
KCNAB3 exon 8 (WT)	85321	0.8506488430268918	0.9658490566037736	0.9657494145199064	0.913024726854514	0.9822456407651938	KCNAB3 exon 8		none	chr17:7925077-7925237:-	chr17:7925077-7925237:-						WT		
GPI exon 5 (WT)	32799	0.7512474494328572	0.8916083916083916	0.8229813664596273	0.8451990347724945	0.9524305555555557	GPI exon 5		none	chr19:34377446-34377606:+	chr19:34377446-34377606:+						WT		
DMKN exon 8 (WT)	85560	0.8950617283950617	0.9919354838709677	0.9454177897574124	0.9206349206349207	0.9596989966555185	DMKN exon 8		none	chr19:35505919-35506079:-	chr19:35505919-35506079:-						WT		
SPINT2 exon 3 (WT)	33277	0.940867234744365	0.9858585858585858	0.9737121051515794	0.9537185660781167	0.9947643979057592	SPINT2 exon 3		none	chr19:38287795-38287955:+	chr19:38287795-38287955:+						WT		
FAM98C exon 5 (WT)	85578	0.03088450292397655	0.137057387057387	0.15535832780358325	0.26703703703703696	0.2599715606114468	FAM98C exon 5		none	chr19:38405281-38405441:+	chr19:38405281-38405441:+						WT		
BCKDHA exon 3 (WT)	34230	0.7537966937304994	0.9031055900621118	0.9008909442559687	0.829518540089303	0.9643003709905118	BCKDHA exon 3		none	chr19:41410869-41411029:+	chr19:41410869-41411029:+						WT		
ERCC2 exon 3 (WT)	34702	0.20517246514952933	0.484147148140353	0.4718472689264165	0.4665719156035506	0.6533751993620415	ERCC2 exon 3		none	chr19:45369050-45369210:-	chr19:45369050-45369210:-						WT		
ERCC1 exon 8 (WT)	85606	0.06998272884283245	0.30269320843091335	0.30358755968512063	0.48830128205128204	0.3817918143731872	ERCC1 exon 8		none	chr19:45413943-45414103:-	chr19:45413943-45414103:-						WT		
TIMM44 exon 11 (WT)	35649	0.008186340620202199	0.0630955264857881	0.020462184873949553	0.05918592729385776	0.12754525892730115	TIMM44 exon 11		none	chr19:7928057-7928217:-	chr19:7928057-7928217:-						WT		
AMPD1 exon 2 (WT)	36126	0.0175361515439801	0.07195535325165844	0.0020920590065768	0.15502676250191155	0.0106387721091001	AMPD1 exon 2		none	chr1:114693416-114693576:-	chr1:114693416-114693576:-						WT		
LMNA exon 10 (WT)	38530	0.9241443094298811	0.9843852161818376	0.9788089077079902	0.9553329736467568	0.99003663003663	LMNA exon 10		none	chr1:156137603-156137763:+	chr1:156137603-156137763:+						WT		
TNNT2 exon 5 (WT)	39006	0.05634897432021875	0.1869284948900719	0.053595731939680896	0.39123184018311186	0.14053348553754144	TNNT2 exon 5		none	chr1:201369796-201369956:-	chr1:201369796-201369956:-						WT		
TNNT2 exon 4 (WT)	39486	0.8313648490508104	0.9573320390645411	0.9346282582711106	0.8565718253855008	0.9410204412719013	TNNT2 exon 4		none	chr1:201372007-201372167:-	chr1:201372007-201372167:-						WT		
MUTYH exon 6 (WT)	40434	0.0	0.0037361271370201	0.0017597232602084502	0.00774940791510795	0.0051596977242858	MUTYH exon 6		none	chr1:45332898-45333058:-	chr1:45332898-45333058:-						WT		
NEXN exon 6 (WT)	40913	0.633751949691763	0.8602476168332946	0.7815098686362855	0.6183397931399675	0.6958762437575132	NEXN exon 6		none	chr1:77925089-77925249:+	chr1:77925089-77925249:+						WT		
CDC7 exon 3 (WT)	83327	0.10622899974153525	0.20698051948051943	0.5333333333333333	0.22727272727272724	0.2688405797101449	CDC7 exon 3		none	chr1:91507797-91507957:+	chr1:91507797-91507957:+						WT		
NDUFAF5 exon 9 (WT)	41389	0.7317090247977822	0.9423762751875896	0.885496941951492	0.81249728143894	0.9694063658614248	NDUFAF5 exon 9		none	chr20:13816406-13816566:+	chr20:13816406-13816566:+						WT		
EPB41L1 exon 13 (WT)	41856	0.25949080207426467	0.4904891304347826	0.3600261943858003	0.5098125	0.289831341084002	EPB41L1 exon 13		none	chr20:36195224-36195384:+	chr20:36195224-36195384:+						WT		
EPB41L1 exon 18 (WT)	42333	0.9353820099110672	0.9726705175331115	0.972173544788107	0.9541785375118708	0.9902531197102704	EPB41L1 exon 18		none	chr20:36218822-36218982:+	chr20:36218822-36218982:+						WT		
MYBL2 exon 3 (WT)	85709	0.8655544384968616	0.9498893805309734	0.9263698630136986	0.5736401165614375	0.9308271960200947	MYBL2 exon 3		none	chr20:43681715-43681875:+	chr20:43681715-43681875:+						WT		
ADA exon 7 (WT)	42812	0.5477188643583866	0.7280343661394459	0.6778882241380075	0.5972351562249125	0.846595935433452	ADA exon 7		none	chr20:44622987-44623147:-	chr20:44622987-44623147:-						WT		
MICAL3 exon 16 (WT)	85775	0.10961424202946735	0.333585409252669	0.10552682611506135	0.36031471948915095	0.6329894044262155	MICAL3 exon 16		none	chr22:17884255-17884415:-	chr22:17884255-17884415:-						WT		
DEPDC5 exon 6 (WT)	45189	0.8766909519179413	0.965960752833458	0.9650773648484174	0.8907667237474451	0.9465154274326554	DEPDC5 exon 6		none	chr22:31766528-31766688:+	chr22:31766528-31766688:+						WT		
DEPDC5 exon 33 (WT)	45660	0.8435449345545145	0.9581338440259602	0.9275395110090505	0.8704665398422877	0.9677058656306263	DEPDC5 exon 33		none	chr22:31861293-31861453:+	chr22:31861293-31861453:+						WT		
MLC1 exon 4 (WT)	46139	0.8374402883970804	0.9618358486665288	0.9360741648447015	0.938850444852422	0.9355909146078325	MLC1 exon 4		none	chr22:50080324-50080484:-	chr22:50080324-50080484:-						WT		
MLC1 exon 3 (WT)	46621	0.9356671272838937	0.9948717948717949	0.9914893617021276	0.9476041666666667	0.9952830188679246	MLC1 exon 3		none	chr22:50083064-50083224:-	chr22:50083064-50083224:-						WT		
BIN1 exon 16 (WT)	47095	0.08689441805110734	0.27578788658846026	0.1711449307022015	0.2228839782031271	0.4562739956924805	BIN1 exon 16		none	chr2:127051134-127051294:-	chr2:127051134-127051294:-						WT		
CHRNA1 exon 4 (WT)	83579	0.2579732510288065	0.6749770069636054	0.5851989604940038	0.44996138144102393	0.544050441535237	CHRNA1 exon 4		none	chr2:174757926-174758086:-	chr2:174757926-174758086:-						WT		
TTN exon 224 (WT)	48049	0.4650911274618407	0.649545219481033	0.5107460391363325	0.4977267288825077	0.7168319984821998	TTN exon 224		none	chr2:178637349-178637509:-	chr2:178637349-178637509:-						WT		
CERKL exon 4 (WT)	48525	0.1820330969267139	0.314758113900796	0.3107804604154969	0.2182539682539682	0.47062438544739427	CERKL exon 4		none	chr2:181565413-181565573:-	chr2:181565413-181565573:-						WT		
NRXN1 exon 3 (WT)	51388	0.6934997661903985	0.7571199790829166	0.6649165382521476	0.8924206583875418	0.7426496127965216	NRXN1 exon 3		none	chr2:50925918-50926078:-	chr2:50925918-50926078:-						WT		
DYSF exon 17 (WT)	51868	0.036558969485798704	0.17834082048238387	0.12071339866468289	0.1418333918333918	0.099210482967932	DYSF exon 17		none	chr2:71549251-71549411:+	chr2:71549251-71549411:+						WT		
TSEN2 exon 6 (WT)	52346	0.47774148726436005	0.8465021378985189	0.7620342714682338	0.7028251432342784	0.7679893450949783	TSEN2 exon 6		none	chr3:12505091-12505251:+	chr3:12505091-12505251:+						WT		
RAB7A exon 4 (WT)	53284	0.8719839377148068	0.9884138570269956	0.9805332035788984	0.923202091335894	0.9859704345269125	RAB7A exon 4		none	chr3:128806309-128806469:+	chr3:128806309-128806469:+						WT		
ACAD9 exon 2 (WT)	53757	0.03563002474707965	0.265615962984384	0.20195991747715886	0.16396039603960394	0.2756991582948683	ACAD9 exon 2		none	chr3:128884606-128884766:+	chr3:128884606-128884766:+						WT		
PCCB exon 4 (WT)	55163	0.9567216064190586	0.989417079224173	0.9851131571369731	0.9777734654490059	0.991771892959424	PCCB exon 4		none	chr3:136260395-136260555:+	chr3:136260395-136260555:+						WT		
COLQ exon 5 (WT)	55639	0.16152692908910038	0.351311844077961	0.2332225606941752	0.3389904672605094	0.44701086956521735	COLQ exon 5		none	chr3:15478957-15479117:-	chr3:15478957-15479117:-						WT		
SHOX2 exon 2 (WT)	56119	0.014966096429226926	0.06682496508980446	0.04722407819440955	0.0540654314823274	0.07880240379348935	SHOX2 exon 2		none	chr3:158105038-158105198:-	chr3:158105038-158105198:-						WT		
SCN5A exon 24 (WT)	56596	0.7029253664313276	0.9315244845863611	0.9140176781676093	0.857485550294534	0.8587321155486094	SCN5A exon 24		none	chr3:38557211-38557371:-	chr3:38557211-38557371:-						WT		
HYAL1 exon 3 (WT)	83707	0.17356374528328466	0.2529212690951821	0.16816731349719705	0.08336940194006665	0.3195081184336198	HYAL1 exon 3		none	chr3:50300968-50301128:-	chr3:50300968-50301128:-						WT		
NPNT exon 4 (WT)	83900	0.03373015873015865	0.17121848739495793	0.19728915662650598	0.26986076986076984	0.3221683929168059	NPNT exon 4		none	chr4:105932563-105932723:+	chr4:105932563-105932723:+						WT		
ANK2 exon 36 (WT)	58499	0.06981781255088129	0.1086599745536434	0.14624525285281745	0.0740136963156171	0.0584801444396823	ANK2 exon 36		none	chr4:113348168-113348328:+	chr4:113348168-113348328:+						WT		
NEK1 exon 20 (WT)	58971	0.23814988614906707	0.5249641275188721	0.3803515529347919	0.2032616881988297	0.5347947077167716	NEK1 exon 20		none	chr4:169508749-169508909:-	chr4:169508749-169508909:-						WT		
PDE6B exon 8 (WT)	59917	0.3658387490852373	0.6554159329204112	0.5422329914974986	0.6145117148228365	0.6784312209094164	PDE6B exon 8		none	chr4:656152-656312:+	chr4:656152-656312:+						WT		
DIAPH1 exon 2 (WT)	62289	0.44036449427101726	0.617779054320899	0.43790684624017956	0.5053985017279499	0.5044242618401846	DIAPH1 exon 2		none	chr5:141588204-141588364:-	chr5:141588204-141588364:-						WT		
KIAA1191 exon 3 (WT)	84055	0.6509049773755656	0.9180933501531807	0.9329923273657289	0.8608019225904376	0.9280075968900232	KIAA1191 exon 3		none	chr5:176359461-176359621:-	chr5:176359461-176359621:-						WT		
MEF2C exon 8 (WT)	63718	0.00206583162910145	0.00944984812010085	0.0009824329788661	0.062417442917674454	0.0011987290467999	MEF2C exon 8		none	chr5:88730191-88730351:-	chr5:88730191-88730351:-						WT		
COL11A2 exon 7 (WT)	64679	0.48656923013439224	0.7066565788030252	0.4619126683465221	0.7028315893968141	0.5701180667284881	COL11A2 exon 7		none	chr6:33184972-33185132:-	chr6:33184972-33185132:-						WT		
SLC26A5 exon 12 (WT)	68464	0.5918624816012551	0.8664769133459835	0.8387397371984899	0.6016930126236083	0.7515119378600705	SLC26A5 exon 12		none	chr7:103390409-103390569:-	chr7:103390409-103390569:-						WT		
SLC26A4 exon 11 (WT)	68934	0.5367926160586965	0.7335569431824772	0.6135042817746383	0.6612955627475727	0.7841821132122573	SLC26A4 exon 11		none	chr7:107694340-107694500:+	chr7:107694340-107694500:+						WT		
CFTR exon 5 (WT)	69888	0.6014637998056365	0.8858936328745554	0.9422718335120084	0.684275053304904	0.8633854335384947	CFTR exon 5		none	chr7:117534225-117534385:+	chr7:117534225-117534385:+						WT		
IMPDH1 exon 7 (WT)	70362	0.00494350282485875	0.0218105065666041	0.01907414061564255	0.023684866616803753	0.057383997077091645	IMPDH1 exon 7		none	chr7:128400797-128400957:-	chr7:128400797-128400957:-						WT		
ASL exon 13 (WT)	71794	0.0587295303526948	0.1653443351317042	0.12441770186335399	0.09635233403706306	0.23485772357723572	ASL exon 13		none	chr7:66089195-66089355:+	chr7:66089195-66089355:+						WT		
ELN exon 5 (WT)	72269	0.2581122126618592	0.7090484530064214	0.41779598937826207	0.43386985462721783	0.6889001918607011	ELN exon 5		none	chr7:74041111-74041271:+	chr7:74041111-74041271:+						WT		
ELN exon 13 (WT)	72749	0.20975533117288145	0.5008641975308642	0.37283315276273016	0.3339044763332619	0.44403362265146873	ELN exon 13		none	chr7:74047576-74047736:+	chr7:74047576-74047736:+						WT		
ELN exon 22 (WT)	84240	0.3880223836170973	0.6710199004975124	0.49090205187766167	0.7078883124809277	0.7299177735610374	ELN exon 22		none	chr7:74057556-74057716:+	chr7:74057556-74057716:+						WT		
ANK1 exon 41 (WT)	75137	0.9574069548255411	0.9869771677908801	0.9879116090880797	0.9346004313643637	0.99002339820223	ANK1 exon 41		none	chr8:41661856-41662016:-	chr8:41661856-41662016:-						WT		
GDAP1 exon 2 (WT)	76561	0.8915751665818077	0.983441007771062	0.9595080240207696	0.887169239796687	0.9707267437394812	GDAP1 exon 2		none	chr8:74351181-74351341:+	chr8:74351181-74351341:+						WT		
ASS1 exon 5 (WT)	77037	0.9592425707343526	0.9839699569788531	0.9884855086520334	0.9322787996777657	0.9887725979432476	ASS1 exon 5		none	chr9:130464027-130464187:+	chr9:130464027-130464187:+						WT		
SEC16A exon 29 (WT)	84483	0.25002015113350123	0.5833333333333334	0.46509276049658244	0.47125038028597505	0.6918801918801918	SEC16A exon 29		none	chr9:136445625-136445785:-	chr9:136445625-136445785:-						WT		
PNPLA7 exon 2 (WT)	84488	0.5243722798794777	0.7855027474487976	0.7746961546124727	0.7696157719656972	0.8777585556812385	PNPLA7 exon 2		none	chr9:137547565-137547725:-	chr9:137547565-137547725:-						WT		
PAX5 exon 9 (WT)	77992	0.9555440452806004	0.988212023291213	0.9893087280717507	0.9814860048207733	0.9938384837155245	PAX5 exon 9		none	chr9:36846823-36846983:-	chr9:36846823-36846983:-						WT		
AUH exon 9 (WT)	79429	0.537765612970728	0.7922373949579832	0.7882374747401636	0.4153233211884238	0.608566740249818	AUH exon 9		none	chr9:91216039-91216199:-	chr9:91216039-91216199:-						WT		
ARHGAP6 exon 12 (WT)	85816	0.4461134453781513	0.48426470588235293	0.5611922799422799	0.437333977300169	0.8243525480367586	ARHGAP6 exon 12		none	chrX:11148610-11148770:-	chrX:11148610-11148770:-						WT		
AFF2 exon 5 (WT)	79903	0.950493554081508	0.9851518904349092	0.9822378034554318	0.8593713312613771	0.9825877924490432	AFF2 exon 5		none	chrX:148837593-148837753:+	chrX:148837593-148837753:+						WT		
DMD exon 71 (WT)	80862	0.958393664994927	0.9860045447854566	0.96780816015379	0.96645012768252	0.9880347226232333	DMD exon 71		none	chrX:31177912-31178072:-	chrX:31177912-31178072:-						WT		
CASK exon 19 (WT)	81341	0.8989778540296078	0.9792639346415091	0.9783329991980754	0.8030386766207368	0.9597265473015018	CASK exon 19		none	chrX:41557012-41557172:-	chrX:41557012-41557172:-						WT		
MAGED1 exon 2 (WT)	85835	0.9014198782961461	0.9759036144578312	0.9189967105263158	0.913154761904762	0.9945054945054945	MAGED1 exon 2		none	chrX:51894209-51894369:+	chrX:51894209-51894369:+						WT		
ABCB7 exon 2 (WT)	82292	0.8883510408716854	0.9521487332953706	0.9759777975666372	0.825066569533762	0.9365500491170533	ABCB7 exon 2		none	chrX:75114734-75114894:-	chrX:75114734-75114894:-						WT		
