UNIQUE ID,REFERENCE NAME,HGNC ID,EntrezGene official name (Human),EntrezGeneID (Human),EntrezGene Symbol (Human),EntrezGene Aliases (Human),EntrezGene Additional Names (Human),MGI ID,EntrezGeneofficial name (Mouse),EntrezGeneID (Mouse),EntrezGene Symbol (Mouse),EntrezGene Aliases (Mouse),EntrezGene Additional Names (Mouse),UniProtDB ID (Human),UniProt protein name (Human),UniProt protein alternative names (Human),UniProtID (Mouse),UniProt protein name (Mouse),UniProt protein alternative names (Mouse),MeSH ID,MeSH Name,Typographical variations,Shen-Orr ID,IX Synonyms,Protein Ontology ID,Protein Ontology name,Protein Ontology synonyms,Protein Ontology URL,OMIM ID,,,,,,,,,,,,,,,,,,,,,,,,,,,,,,,,,,,,,,,,,,,,,,,,,,,,,,,,,,,,,
CID_1,B-Cell Activating Factor,HGNC:11929,"tumor necrosis factor (ligand) superfamily, member 13b",10673,TNFSF13B,DTL;BAFF;BLYS;CD257;TALL1;THANK;ZTNF4;TALL-1;TNFSF20;,,MGI:1344376,"tumor necrosis factor (ligand) superfamily, member 13b",24099,Tnfsf13b ,BAFF;BLyS;TALL1;THANK;zTNF4;TALL-1;TNFSF20;D8Ertd387e;,tumor necrosis factor ligand superfamily member 13B;Bcellactivating factor;b cellactivating factor;,TN13B_HUMAN,"Tumor necrosis factor ligand superfamily member 13b, soluble form",B lymphocyte stimulator;BLyS;B-cell-activating factor;BAFF;Dendritic cell-derived TNF-like molecule;TNF- and APOL-related leukocyte expressed ligand 1;TALL-1;,TN13B_MOUSE,"Tumor necrosis factor ligand superfamily member 13b, soluble form",B-cell-activating factor;BAFF;,D053264,B-Cell Activating Factor,B-Cell Activating Factor;,,,PR:000001948,tumor necrosis factor ligand superfamily member 13B,BLyS;TNFSF20;TNF- and APOL-related leukocyte expressed ligand 1;CD257;B lymphocyte stimulator;TALL1;BAFF;ZTNF4;TALL-1;B-cell-activating factor;TNFSF13B;dendritic cell-derived TNF-like molecule;,http://pir.georgetown.edu/cgi-bin/pro/entry_pro?id=PR:000001948,603969,,,,,,,,,,,,,,,,,,,,,,,,,,,,,,,,,,,,,,,,,,,,,,,,,,,,,,,,,,,,,
CID_10,Chemokine CCL1,HGNC:10609,chemokine (C-C motif) ligand 1,6346,CCL1 ,P500;SISe;TCA3;I-309;SCYA1;,"small inducible cytokine A1 (I309, homologous to mouse Tca3);CC motif chemokine 1;T lymphocytesecreted protein I309;inflammatory cytokine I309;",MGI:98258,chemokine (C-C motif) ligand 1,20290,Ccl1 ,I-309;Scya1;Tca-3;BF534335;,CCR8 ligand;small inducible cytokine A1;Tcell activation protein 3;CC motif chemokine 1;SISepsilon;P500;smallinducible cytokine A1;TCA3;,CCL1_HUMAN,C-C motif chemokine 1,Small-inducible cytokine A1;T lymphocyte-secreted protein I-309;,CCL1_MOUSE,C-C motif chemokine 1,P500;SIS-epsilon;Small-inducible cytokine A1;T-cell activation protein 3;TCA-3;TCA3;,D054402,Chemokine CCL1,Chemokine CCL1;CCL1;,,,PR:000001985,C-C motif chemokine 1,TCA-3;CCL1;T-cell activation protein 3;TCA3;SCYA1;SIS-epsilon;small-inducible cytokine A1;P500;T lymphocyte-secreted protein I-309;,http://pir.georgetown.edu/cgi-bin/pro/entry_pro?id=PR:000001985,182281,,,,,,,,,,,,,,,,,,,,,,,,,,,,,,,,,,,,,,,,,,,,,,,,,,,,,,,,,,,,,
CID_100,Interleukin-15,HGNC:5977,interleukin 15,3600,IL15 ,IL-15;,interleukin15;,MGI:103014,interleukin 15,16168,Il15 ,IL-15;AI503618;,interleukin15;,IL15_HUMAN,Interleukin-15,IL-15;,IL15_MOUSE,Interleukin-15,IL-15;,D019409,Interleukin-15,IL 15;IL-15;IL15;Interleukin-15;interleukin 15;,181,Interleukin-15;interleukin-15;interleukin t;il-15;il15;il-t;interleukin 15;interleukin-t;mgc9721;,PR:000001373,interleukin-15,IL15;IL-15;,http://pir.georgetown.edu/cgi-bin/pro/entry_pro?id=PR:000001373,600554,,,,,,,,,,,,,,,,,,,,,,,,,,,,,,,,,,,,,,,,,,,,,,,,,,,,,,,,,,,,,
CID_101,Interleukin-16,HGNC:5980,interleukin 16,3603,IL16 ,LCF;NIL16;PRIL16;prIL-16;,neuronal interleukin 16;lymphocyte chemoattractant factor;prointerleukin16;prointerleukin 16;,MGI:1270855,interleukin 16,16170,Il16 ,mKIAA4048;,prointerleukin16;,IL16_HUMAN,Interleukin-16,IL-16;Lymphocyte chemoattractant factor;LCF;,IL16_MOUSE,Interleukin-16,IL-16;Lymphocyte chemoattractant factor;LCF;,D019410,Interleukin-16,IL 16;IL-16;IL16;Interleukin-16;interleukin 16;,147,il-16;flj16806;interleukin-16;flj44234;lymphocyte chemoattractant factor;interleukin 16;pril-16;lcf;il16;flj42735;hst19289;,PR:000001374,interleukin-16,IL16;,http://pir.georgetown.edu/cgi-bin/pro/entry_pro?id=PR:000001374,603035,,,,,,,,,,,,,,,,,,,,,,,,,,,,,,,,,,,,,,,,,,,,,,,,,,,,,,,,,,,,,
CID_102,Interleukin-17,,,,,,,,,,,,,,,,,,,D020381,Interleukin-17,IL 17;IL-17;IL17;Interleukin-17;interleukin 17;,185,Interleukin-17;,PR:000001092,interleukin-17,IL-17;IL17;,http://pir.georgetown.edu/cgi-bin/pro/entry_pro?id=PR:000001092,,,,,,,,,,,,,,,,,,,,,,,,,,,,,,,,,,,,,,,,,,,,,,,,,,,,,,,,,,,,,,
CID_103,Interleukin-17a,HGNC:5981,interleukin 17A,3605,IL17A ,IL17;CTLA8;IL-17;IL-17A;,interleukin17A;cytotoxic Tlymphocyteassociated protein 8;cytotoxic Tlymphocyteassociated antigen 8;interleukin 17 (cytotoxic Tlymphocyteassociated serine esterase 8);CTLA8;,MGI:107364,interleukin 17A,16171,Il17a ,Il17;Ctla8;IL-17;Ctla-8;IL-17A;,cytotoxic Tlymphocyteassociated antigen 8;interleukin17A;,IL17_HUMAN,Interleukin-17A,IL-17;IL-17A;Cytotoxic T-lymphocyte-associated antigen 8;CTLA-8;,IL17_MOUSE,Interleukin-17A,IL-17;IL-17A;Cytotoxic T-lymphocyte-associated antigen 8;CTLA-8;,,,,145,il-17a;interleukin 17a;ctla8;il17a;il17;il-17;ctla-8;interleukin-17a;cytotoxic t-lymphocyte-associated antigen 8;,PR:000001138,interleukin-17A,cytotoxic T-lymphocyte-associated antigen 8;IL17A;IL-17A;IL-17;CTLA-8;CTLA8;IL17;,http://pir.georgetown.edu/cgi-bin/pro/entry_pro?id=PR:000001138,603149,,,,,,,,,,,,,,,,,,,,,,,,,,,,,,,,,,,,,,,,,,,,,,,,,,,,,,,,,,,,,
CID_104,Interleukin-17b,HGNC:5982,interleukin 17B,27190,IL17B ,NIRF;IL-20;IL-17B;ZCYTO7;,neuronal interleukin17 related factor;neuronal interleukin17related factor;cytokinelike protein ZCYTO7;cytokine Zcyto7;interleukin17 beta;interleukin20;interleukin 20;interleukin17B;,MGI:1928397,interleukin 17B,56069,Il17b ,Zcyto7;1110006O16Rik;1700006N07Rik;,gene for cytokinelike protein;cytokine CX1;neuronal interleukin17related factor;cytokinelike protein ZCYTO7;IL17B;interleukin17B;,IL17B_HUMAN,Interleukin-17B,IL-17B;Cytokine Zcyto7;Interleukin-20;IL-20;Neuronal interleukin-17-related factor;,IL17B_MOUSE,Interleukin-17B,IL-17B;Cytokine CX1;Cytokine-like protein ZCYTO7;Neuronal interleukin-17-related factor;,,,,137,il-17b;neuronal interleukin-17-related factor;nirf;cytokine-like protein zcyto7;neuronal il17-related factor;interleukin 17b;il-20;il20;il17b;interleukin-20;cytokine zcyto7;zcyto7;cytokine cx1;mgc138900;interleukin-17b;mgc138901;,PR:000001139,interleukin-17B,IL17B;cytokine Zcyto7;cytokine-like protein ZCYTO7;NIRF;IL-20;cytokine CX1;ZCYTO7;neuronal interleukin-17-related factor;interleukin-20;IL-17B;IL20;,http://pir.georgetown.edu/cgi-bin/pro/entry_pro?id=PR:000001139,604627,,,,,,,,,,,,,,,,,,,,,,,,,,,,,,,,,,,,,,,,,,,,,,,,,,,,,,,,,,,,,
CID_105,Interleukin-17c,HGNC:5983,interleukin 17C,27189,IL17C ,CX2;IL-17C;,cytokine CX2;interleukin17C;,MGI:2446486,interleukin 17C,234836,Il17c ,IL-17C;,cytokine CX2;interleukin17C;,IL17C_HUMAN,Interleukin-17C,IL-17C;Cytokine CX2;,IL17C_MOUSE,Interleukin-17C,Il-17c;Cytokine CX2;,,,,141,il-17c;mgc138401;interleukin 17c;interleukin-17c;il17c;mgc126884;cytokine cx2;,PR:000001140,interleukin-17C,IL-17C;cytokine CX2;IL17C;,http://pir.georgetown.edu/cgi-bin/pro/entry_pro?id=PR:000001140,604628,,,,,,,,,,,,,,,,,,,,,,,,,,,,,,,,,,,,,,,,,,,,,,,,,,,,,,,,,,,,,
CID_106,Interleukin-17d,HGNC:5984,interleukin 17D,53342,IL17D ,IL27;IL-27;IL-17D;,interleukin 27;interleukin17D;,MGI:2446510,interleukin 17D,239114,Il17d ,Il27a;IL-17D;AI462269;,interleukin 17D;interleukin 27A;,IL17D_HUMAN,Interleukin-17D,IL-17D;Interleukin-27;IL-27;,Q8K4C4_MOUSE,,,,,,133,il-17d;flj30846;interleukin-17d;interleukin 17d;il17d;,PR:000001141,interleukin-17D,IL-17D;IL-27;IL27;IL17D;interleukin-27;,http://pir.georgetown.edu/cgi-bin/pro/entry_pro?id=PR:000001141,607587,,,,,,,,,,,,,,,,,,,,,,,,,,,,,,,,,,,,,,,,,,,,,,,,,,,,,,,,,,,,,
CID_107,Interleukin-17f,HGNC:16404,interleukin 17F,112744,IL17F ,ML1;ML-1;CANDF6;IL-17F;,cytokine ML1;interleukin17F;,MGI:2676631,interleukin 17F,257630,Il17f ,C87042;IL-17F;,interleukin17F;,IL17F_HUMAN,Interleukin-17F,IL-17F;Cytokine ML-1;,IL17F_MOUSE,Interleukin-17F,IL-17F;,,,,129,il-17f;ml-1;ml1;interleukin-17f;interleukin 17f;il17f;,PR:000001142,interleukin-17F,IL-24;interleukin-24;IL24;cytokine ML-1;IL-17F;IL17F;,http://pir.georgetown.edu/cgi-bin/pro/entry_pro?id=PR:000001142,606496,,,,,,,,,,,,,,,,,,,,,,,,,,,,,,,,,,,,,,,,,,,,,,,,,,,,,,,,,,,,,
CID_108,Interleukin-18,HGNC:5986,interleukin 18,3606,IL18 ,IGIF;IL-18;IL-1g;IL1F4;,IL1 gamma;interleukin 18 (interferongammainducing factor);iboctadekin;interleukin1 gamma;interleukin18;IFNgammainducing factor;,MGI:107936,interleukin 18,16173,Il18 ,Igif;Il-18;,IL1 gamma;interleukin18;interferongammainducing factor;interferon gammainducing factor;IFNgammainducing factor;interleukin1 gamma;,IL18_HUMAN,Interleukin-18,IL-18;Iboctadekin;Interferon gamma-inducing factor;IFN-gamma-inducing factor;Interleukin-1 gamma;IL-1 gamma;,IL18_MOUSE,Interleukin-18,IL-18;Interferon gamma-inducing factor;IFN-gamma-inducing factor;Interleukin-1 gamma;IL-1 gamma;,D020382,Interleukin-18,IL 18;IL-18;IL18;Interleukin-18;interleukin 18;,167,Interleukin-18;il-1gamma;igif;il1 gamma;il-1g;ifn-gamma-inducing factor;iboctadekin;mgc12320;il18;il1-gamma;ifn-gamma inducing factor;interferon-gamma-inducing factor;interleukin-18;interleukin 18;interferon-gamma inducing factor;interferon gamma-inducing factor;interleukin-1 gamma;il-18;il1f4;interferon gamma inducing factor;,PR:000001376,interleukin-18,IFN-gamma-inducing factor;IGIF;IL-1 gamma;IL-18;IL18PRO-short-label;IL1F4;iboctadekin;interferon gamma-inducing factor;interleukin-1 gamma;,http://pir.georgetown.edu/cgi-bin/pro/entry_pro?id=PR:000001376,600953,,,,,,,,,,,,,,,,,,,,,,,,,,,,,,,,,,,,,,,,,,,,,,,,,,,,,,,,,,,,,
CID_109,Interleukin-19,HGNC:5990,interleukin 19,29949,IL19 ,MDA1;NG.1;ZMDA1;IL-10C;,melanoma differentiationassociated proteinlike protein;interleukin19;melanoma differentiation associated proteinlike protein;,MGI:1890472,interleukin 19,329244,Il19 ,,interleukin19;IL19;,IL19_HUMAN,Interleukin-19,IL-19;Melanoma differentiation-associated protein-like protein;NG.1;,IL19_MOUSE,Interleukin-19,IL-19;,,,,173,Interleukin-19;melanoma differentiation antigen-1;mda1;ng.1;interleukin-19;il-10c;zmda1;interleukin 19;melanoma differentiation-associated protein-like protein;zmda-1;melanoma differentiation associated protein-like protein;il10c;il19;il-19;,PR:000001472,interleukin-19,NG.1;ZMDA1;IL19;IL-19;melanoma differentiation-associated protein-like protein;,http://pir.georgetown.edu/cgi-bin/pro/entry_pro?id=PR:000001472,605687,,,,,,,,,,,,,,,,,,,,,,,,,,,,,,,,,,,,,,,,,,,,,,,,,,,,,,,,,,,,,
CID_11,Chemokine CCL11,HGNC:10610,chemokine (C-C motif) ligand 11,6356,CCL11 ,SCYA11;,"eosinophil chemotactic protein;eotaxin;small inducible cytokine subfamily A (CysCys), member 11 (eotaxin);eotaxin1;",MGI:103576,chemokine (C-C motif) ligand 11,20292,Ccl11 ,Scya11;eotaxin;,eosinophil chemotactic protein;CC motif chemokine 11;small inducible cytokine A11;smallinducible cytokine A11;eotaxin;small chemokine (CC motif) ligand 11;,CCL11_HUMAN,Eotaxin,C-C motif chemokine 11;Eosinophil chemotactic protein;Small-inducible cytokine A11;,CCL11_MOUSE,Eotaxin,C-C motif chemokine 11;Eosinophil chemotactic protein;Small-inducible cytokine A11;,D054413,Chemokine CCL11,C-C motif chemokine 11;CCL11;CCL-11;Chemokine CCL11;,225,Chemokine_CCL11;ccl-11;small-inducible cytokine a11;c-c motif chemokine 11;ccl11;eosinophil chemotactic protein;eotaxin;scya11;mgc22554;chemokine (c-c motif) ligand 11;,PR:000002139,eotaxin,C-C motif chemokine 11;eosinophil chemotactic protein;CCL11;SCYA11;small-inducible cytokine A11;,http://pir.georgetown.edu/cgi-bin/pro/entry_pro?id=PR:000002139,601156,,,,,,,,,,,,,,,,,,,,,,,,,,,,,,,,,,,,,,,,,,,,,,,,,,,,,,,,,,,,,
CID_110,Interleukin-2,HGNC:6001,interleukin 2,3558,IL2 ,IL-2;TCGF;lymphokine;,interleukin2;aldesleukin;T cell growth factor;involved in regulation of Tcell clonal expansion;,MGI:96548,interleukin 2,16183,Il2 ,Il-2;,Tcell growth factor;interleukin2;TCGF;,IL2_HUMAN,Interleukin-2,IL-2;T-cell growth factor;TCGF;,IL2_MOUSE,Interleukin-2,IL-2;T-cell growth factor;TCGF;,D007376,Interleukin-2,IL 2;IL-2;IL2;Interleukin-2;interleukin 2;,101,Interleukin-2;trf3;t-lpf;tmf;t-lymphocyte promotor factor;t-cell growth factor;lpf;lymphocyte-conditioned medium factor;thymocyte differentiation factor;edf;lcm factor;maf-c i;blastogenic factor;interleukin 2;tcgf;t-cell replacing factor-3;lymphocyte proliferation factor;eosinophil differentiation factor;killer cell helper factor;interleukin-2;il-2;khf;pfc-ea;plaque forming cell enhancing factor;lmf;lymphokine;lymphocyte mitogenic factor;il2;t-cell mitogenic factor;trf-3;tgp-3;macrophage-activating factor for cytotoxicity i;secondary cytotoxic t-cell inducing factor;scif;thymocyte mitogenic factor;t-cell maturation factor;,PR:000001379,interleukin-2,aldesleukin;T-cell growth factor;IL-2;IL2;TCGF;,http://pir.georgetown.edu/cgi-bin/pro/entry_pro?id=PR:000001379,147680,,,,,,,,,,,,,,,,,,,,,,,,,,,,,,,,,,,,,,,,,,,,,,,,,,,,,,,,,,,,,
CID_111,Interleukin-20,HGNC:6002,interleukin 20,50604,IL20 ,IL-20;IL10D;ZCYTO10;,cytokine Zcyto10;interleukin20;four alpha helix cytokine;,MGI:1890473,interleukin 20,58181,Il20 ,Zcyto10;,four alpha helix cytokine ZCYTO10;cytokine Zcyto10;interleukin20;four helix bundle cytokine 10;IL20;,IL20_HUMAN,Interleukin-20,IL-20;Cytokine Zcyto10;,IL20_MOUSE,Interleukin-20,IL-20;Cytokine Zcyto10;,,,,143,Interleukin-20;zcyto10;interleukin 10d;il-20;il20;mgc96907;il-10d;interleukin 20;interleukin-20;interleukin-10d;il10d;,PR:000001473,interleukin-20,ZCYTO10;IL-20;cytokine Zcyto10;IL20;,http://pir.georgetown.edu/cgi-bin/pro/entry_pro?id=PR:000001473,605619,,,,,,,,,,,,,,,,,,,,,,,,,,,,,,,,,,,,,,,,,,,,,,,,,,,,,,,,,,,,,
CID_112,Interleukin-21,HGNC:6005,interleukin 21,59067,IL21 ,Za11;IL-21;CVID11;,interleukin21;interleukin21 isoform;,MGI:1890474,interleukin 21,60505,Il21 ,IL-21;,interleukin21;,IL21_HUMAN,Interleukin-21,IL-21;Za11;,IL21_MOUSE,Interleukin-21,IL-21;,,,,87,il-21;,PR:000001382,interleukin-21,IL21;Za11;IL-21;,http://pir.georgetown.edu/cgi-bin/pro/entry_pro?id=PR:000001382,605384,,,,,,,,,,,,,,,,,,,,,,,,,,,,,,,,,,,,,,,,,,,,,,,,,,,,,,,,,,,,,
CID_113,Interleukin-22,HGNC:14900,interleukin 22,50616,IL22 ,TIFa;IL-21;IL-22;ILTIF;IL-TIF;IL-D110;zcyto18;TIFIL-23;,IL10related Tcellderivedinducible factor;interleukin22;IL10related Tcellderived inducible factor;cytokine Zcyto18;,MGI:1355307,interleukin 22,50929,Il22 ,IL-22;Iltif;IL-22a;ILTIFa;,interleukin 10related T cellderived inducible factor;interleukin22a;IL10related Tcellderivedinducible factor;interleukin22;ILTIF alpha;,IL22_HUMAN,Interleukin-22,IL-22;Cytokine Zcyto18;IL-10-related T-cell-derived-inducible factor;IL-TIF;,IL22_MOUSE,Interleukin-22,IL-22;IL-10-related T-cell-derived-inducible factor;IL-TIF;IL-TIF alpha;Interleukin-22a;IL-22a;,,,,131,Interleukin-22;il-22;Il22a;il22;iltif;il-10-related t-cell-derived-inducible factor;interleukin-22;iltifa;il-tif alpha;interleukin 22;tifil-23;mgc79384;il-tif;zcyto18;tifa;tif-alpha;tif-a;il-d110;mgc79382;interleukin-22a;,PR:000001383,interleukin-22,IL-22;IL22;IL-TIF;ILTIF;ZCYTO18;IL-TIF alpha;IL-22a;Il22a;interleukin-22a;IL-10-related T-cell-derived-inducible factor;cytokine Zcyto18;Iltifa;,http://pir.georgetown.edu/cgi-bin/pro/entry_pro?id=PR:000001383,605330,,,,,,,,,,,,,,,,,,,,,,,,,,,,,,,,,,,,,,,,,,,,,,,,,,,,,,,,,,,,,
CID_114,Interleukin-23,,,,,,,,,,,,,,,,,,,D053759,Interleukin-23,IL 23;IL-23;IL23;Interleukin-23;interleukin 23;,,,,,,,,,,,,,,,,,,,,,,,,,,,,,,,,,,,,,,,,,,,,,,,,,,,,,,,,,,,,,,,,,,,,
CID_115,Interleukin-23 Subunit p19,HGNC:15488,"interleukin 23, alpha subunit p19",51561,IL23A ,P19;SGRF;IL-23;IL-23A;IL23P19;,"interleukin23 subunit p19;interleukin 23 p19 subunit;interleukin23 subunit alpha;interleukinsix, GCSF related factor;IL23 subunit alpha;IL23p19;IL23A;JKA3 induced upon Tcell activation;",MGI:1932410,"interleukin 23, alpha subunit p19",83430,Il23a ,p19;IL-23;,interleukin23 subunit p19;IL23 subunit alpha;interleukin23 subunit alpha;IL23p19;IL23A;,IL23A_HUMAN,Interleukin-23 subunit alpha,IL-23 subunit alpha;IL-23-A;Interleukin-23 subunit p19;IL-23p19;,IL23A_MOUSE,Interleukin-23 subunit alpha,IL-23 subunit alpha;IL-23-A;Interleukin-23 subunit p19;IL-23p19;,D053760,Interleukin-23 Subunit p19,Interleukin-23 Subunit p19;,,,PR:000001384,interleukin-23 subunit alpha,IL-23 subunit alpha;SGRF;IL23A;IL-23p19;interleukin-23 subunit p19;IL-23-A;,http://pir.georgetown.edu/cgi-bin/pro/entry_pro?id=PR:000001384,605580,,,,,,,,,,,,,,,,,,,,,,,,,,,,,,,,,,,,,,,,,,,,,,,,,,,,,,,,,,,,,
CID_116,Interleukin-23 Subunit p40,,,,,,,,,,,,,,,,,,,,,IL-23 subunit p40;,,,,,,,,,,,,,,,,,,,,,,,,,,,,,,,,,,,,,,,,,,,,,,,,,,,,,,,,,,,,,,,,,,,,
CID_117,Interleukin-24,HGNC:11346,interleukin 24,11009,IL24 ,C49A;FISP;MDA7;MOB5;ST16;IL10B;,interleukin24;suppression of tumorigenicity 16 (melanoma differentiation);melanocyteassociated Mda7;IL4induced secreted protein;melanoma differentiationassociated gene 7 protein;,MGI:2135548,interleukin 24,93672,Il24 ,FISP;Mda7;St16;Mda-7;,IL4induced secreted protein;interleukin24;melanoma differentiationassociated gene 7 protein;th2specific cytokine FISP;IL24;,IL24_HUMAN,Interleukin-24,IL-24;Melanoma differentiation-associated gene 7 protein;MDA-7;Suppression of tumorigenicity 16 protein;,IL24_MOUSE,Interleukin-24,IL-24;IL-4-induced secreted protein;Melanoma differentiation-associated gene 7 protein;MDA-7;Th2-specific cytokine FISP;,,,,135,Interleukin-24;il-24;il24;il-10b;mda7;mda-7;c49a;interleukin-24;th2-specific cytokine fisp;il-4-induced secreted protein;mob5;st16;interleukin 24;melanoma differentiation-associated gene 7;mob-5;st-16;suppression of tumorigenicity 16;fisp;il10b;suppression of tumorigenicity-16;,PR:000001474,interleukin-24,IL-24;ST16;MDA7;MDA-7;melanoma differentiation-associated gene 7 protein;IL-4-induced secreted protein;IL24;suppression of tumorigenicity 16 protein;Th2-specific cytokine FISP;,http://pir.georgetown.edu/cgi-bin/pro/entry_pro?id=PR:000001474,604136,,,,,,,,,,,,,,,,,,,,,,,,,,,,,,,,,,,,,,,,,,,,,,,,,,,,,,,,,,,,,
CID_118,Interleukin-25,HGNC:13765,interleukin 25,64806,IL25 ,IL17E;,interleukin25;interleukin17E;,MGI:2155888,interleukin 25,140806,Il25 ,Il17e;IL-17e;,interleukin 17E;interleukin25;,IL25_HUMAN,Interleukin-25,IL-25;Interleukin-17E;IL-17E;,Q8VHH8_MOUSE,,,,,,91,il-25;il25;interleukin-25;interleukin 25;interleukin-17e;interleukin 17e;il-17e;il17e;,PR:000001113,interleukin-17E,IL-25;IL-17E;IL17E;IL25;,http://pir.georgetown.edu/cgi-bin/pro/entry_pro?id=PR:000001113,605658,,,,,,,,,,,,,,,,,,,,,,,,,,,,,,,,,,,,,,,,,,,,,,,,,,,,,,,,,,,,,
CID_119,Interleukin-26,HGNC:17119,interleukin 26,55801,IL26 ,AK155;IL-26;,interleukin26;,,,,,,,IL26_HUMAN,Interleukin-26,IL-26;Protein AK155;,,,,,,,127,Interleukin-26;il-26;il26;ak155;interleukin 26;interleukin-26;,PR:000001475,interleukin-26,AK155;IL-26;IL26;protein AK155;,http://pir.georgetown.edu/cgi-bin/pro/entry_pro?id=PR:000001475,605679,,,,,,,,,,,,,,,,,,,,,,,,,,,,,,,,,,,,,,,,,,,,,,,,,,,,,,,,,,,,,
CID_12,Chemokine CCL12,,chemokine (C-C motif) ligand 12 ,337987,CCL12 ,Scya12;,,MGI:108224,chemokine (C-C motif) ligand 12,20293,Ccl12 ,MCP-5;Scya12;,monocyte chemoattractant protein 5;monocyte chemotactic protein 5;smallinducible cytokine A12;small inducible cytokine A12;CC motif chemokine 12;MCP1related chemokine;,Q6I9T4_HUMAN,,,CCL12_MOUSE,C-C motif chemokine 12,MCP-1-related chemokine;Monocyte chemoattractant protein 5;Monocyte chemotactic protein 5;MCP-5;Small-inducible cytokine A12;,,,,241,ccl-12;,PR:000006165,C-C motif chemokine 12,monocyte chemoattractant protein 5;small-inducible cytokine A12;MCP-5;MCP-1-related chemokine;Scya12;monocyte chemotactic protein 5;Ccl12;Mcp5;,http://pir.georgetown.edu/cgi-bin/pro/entry_pro?id=PR:000006165,,,,,,,,,,,,,,,,,,,,,,,,,,,,,,,,,,,,,,,,,,,,,,,,,,,,,,,,,,,,,,
CID_120,Interleukin-27 alpha,HGNC:19157,interleukin 27,246778,IL27 ,p28;IL30;IL-27;IL27A;IL-27A;IL27p28;,interleukin27 subunit alpha;interleukin30;interleukin 30;IL27 subunit alpha;IL27A;IL27 p28 subunit;,MGI:2384409,interleukin 27,246779,Il27 ,p28;Il30;IL-27;IL-27p28;,IL27 subunit alpha;interleukin27 subunit alpha;IL27A;IL27 p28 subunit;interleukin 30;,IL27A_HUMAN,Interleukin-27 subunit alpha,IL-27 subunit alpha;IL-27-A;IL27-A;Interleukin-30;p28;,IL27A_MOUSE,Interleukin-27 subunit alpha,IL-27 subunit alpha;IL-27-A;IL27-A;p28;,D064094,Interleukin-27,Interleukin-27;IL27;IL-27; IL 27;,93,il-27;,PR:000001385,interleukin-27 subunit alpha,p28;IL27;IL-27-A;IL-30;IL27p28;IL27-A;IL-27 subunit alpha;IL27A;,http://pir.georgetown.edu/cgi-bin/pro/entry_pro?id=PR:000001385,608273,,,,,,,,,,,,,,,,,,,,,,,,,,,,,,,,,,,,,,,,,,,,,,,,,,,,,,,,,,,,,
CID_121,Interleukin-27 beta,HGNC:3129,Epstein-Barr virus induced 3,10148,EBI3 ,IL27B;IL-27B;,EpsteinBarr virus induced gene 3;IL35 subunit;EBVinduced gene 3 protein;cytokine receptor;IL27 subunit beta;IL27 subunit;interleukin27 subunit beta;epsteinBarr virusinduced gene 3 protein;,MGI:1354171,Epstein-Barr virus induced gene 3,50498,Ebi3 ,EBI-3;IL-27;,IL27 subunit beta;interleukin27 subunit beta;epsteinBarr virusinduced gene 3 protein homolog;IL27B;,IL27B_HUMAN,Interleukin-27 subunit beta,IL-27 subunit beta;IL-27B;Epstein-Barr virus-induced gene 3 protein;EBV-induced gene 3 protein;,IL27B_MOUSE,Interleukin-27 subunit beta,IL-27 subunit beta;IL-27B;Epstein-Barr virus-induced gene 3 protein homolog;,,,,,,PR:000001386,interleukin-27 subunit beta,epstein-Barr virus-induced gene 3 protein;epstein-Barr virus-induced gene 3 protein homolog;EBV-induced gene 3 protein;Il17b;EBI3;IL-27B;IL-27 subunit beta;IL27B;,http://pir.georgetown.edu/cgi-bin/pro/entry_pro?id=PR:000001386,605816,,,,,,,,,,,,,,,,,,,,,,,,,,,,,,,,,,,,,,,,,,,,,,,,,,,,,,,,,,,,,
CID_122,Interleukin-28a,HGNC:18364,"interferon, lambda 2",282616,IFNL2 ,IL28A;IL-28A;,"interferon lambda2;interleukin 28A (interferon, lambda 2);cytokine Zcyto20;interleukin28A;interferonlambda 2;IFNlambda2;interferon lambda 2;",MGI:3647279,interferon lambda 2,330496,Ifnl2 ,Il28a;IL-28A;EG330496;,interferon lambda2;interleukin28A;interferonlambda2;interleukin 28A;IFNlambda2;,IFNL2_HUMAN,Interferon lambda-2,IFN-lambda-2;Cytokine Zcyto20;Interleukin-28A;IL-28A;,IFNL2_MOUSE,Interferon lambda-2,IFN-lambda-2;Interleukin-28A;IL-28A;,,,,121,"il-28a;zcyto20;il28a;ifn-lambda-2;interleukin-28a;ifnl2;interleukin 28a;interferon, lambda 2;cytokine zcyto20;",PR:000001469,interleukin-28A,IL28A;interferon lambda-2;ZCYTO20;IFN-lambda-2;IFNL2;IL-28A;cytokine Zcyto20;,http://pir.georgetown.edu/cgi-bin/pro/entry_pro?id=PR:000001469,607401,,,,,,,,,,,,,,,,,,,,,,,,,,,,,,,,,,,,,,,,,,,,,,,,,,,,,,,,,,,,,
CID_123,Interleukin-28b,HGNC:18365,"interferon, lambda 3",282617,IFNL3 ,IL28B;IL28C;IL-28B;,"interleukin 28C;interleukin28C;interleukin28B;IFNlambda3;interferon lambda3;interferon lambda4;cytokine Zcyto22;interferon, lambda 4;IL28C;interleukin 28B (interferon, lambda 3);IFNlambda4;",MGI:2450574,interferon lambda 3,338374,Ifnl3 ,Il28;IFL-1;Il28b;IL-28B;INF-alpha;INF-lambda;,interleukin 28B;interleukin28B;interleukin 28;IFNlambda3;interferon lambda3;interferon alpha;,IFNL3_HUMAN,Interferon lambda-3,IFN-lambda-3;Cytokine Zcyto22;Interleukin-28B;IL-28B;Interleukin-28C;IL-28C;,IFNL3_MOUSE,Interferon lambda-3,IFN-lambda-3;Interleukin-28B;IL-28B;,,,,123,"il-28b;il28c;il-28c;il28b;interferon lambda-4;zcyto22;cytokine zcyto22;interferon, lambda 4;interferon, lambda 3;ifn-lambda-4;ifn-lambda-3;interleukin-28b;ifnl4;ifnl3;interleukin 28b;",PR:000001470,interleukin-28B,interferon lambda-4;interferon lambda-3;IFNL4;interleukin-28C;IL-28C;IFN-lambda-4;IFNL3;IL28B;Il28;cytokine Zcyto22;IL-28B;ZCYTO22;IL28C;IFN-lambda-3;,http://pir.georgetown.edu/cgi-bin/pro/entry_pro?id=PR:000001470,607402,,,,,,,,,,,,,,,,,,,,,,,,,,,,,,,,,,,,,,,,,,,,,,,,,,,,,,,,,,,,,
CID_124,Interleukin-29,HGNC:18363,"interferon, lambda 1",282618,IFNL1 ,IL29;IL-29;,"interferonlambda1;IFNlambda1;cytokine Zcyto21;interferon lambda1;interleukin 29 (interferon, lambda 1);interleukin29;",,,,,,,IFNL1_HUMAN,Interferon lambda-1,IFN-lambda-1;Cytokine Zcyto21;Interleukin-29;IL-29;,,,,,,,99,"Interleukin-29;interferon, lambda-1;interleukin 29;ifn lambda-1;cytokine zcyto21;zcyto21;interleukin-29;ifnl1;interferon, lambda 1;ifn-lambda-1;il29;il-29;interferon lambda-1;",PR:000001476,interleukin-29,IFN-lambda-1;cytokine Zcyto21;interferon lambda-1;ZCYTO21;IL29;IL-29;IFNL1;,http://pir.georgetown.edu/cgi-bin/pro/entry_pro?id=PR:000001476,607403,,,,,,,,,,,,,,,,,,,,,,,,,,,,,,,,,,,,,,,,,,,,,,,,,,,,,,,,,,,,,
CID_125,Interleukin-3,HGNC:6011,interleukin 3,3562,IL3 ,IL-3;MCGF;MULTI-CSF;,"Pcellstimulating factor;multipotential colonystimulating factor;multilineagecolonystimulating factor;Pcell stimulating factor;interleukin3;hematopoietic growth factor;mastcell growth factor;mast cell growth factor;colonystimulating factor, multiple;",MGI:96552,interleukin 3,16187,Il3 ,BPA;PSF;HCGF;Il-3;MCGF;Csfmu;,Pcellstimulating factor;multipotential colonystimulating factor;hematopoietic growth factor;mast cell growth factor;interleukin3;,IL3_HUMAN,Interleukin-3,IL-3;Hematopoietic growth factor;Mast cell growth factor;MCGF;Multipotential colony-stimulating factor;P-cell-stimulating factor;,IL3_MOUSE,Interleukin-3,IL-3;Hematopoietic growth factor;Mast cell growth factor;MCGF;Multipotential colony-stimulating factor;P-cell-stimulating factor;,D007377,Interleukin-3,IL 3;IL-3;IL3;Interleukin-3;interleukin 3;,175,il-3;mast cell growth factor;interleukin 3;il3;interleukin-3;mcgf;mgc79399;csfmu;multipotential colony-stimulating factor;mgc79398;hematopoietic growth factor;multi-csf;p-cell-stimulating factor;,PR:000001387,interleukin-3,MCGF;P-cell-stimulating factor;IL3;mast cell growth factor;Csfmu;IL-3;multipotential colony-stimulating factor;hematopoietic growth factor;,http://pir.georgetown.edu/cgi-bin/pro/entry_pro?id=PR:000001387,147740,,,,,,,,,,,,,,,,,,,,,,,,,,,,,,,,,,,,,,,,,,,,,,,,,,,,,,,,,,,,,
CID_126,Interleukin-31,HGNC:19372,interleukin 31,386653,IL31 ,IL-31;,interleukin31;,MGI:1923649,interleukin 31,76399,Il31 ,1700013B14Rik;,IL31;interleukin31;,IL31_HUMAN,Interleukin-31,IL-31;,IL31_MOUSE,Interleukin-31,IL-31;,,,,159,il-31;,PR:000001316,interleukin-31,IL31;IL-31;,http://pir.georgetown.edu/cgi-bin/pro/entry_pro?id=PR:000001316,609509,,,,,,,,,,,,,,,,,,,,,,,,,,,,,,,,,,,,,,,,,,,,,,,,,,,,,,,,,,,,,
CID_127,Interleukin-32,HGNC:16830,interleukin 32,9235,IL32 ,NK4;TAIF;TAIFa;TAIFb;TAIFc;TAIFd;IL-32beta;IL-32alpha;IL-32delta;IL-32gamma;,interleukin32 theta;natural killer cell transcript 4;interleukin32 small;interleukin32 eta;natural killer cells protein 4;interleukin32;tumor necrosis factor alphainducing factor;,,,,,,,IL32_HUMAN,Interleukin-32,IL-32;Natural killer cells protein 4;Tumor necrosis factor alpha-inducing factor;,,,,,,,155,il-32;taifa;il-32gamma;il32;il-32epsilon;natural killer cells protein 4;il32-delta;interleukin 32;il-32alpha;taifd;il32-beta;tumor necrosis factor alpha-inducing factor;taifc;taifb;interleukin-32;il32-gamma;taif;il-32beta;il32-epsilon;natural killer cell transcript 4;il32-zeta;nk4;il-32zeta;il-32delta;il32-alpha;,PR:000001388,interleukin-32,IL32;TAIF;IL-32;tumor necrosis factor alpha-inducing factor;natural killer cells protein 4;NK4;,http://pir.georgetown.edu/cgi-bin/pro/entry_pro?id=PR:000001388,606001,,,,,,,,,,,,,,,,,,,,,,,,,,,,,,,,,,,,,,,,,,,,,,,,,,,,,,,,,,,,,
CID_128,Interleukin-33,HGNC:16028,interleukin 33,90865,IL33 ,DVS27;IL1F11;NF-HEV;NFEHEV;C9orf26;,nuclear factor from high endothelial venules;interleukin33;IL1F11;IL33;nuclear factor for high endothelial venules;DVS27related protein;interleukin1 family member 11;,MGI:1924375,interleukin 33,77125,Il33 ,Il-33;Il1f11;NF-HEV;9230117N10Rik;,nuclear factor from high endothelial venules;interleukin33;,IL33_HUMAN,Interleukin-33,IL-33;Interleukin-1 family member 11;IL-1F11;Nuclear factor from high endothelial venules;NF-HEV;,IL33_MOUSE,Interleukin-33,IL-33;,,,,151,il-33;,PR:000001389,interleukin-33,nuclear factor from high endothelial venules;IL1F11;IL33;interleukin-1 family member 11;NF-HEV;IL-33;C9orf26;IL-1F11;NFHEV;,http://pir.georgetown.edu/cgi-bin/pro/entry_pro?id=PR:000001389,608678,,,,,,,,,,,,,,,,,,,,,,,,,,,,,,,,,,,,,,,,,,,,,,,,,,,,,,,,,,,,,
CID_129,Interleukin-34,HGNC:28529,interleukin 34,146433,IL34 ,IL-34;C16orf77;,interleukin34;,MGI:1923777,interleukin 34,76527,Il34 ,AI593503;2010004A03Rik;,interleukin34;,IL34_HUMAN,Interleukin-34,IL-34;,IL34_MOUSE,Interleukin-34,IL-34;,,,,149,"il-34;fpt025;fam3d;26rfa;il34;oit1;p518;pyroglutamylated rfamide peptide;cgb-2;qrfp;interleukin-34;choriogonadotropin subunit beta variant 2;c16orf77;chorionic gonadotropin, beta polypeptide 2;interleukin 34;mgc34647;mgc119794;ef7;cgb2;family with sequence similarity 3, member d;",PR:000001390,interleukin-34,IL-34;C16orf77;IL34;,http://pir.georgetown.edu/cgi-bin/pro/entry_pro?id=PR:000001390,612081,,,,,,,,,,,,,,,,,,,,,,,,,,,,,,,,,,,,,,,,,,,,,,,,,,,,,,,,,,,,,
CID_13,Chemokine CCL13,HGNC:10611,chemokine (C-C motif) ligand 13,6357,CCL13 ,NCC1;CKb10;MCP-4;NCC-1;SCYL1;SCYA13;,"small inducible cytokine subfamily A (CysCys), member 13;monocyte chemoattractant protein 4;CKbeta10;CC motif chemokine 13;new CC chemokine 1;monocyte chemotactic protein 4;smallinducible cytokine A13;",,,,,,,CCL13_HUMAN,"C-C motif chemokine 13, short chain",CK-beta-10;Monocyte chemoattractant protein 4;Monocyte chemotactic protein 4;MCP-4;NCC-1;Small-inducible cytokine A13;,,,,,,,243,ccl-13;monocyte chemotactic protein-4;ncc1;scya13;ccl13;ckb10;ckb-10;mcp-4;scyl1;mgc17134;monocyte chemotactic protein 4;ncc-1;monocyte chemoattractant protein 4;chemokine (c-c motif) ligand 13;mcp4;small-inducible cytokine a13;c-c motif chemokine 13;ck-beta-10;,PR:000002121,C-C motif chemokine 13,SCYA13;MCP-4;monocyte chemotactic protein 4;NCC-1;CK-beta-10;monocyte chemoattractant protein 4;NCC1;CCL13;small-inducible cytokine A13;MCP4;,http://pir.georgetown.edu/cgi-bin/pro/entry_pro?id=PR:000002121,601391,,,,,,,,,,,,,,,,,,,,,,,,,,,,,,,,,,,,,,,,,,,,,,,,,,,,,,,,,,,,,
CID_130,Interleukin-35,,,,,,,,,,,,,,,,,,,,,,165,il-35;,,,,,,,,,,,,,,,,,,,,,,,,,,,,,,,,,,,,,,,,,,,,,,,,,,,,,,,,,,,,,,,,,,
CID_131,Interleukin-4,HGNC:6014,interleukin 4,3565,IL4 ,BSF1;IL-4;BCGF1;BSF-1;BCGF-1;,B cell growth factor 1;binetrakin;interleukin 4 variant 2;interleukin4;B_cell stimulatory factor 1;lymphocyte stimulatory factor 1;pitrakinra;,MGI:96556,interleukin 4,16189,Il4 ,Il-4;BSF-1;,lymphocyte stimulatory factor 1;Bcell growth factor 1;Bcell stimulatory factor 1;interleukin4;Bcell IgG differentiation factor;IGG1 induction factor;,IL4_HUMAN,Interleukin-4,IL-4;B-cell stimulatory factor 1;BSF-1;Binetrakin;Lymphocyte stimulatory factor 1;Pitrakinra;,IL4_MOUSE,Interleukin-4,IL-4;B-cell IgG differentiation factor;B-cell growth factor 1;B-cell stimulatory factor 1;BSF-1;IGG1 induction factor;Lymphocyte stimulatory factor 1;,D015847,Interleukin-4,IL 4;IL-4;IL4;Interleukin-4;interleukin 4;,169,il-4;b-cell differentiation factor-gamma;bcdf-(gamma);ia inducing factor;bsf1;macrophage fusion factor;bcgf-1;b-cell growth factor-1;igg1 induction factor;igg1-enhancing factor;tcgf-2;interleukin 4;el4 b-cell growth factor;ige-ef;igg1-induction factor;hcgf;bcdf epsilon;hodgkin's cell growth factor;b-cell stimulatory factor 1;pitrakinra;mcgf-2;interleukin-4;magef;bcdf-epsilon;mff;binetrakin;lmw-bcgf;b-cell Igg differentiation factor;mgc79402;bcdf gamma;t-cell growth factor-2;il4;lymphocyte stimulatory factor 1;b-cell stimulating factor-1;bcdf-gamma;bcdf-(epsilon);el4-bcgf;ige enhancing factor;b-cell stimulating factor p1;iaif;b-cell differentiation factor-epsilon;mast cell growth enhancing factor;bsf-1;mast cell growth factor-2;b-cell growth factor 1;b-cell growth factor-gamma;low molecular weight b-cell growth factor;bcgf-gamma;bsf-p1;bcgf1;,PR:000001391,interleukin-4,B-cell growth factor 1;binetrakin;lymphocyte stimulatory factor 1;pitrakinra;IL4;B-cell IgG differentiation factor;IL-4;BSF-1;B-cell stimulatory factor 1;IGG1 induction factor;,http://pir.georgetown.edu/cgi-bin/pro/entry_pro?id=PR:000001391,147780,,,,,,,,,,,,,,,,,,,,,,,,,,,,,,,,,,,,,,,,,,,,,,,,,,,,,,,,,,,,,
CID_132,Interleukin-5,HGNC:6016,interleukin 5,3567,IL5 ,EDF;TRF;IL-5;,"colonystimulating factor, eosinophil;interleukin5;Bcell differentiation factor I;Tcell replacing factor;eosinophil differentiation factor;",MGI:96557,interleukin 5,16191,Il5 ,Il-5;,Bcell growth factor II;interleukin5;cytotoxic Tlymphocyte inducer;TRF;BCGFII;Tcell replacing factor;eosinophil differentiation factor;,IL5_HUMAN,Interleukin-5,IL-5;B-cell differentiation factor I;Eosinophil differentiation factor;T-cell replacing factor;TRF;,IL5_MOUSE,Interleukin-5,IL-5;B-cell growth factor II;BCGF-II;Cytotoxic T-lymphocyte inducer;Eosinophil differentiation factor;T-cell replacing factor;TRF;,D015848,Interleukin-5,IL 5;IL-5;IL5;Interleukin-5;interleukin 5;,171,"il-5;bcdf-mu;trf1;colony-forming unit eosinophil growth stimulating factor;t-cell replacing factor 1;b-cell growth and differentiation factor;edf;colony-stimulating factor, eosinophil;b-cell growth factor-2;bcgf-2;b-cell growth factor ii;esp;dennert line b-cell growth factor;interleukin 5;eosinophil differentiation factor;b-cell differentiation factor-mu;bcdf-(alpha);iga enhancing factor;eosinophil colony-stimulating factor;t-cell replacing factor-1;bcdf-(mu);bcdf mu;b151 t-cell replacing factor;b-cell differentiation factor;t-cell replacing factor;eo-csf;bcgf-ii;khf;dl-bcgf;eo-df;eosinophil colony stimulating factor;killer helper factor;trf;interleukin-5;iga-ef;cfu-eo gsf;eosinophil stimulation promoter;il5;b151-trf;bcdf alpha;bcdf-alpha;b-cell differentiation factor i;trf-1;cytotoxic T-lymphocyte inducer;bcgf2;b-cell differentiation factor-alpha;",PR:000001392,interleukin-5,BCGF-II;IL5;cytotoxic T-lymphocyte inducer;TRF;eosinophil differentiation factor;T-cell replacing factor;B-cell growth factor II;IL-5;B-cell differentiation factor I;,http://pir.georgetown.edu/cgi-bin/pro/entry_pro?id=PR:000001392,147850,,,,,,,,,,,,,,,,,,,,,,,,,,,,,,,,,,,,,,,,,,,,,,,,,,,,,,,,,,,,,
CID_133,Interleukin-6,HGNC:6018,interleukin 6,3569,IL6 ,HGF;HSF;BSF2;IL-6;IFNB2;,"Bcell stimulatory factor 2;CTL differentiation factor;BSF2;Bcell differentiation factor;hybridoma growth factor;interleukin BSF2;interferon, beta 2;CDF;interleukin6;IFNbeta2;interferon beta2;",MGI:96559,interleukin 6,16193,Il6 ,Il-6;,interleukin6;Bcell hybridoma growth factor;interleukin HP1;,IL6_HUMAN,Interleukin-6,IL-6;B-cell stimulatory factor 2;BSF-2;CTL differentiation factor;CDF;Hybridoma growth factor;Interferon beta-2;IFN-beta-2;,IL6_MOUSE,Interleukin-6,IL-6;B-cell hybridoma growth factor;Interleukin HP-1;,D015850,Interleukin-6,IL 6;IL-6;IL6;Interleukin-6;interleukin 6,183,"il-6;cytotoxic t-cell differentiation factor;taf;interferon-beta-2;thrombopoietin;interleukin-hybridoma/plasmacytoma-1;interleukin hp-1;fdgi;differentiation inducing factor for human monoblastic leukemia cells;interleukin 6;cpa;ifn-beta-2;b-cell stimulating factor;myeloma gf;differentiation inducing factor;mk potentiator;l-gi factor;natural killer cell activity-augmenting factor;cytolytic t-lymphocyte differentiation factor;interferon beta-2;il6;b-cell stimulating factor-2;hybridoma growth factor;interleukin-hemopoietin-1;colony promoting activity;hsf-1;b-cell stimulating factor p2;fibroblast derived differentiation inducing factor for human monoblastic leukemia cells;cdf;ilhp1;pct-gf;choline acetyltransferase development factor;hgi;macrophage-granulocyte inducer-2a;hsf;ctl differentiation factor;b-cell hybridoma growth factor;mgi-2a;bsf2;natural killer cell activating factor;hpgf;hgf;myeloma growth factor;cat development factor;plasmacytoma growth factor;ifnb2;murine lung-derived growth inhibitory factor;dif;wi-26-va4 factor;hp1;b-cell stimulatory factor 2;fibroblast-derived growth inhibitor;interferon, beta 2;bcsf;t-cell activating factor;csf-309;fsf;cytolytic differentiation factor for t-lymphocytes;interleukin-6;hybridoma/plasmacytoma growth factor;hematopoietic colony stimulating factor-309;fibronectin stimulating factor;nkaf;hepatocyte growth inhibitory factor;l-hgf;hepatocyte stimulating factor-1;tpo;bsf-p2;bsf-2;",PR:000001393,interleukin-6,B-cell stimulatory factor 2;interferon beta-2;interleukin HP-1;BSF-2;B-cell hybridoma growth factor;hybridoma growth factor;IL-6;CTL differentiation factor;IFN-beta-2;IL6;CDF;IFNB2;,http://pir.georgetown.edu/cgi-bin/pro/entry_pro?id=PR:000001393,147620,,,,,,,,,,,,,,,,,,,,,,,,,,,,,,,,,,,,,,,,,,,,,,,,,,,,,,,,,,,,,
CID_134,Interleukin-7,HGNC:6023,interleukin 7,3574,IL7 ,IL-7;,interleukin7;,MGI:96561,interleukin 7,16196,Il7 ,Il-7;hlb368;A630026I06Rik;,interleukin7;,IL7_HUMAN,Interleukin-7,IL-7;,IL7_MOUSE,Interleukin-7,IL-7;,D015851,Interleukin-7,IL 7;IL-7;IL7;Interleukin-7;interleukin 7;,193,il-7;lymphopoietin-1;interleukin 7;pre-b-cell growth factor;lp-1;il7;lpo-1;interleukin-7;pbgf;,PR:000001317,interleukin-7,IL-7;IL7;,http://pir.georgetown.edu/cgi-bin/pro/entry_pro?id=PR:000001317,146660,,,,,,,,,,,,,,,,,,,,,,,,,,,,,,,,,,,,,,,,,,,,,,,,,,,,,,,,,,,,,
CID_135,Interleukin-9,HGNC:6029,interleukin 9,3578,IL9 ,P40;HP40;IL-9;,cytokine P40;interleukin9;p40 cytokine;p40 Tcell and mast cell growth factor;Tcell growth factor p40;homolog of mouse T cell and mast cell growth factor 40;,MGI:96563,interleukin 9,16198,Il9 ,P40;Il-9;,cytokine P40;interleukin9;Tcell growth factor P40;,IL9_HUMAN,Interleukin-9,IL-9;Cytokine P40;T-cell growth factor P40;,IL9_MOUSE,Interleukin-9,IL-9;Cytokine P40;T-cell growth factor P40;,D016906,Interleukin-9,IL 9;IL-9;IL9;Interleukin-9;interleukin 9;,179,il-9;megakaryoblast growth factor;tcgf-3;mea;hp40;il9;interleukin-9;cytokine p40;interleukin 9;mast cell growth enhancing activity;t-cell growth factor p40;p40;t-cell growth factor-3;,PR:000001396,interleukin-9,cytokine P40;IL-9;IL9;T-cell growth factor P40;,http://pir.georgetown.edu/cgi-bin/pro/entry_pro?id=PR:000001396,146931,,,,,,,,,,,,,,,,,,,,,,,,,,,,,,,,,,,,,,,,,,,,,,,,,,,,,,,,,,,,,
CID_136,Leukemia Inhibitory Factor,HGNC:6596,leukemia inhibitory factor,3976,LIF ,CDF;DIA;HILDA;MLPLI;,hepatocytestimulating factor III;melanomaderived LPL inhibitor;leukemia inhibitory factor;cholinergic differentiation factor;differentiationinducing factor;differentiationstimulating factor;D factor;human interleukin in DA cells;differentiation inhibitory activity;,MGI:96787,leukemia inhibitory factor,16878,Lif ,,differentiationstimulating factor;d factor;leukemia inhibitory factor;,LIF_HUMAN,Leukemia inhibitory factor,LIF;Differentiation-stimulating factor;D factor;Melanoma-derived LPL inhibitor;MLPLI;,LIF_MOUSE,Leukemia inhibitory factor,LIF;Differentiation-stimulating factor;D factor;,D053605,Leukemia Inhibitory Factor,LIF;Leukemia Inhibitory Factor;,,,PR:000009799,leukemia inhibitory factor,melanoma-derived LPL inhibitor;emfilermin;MLPLI;HILDA;differentiation-stimulating factor;LIF;D factor;,http://pir.georgetown.edu/cgi-bin/pro/entry_pro?id=PR:000009799,159540,,,,,,,,,,,,,,,,,,,,,,,,,,,,,,,,,,,,,,,,,,,,,,,,,,,,,,,,,,,,,
CID_137,Leukocyte Cell Derived Chemotaxin 1,HGNC:17005,leukocyte cell derived chemotaxin 1,11061,LECT1 ,CHM1;CHM-I;BRICD3;MYETS1;,chondromodulin I;BRICHOS domain containing 3;leukocyte cellderived chemotaxin 1;chondromodulin1;multiple myeloma tumor suppressor 1;chondromodulinI;,MGI:1341171,leukocyte cell derived chemotaxin 1,16840,Lect1 ,ChM-I;Bricd3;,Chondromodulin 1;chondromodulinI;leukocyte cellderived chemotaxin 1;chondromodulin1;,LECT1_HUMAN,Chondromodulin-1,CH-SP;Chondromodulin-I;ChM-I;,LECT1_MOUSE,Chondromodulin-1,CH-SP;Chondromodulin-I;ChM-I;,,,,,,PR:000009749,chondromodulin-1,CHMI;ChM-I;;LECT1;PRO-short-label;chondromodulin-I;;leukocyte cell-derived chemotaxin 1;,http://pir.georgetown.edu/cgi-bin/pro/entry_pro?id=PR:000009749,605147,,,,,,,,,,,,,,,,,,,,,,,,,,,,,,,,,,,,,,,,,,,,,,,,,,,,,,,,,,,,,
CID_138,Leukocyte Cell Derived Chemotaxin 2,HGNC:6550,leukocyte cell-derived chemotaxin 2,3950,LECT2 ,chm2;chm-II;,leukocyte cellderived chemotaxin2;chondromodulinII;,MGI:1278342,leukocyte cell-derived chemotaxin 2,16841,Lect2 ,,chondromodulin II;chMII;LECT2;leukocyte cellderived chemotaxin2;chondromodulinII;,LECT2_HUMAN,Leukocyte cell-derived chemotaxin-2,LECT-2;hLECT2;,LECT2_MOUSE,Leukocyte cell-derived chemotaxin-2,LECT-2;Chondromodulin II;ChM-II;,,,,197,Leukocyte_Cell_Derived_Chemotaxin;lect-2;chondromodulin ii;chm-ii;leukocyte cell-derived chemotaxin 2;leukocyte cell-derived chemotaxin-2;mgc126628;lect2;chm2;chondromodulin-ii;,PR:000009750,leukocyte cell-derived chemotaxin-2,ChM-II;LECT-2;LECT2PRO-short-label;chondromodulin II;,http://pir.georgetown.edu/cgi-bin/pro/entry_pro?id=PR:000009750 ,602882,,,,,,,,,,,,,,,,,,,,,,,,,,,,,,,,,,,,,,,,,,,,,,,,,,,,,,,,,,,,,
CID_139,Leukocyte Migration-Inhibitory Factors,,,,,,,,,,,,,,,,,,,D007961,Leukocyte Migration-Inhibitory Factors,Leukocyte Migration-Inhibitory Factors;Leukocyte Migration Inhibitory Factors;,,,,,,,,,,,,,,,,,,,,,,,,,,,,,,,,,,,,,,,,,,,,,,,,,,,,,,,,,,,,,,,,,,,,
CID_14,Chemokine CCL14,HGNC:10612,chemokine (C-C motif) ligand 14,6358,CCL14 ,CC-1;CC-3;CKB1;MCIF;NCC2;SY14;HCC-1;HCC-3;NCC-2;SCYL2;SCYA14;HCC-1(1-74);HCC-1/HCC-3;,"hemofiltrate CC chemokine 1;small inducible cytokine subfamily A (CysCys), member 14;chemokine CC3;chemokine CC1/CC3;smallinducible cytokine A14;CC motif chemokine 14;new CC chemokine 2;",,,,,,,CCL14_HUMAN,HCC-1(9-74),Chemokine CC-1/CC-3;HCC-1/HCC-3;HCC-1(1-74);NCC-2;Small-inducible cytokine A14;,,,,,,,253,ccl-14;ncc2;ckb-1;flj16015;chemokine cc-1/cc-3;scya14;hcc-1;hcc-3;ccl14;ckb1;sy14;hemofiltrate cc-chemokine-1;scyl2;ncc-2;hcc3;ccl14a;hcc1;small-inducible cytokine a14;chemokine (c-c motif) ligand 14;mcif;cc-3;c-c motif chemokine 14;cc-1;,PR:000001986,C-C motif chemokine 14,NCC-2;CCL14;HCC-1/HCC-3;small-inducible cytokine A14;chemokine CC-1/CC-3;HCC-1(1-74);SCYA14;NCC2;,http://pir.georgetown.edu/cgi-bin/pro/entry_pro?id=PR:000001986,601392,,,,,,,,,,,,,,,,,,,,,,,,,,,,,,,,,,,,,,,,,,,,,,,,,,,,,,,,,,,,,
CID_140,Lymphotoxin-alpha,HGNC:6709,lymphotoxin alpha,4049,LTA ,LT;TNFB;TNFSF1;,"tumor necrosis factor ligand superfamily member 1;TNFbeta;lymphotoxinalpha;tumor necrosis factor beta;LTalpha;TNF superfamily, member 1;",MGI:104797,lymphotoxin A,16992,Lta ,LT;Ltx;Tnfb;LT[a];LT-[a];TNFSF1;hlb382;LTalpha;Tnfsf1b;LT-alpha;TNF-beta;,tumor necrosis factor ligand superfamily member 1;lymphotoxin alpha;lymphotoxinalpha;TNF beta;,TNFB_HUMAN,Lymphotoxin-alpha,LT-alpha;TNF-beta;Tumor necrosis factor ligand superfamily member 1;,TNFB_MOUSE,Lymphotoxin-alpha,LT-alpha;TNF-beta;Tumor necrosis factor ligand superfamily member 1;,D008233,Lymphotoxin-alpha,Lymphotoxin alpha;Lymphotoxin-alpha;,51,"tnf-beta;tumor necrosis factor ligand superfamily member 1;tnfb;tnf superfamily, member 1;tnf-(beta);lymphotoxin alpha;lymphotoxin-alpha;lt;lymphotoxin;tnf-b;tnf(beta);lta;tnf-beta;tnfsf1;",PR:000002204,lymphotoxin-alpha,tumor necrosis factor ligand superfamily member 1;LT-alpha;TNF-beta;LTA;TNFSF1;TNFB;,http://pir.georgetown.edu/cgi-bin/pro/entry_pro?id=PR:000002204,153440,,,,,,,,,,,,,,,,,,,,,,,,,,,,,,,,,,,,,,,,,,,,,,,,,,,,,,,,,,,,,
CID_141,Macrophage Colony-Stimulating Factor 1,HGNC:2432,colony stimulating factor 1 (macrophage),1435,CSF1 ,MCSF;CSF-1;,EC 2.7.10.1NP_757351.1;EC 2.7.10.1NP_757349.1;macrophage colonystimulating factor 1;EC 2.7.10.1;EC 2.7.10.1NP_757350.1;lanimostimNP_000748.3;,MGI:1339753,colony stimulating factor 1 (macrophage),12977,Csf1 ,op;Csfm;MCSF;C87615;,EC 2.7.10.1;EC 2.7.10.1NP_001107002.1;EC 2.7.10.1NP_031804.3;macrophage colonystimulating factor 1;osteopetrosisNP_001107001.1;,CSF1_HUMAN,Processed macrophage colony-stimulating factor 1,CSF-1;M-CSF;MCSF;Lanimostim;,CSF1_MOUSE,Processed macrophage colony-stimulating factor 1,CSF-1;MCSF;,D016173,Macrophage Colony-Stimulating Factor,Macrophage Colony-Stimulating Factor;Macrophage Colony Stimulating Factor;MCSF;,,,PR:000005930,macrophage colony-stimulating factor 1,M-CSF;MCSF;CSF1;lanimostim;Csfm;CSF-1;,http://pir.georgetown.edu/cgi-bin/pro/entry_pro?id=PR:000005930,120420,,,,,,,,,,,,,,,,,,,,,,,,,,,,,,,,,,,,,,,,,,,,,,,,,,,,,,,,,,,,,
CID_142,Macrophage Inflammatory Proteins,,,,,,,,,,,,,,,,,,,D019402,Macrophage Inflammatory Proteins,Macrophage Inflammatory Proteins;,,,,,,,,,,,,,,,,,,,,,,,,,,,,,,,,,,,,,,,,,,,,,,,,,,,,,,,,,,,,,,,,,,,,
CID_143,Macrophage Migration-Inhibitory Factor,HGNC:7097,macrophage migration inhibitory factor (glycosylation-inhibiting factor),4282,MIF ,GIF;GLIF;MMIF;,macrophage migration inhibitory factor;EC 5.3.3.12;Ldopachrome isomerase;Ldopachrome tautomerase;phenylpyruvate tautomeraseNP_002406.1;EC 5.3.2.1;,MGI:96982,macrophage migration inhibitory factor,17319,Mif ,GIF;Glif;,Ldopachrome tautomerase;glycosylationinhibiting factor;macrophage migration inhibitory factor;delayed early response protein 6NP_034928.1;EC 5.3.3.12;phenylpyruvate tautomerase;EC 5.3.2.1;Ldopachrome isomerase;DER6;,MIF_HUMAN,Macrophage migration inhibitory factor,MIF;Glycosylation-inhibiting factor;GIF;L-dopachrome isomerase;L-dopachrome tautomerase;Phenylpyruvate tautomerase;,MIF_MOUSE,Macrophage migration inhibitory factor,MIF;Delayed early response protein 6;DER6;Glycosylation-inhibiting factor;GIF;L-dopachrome isomerase;L-dopachrome tautomerase;Phenylpyruvate tautomerase;,,,,,,PR:000010413,macrophage migration inhibitory factor,DER6;GIF;GLIF;L-dopachrome isomerase;L-dopachrome tautomerase;MIFPRO-short-label;MMIF;delayed early response protein 6;glycosylation-inhibiting factor;phenylpyruvate tautomerase;,http://pir.georgetown.edu/cgi-bin/pro/entry_pro?id=PR:000010413,153620,,,,,,,,,,,,,,,,,,,,,,,,,,,,,,,,,,,,,,,,,,,,,,,,,,,,,,,,,,,,,
CID_144,Macrophage Migration-Inhibitory Factors,,,,,,,,,,,,,,,,,,,D008263,Macrophage Migration-Inhibitory Factors,Macrophage Migration-Inhibitory Factors;,,,,,,,,,,,,,,,,,,,,,,,,,,,,,,,,,,,,,,,,,,,,,,,,,,,,,,,,,,,,,,,,,,,,
CID_145,Macrophage-Activating Factors,,,,,,,,,,,,,,,,,,,D016215,Macrophage-Activating Factors,Macrophage-Activating Factors;,,,,,,,,,,,,,,,,,,,,,,,,,,,,,,,,,,,,,,,,,,,,,,,,,,,,,,,,,,,,,,,,,,,,
CID_146,Monocyte Chemoattractant Proteins,,,,,,,,,,,,,,,,,,,D018945,Monocyte Chemoattractant Proteins,Monocyte Chemoattractant Proteins;,,,,,,,,,,,,,,,,,,,,,,,,,,,,,,,,,,,,,,,,,,,,,,,,,,,,,,,,,,,,,,,,,,,,
CID_147,Oncostatin M,HGNC:8506,oncostatin M,5008,OSM ,,oncostatinM;,MGI:104749,oncostatin M,18413,Osm ,OncoM;,oncostatinM;,ONCM_HUMAN,Oncostatin-M,OSM;,ONCM_MOUSE,Oncostatin-M,OSM;,D053683,Oncostatin M,Oncostatin M;,,,PR:000012059,oncostatin-M,OSM;,http://pir.georgetown.edu/cgi-bin/pro/entry_pro?id=PR:000012059,165095,,,,,,,,,,,,,,,,,,,,,,,,,,,,,,,,,,,,,,,,,,,,,,,,,,,,,,,,,,,,,
CID_148,Osteopontin,HGNC:11255,secreted phosphoprotein 1,6696,SPP1 ,OPN;BNSP;BSPI;ETA-1;,"urinary stone protein;osteopontin;osteopontin/immunoglobulin alpha 1 heavy chain constant region fusion protein;early Tlymphocyte activation 1;secreted phosphoprotein 1 (osteopontin, bone sialoprotein I, early Tlymphocyte activation 1);SPP1/CALPHA1 fusion;uropontin;nephropontin;",MGI:98389,secreted phosphoprotein 1,20750,Spp1 ,OP;2AR;Bsp;Eta;Opn;Ric;BNSP;BSPI;Opnl;Apl-1;ETA-1;Spp-1;,osteopontinlike protein;osteopontin;minopontin;early Tlymphocyte activation 1 protein;bone sialoprotein 1;calcium oxalate crystal growth inhibitor protein;44 kDa bone phosphoprotein;,OSTP_HUMAN,Osteopontin,Bone sialoprotein 1;Nephropontin;Secreted phosphoprotein 1;SPP-1;Urinary stone protein;Uropontin;,OSTP_MOUSE,Osteopontin,2AR;Bone sialoprotein 1;Calcium oxalate crystal growth inhibitor protein;Early T-lymphocyte activation 1 protein;Minopontin;Secreted phosphoprotein 1;SPP-1;,D053495,Osteopontin,Osteopontin;,,,PR:000015561,osteopontin,BNSP;2AR;minopontin;SPP1;urinary stone protein;bone sialoprotein 1;Op;calcium oxalate crystal growth inhibitor protein;Eta-1;SPP-1;uropontin;secreted phosphoprotein 1;OPN;nephropontin;early T-lymphocyte activation 1 protein;,http://pir.georgetown.edu/cgi-bin/pro/entry_pro?id=PR:000015561,166490,,,,,,,,,,,,,,,,,,,,,,,,,,,,,,,,,,,,,,,,,,,,,,,,,,,,,,,,,,,,,
CID_149,platelet factor 4 variant 1,HGNC:8862,platelet factor 4 variant 1,5197,PF4V1 ,PF4A;CXCL4L1;CXCL4V1;PF4-ALT;SCYB4V1;,"PF4alt;PF4var1;platelet factor 4, variant 1 (PF4like);platelet factor 4 variant;CXC motif chemokine 4;",,,,,,,PF4V_HUMAN,Platelet factor 4 variant(6-74),C-X-C motif chemokine 4 variant;CXCL4L1;PF4alt;PF4var1;,,,,,,,267,cxcl4l1;scyb4v1;pf4alt;c-x-c motif chemokine 4 variant;pf4a;pf4-alt;platelet factor 4 variant 1;platelet factor 4 variant;cxcl4v1;pf4var1;pf4v1;,PR:000012570,platelet factor 4 variant,PF4alt;PF4var1;CXCL4V1;SCYB4V1;PF4V1;C-X-C motif chemokine 4 variant;CXCL4L1;,http://pir.georgetown.edu/cgi-bin/pro/entry_pro?id=PR:000012570,173461,,,,,,,,,,,,,,,,,,,,,,,,,,,,,,,,,,,,,,,,,,,,,,,,,,,,,,,,,,,,,
CID_15,Chemokine CCL15,HGNC:10613,chemokine (C-C motif) ligand 15,6359,CCL15 ,LKN1;NCC3;SY15;HCC-2;LKN-1;MIP-5;NCC-3;SCYL3;MIP-1D;MRP-2B;SCYA15;HMRP-2B;MIP-1 delta;,"new CC chemokine 3;smallinducible cytokine A15;chemokine CC2;leukotactin 1;macrophage inflammatory protein 5;small inducible cytokine subfamily A (CysCys), member 15;CC motif chemokine 15;",,,,,,,CCL15_HUMAN,CCL15(29-92),Chemokine CC-2;HCC-2;Leukotactin-1;LKN-1;MIP-1 delta;Macrophage inflammatory protein 5;MIP-5;Mrp-2b;NCC-3;Small-inducible cytokine A15;,,,,,,,255,ccl-15;mip-1-delta;lkn1;mrp-2b;hcc-2;mip1(delta);sy15;scyl3;scya15;leukotactin-1;mip1delta;mip1d;small-inducible cytokine a15;mip-5;chemokine cc-2;chemokine (c-c motif) ligand 15;macrophage inflammatory protein-5;c-c motif chemokine 15;lkn-1;hmrp-2b;ncc3;mip-related protein 2b;ccl-15;macrophage inflammatory protein 5;mip5;mip-1(delta);ncc-3;mip-1delta;hcc2;mip-1d;mip-1 delta;,PR:000001987,C-C motif chemokine 15,NCC3;CCL15;HCC-2;MIP-1 delta;NCC-3;chemokine CC-2;leukotactin-1;LKN-1;MIP-5;small-inducible cytokine A15;macrophage inflammatory protein 5;Mrp-2b;MIP5;SCYA15;,http://pir.georgetown.edu/cgi-bin/pro/entry_pro?id=PR:000001987,601393,,,,,,,,,,,,,,,,,,,,,,,,,,,,,,,,,,,,,,,,,,,,,,,,,,,,,,,,,,,,,
CID_150,Platelet-Derived Growth Factor,,,,,,,,,,,,,,,,,,,D010982,Platelet-Derived Growth Factor,Platelet-Derived Growth Factor;PDGF;,305,pdgf;,,,,,,,,,,,,,,,,,,,,,,,,,,,,,,,,,,,,,,,,,,,,,,,,,,,,,,,,,,,,,,,,,,
CID_151,platelet-derived growth factor alpha,HGNC:8799,platelet-derived growth factor alpha polypeptide,5154,PDGFA ,PDGF1;PDGF-A;,plateletderived growth factor A chain;PDGF Achain;PDGF1;plateletderived growth factor subunit A;plateletderived growth factor alpha isoform 2 preproprotein;PDGF subunit A;plateletderived growth factor alpha chain;,MGI:97527,"platelet derived growth factor, alpha",18590,Pdgfa ,,plateletderived growth factor A chain;plateletderived growth factor subunit A;plateletderived growth factor alpha polypeptide;PDGF subunit A;PDGF1;,PDGFA_HUMAN,Platelet-derived growth factor subunit A,PDGF subunit A;PDGF-1;Platelet-derived growth factor A chain;Platelet-derived growth factor alpha polypeptide;,PDGFA_MOUSE,Platelet-derived growth factor subunit A,PDGF subunit A;PDGF-1;Platelet-derived growth factor A chain;Platelet-derived growth factor alpha polypeptide;,,,,,,PR:000012490,platelet-derived growth factor subunit A,platelet-derived growth factor subunit A;PDGF subunit A;PDGF-1;PDGF1;PDGFA;platelet-derived growth factor A chain;platelet-derived growth factor alpha polypeptide;,http://pir.georgetown.edu/cgi-bin/pro/entry_pro?id=PR:000012490,173430,,,,,,,,,,,,,,,,,,,,,,,,,,,,,,,,,,,,,,,,,,,,,,,,,,,,,,,,,,,,,
CID_152,platelet-derived growth factor beta,HGNC:8800,platelet-derived growth factor beta polypeptide,5155,PDGFB ,SIS;SSV;IBGC5;PDGF2;c-sis;PDGF-2;,"plateletderived growth factor beta polypeptide (simian sarcoma viral (vsis) oncogene homolog);plateletderived growth factor, beta polypeptide (oncogene SIS);becaplermin;plateletderived growth factor subunit B;PDGF subunit B;plateletderived growth factor B chain;PDGF, B chain;plateletderived growth factor 2;protooncogene cSis;",MGI:97528,"platelet derived growth factor, B polypeptide",18591,Pdgfb ,Sis;PDGF-B;,PDGF subunit B;plateletderived growth factor B chain;PDGF2;protooncogene cSis;csis;plateletderived growth factor beta polypeptide;plateletderived growth factor subunit B;,PDGFB_HUMAN,Platelet-derived growth factor subunit B,PDGF subunit B;PDGF-2;Platelet-derived growth factor B chain;Platelet-derived growth factor beta polypeptide;Proto-oncogene c-Sis;,PDGFB_MOUSE,Platelet-derived growth factor subunit B,PDGF subunit B;PDGF-2;Platelet-derived growth factor B chain;Platelet-derived growth factor beta polypeptide;Proto-oncogene c-Sis;,,,,,,PR:000012491,platelet-derived growth factor subunit B,platelet-derived growth factor subunit B;PDGF subunit B;PDGF-2;PDGF2;PDGFB;SIS;becaplermin;platelet-derived growth factor B chain;platelet-derived growth factor beta polypeptide;proto-oncogene c-Sis;,http://pir.georgetown.edu/cgi-bin/pro/entry_pro?id=PR:000012491,190040,,,,,,,,,,,,,,,,,,,,,,,,,,,,,,,,,,,,,,,,,,,,,,,,,,,,,,,,,,,,,
CID_153,Resistin,HGNC:20389,resistin,56729,RETN ,ADSF;RSTN;XCP1;FIZZ3;RETN1,found in inflammatory zone 3;resistin delta2;C/EBPepsilon regulated myeloidspecific secreted cysteinerich protein precursor 1;c/EBPepsilonregulated myeloidspecific secreted cysteinerich protein;resistin;cysteinerich secreted protein A12alphalike 2;adipose tissuespecific secretory factor;cysteinerich secreted protein FIZZ3;,MGI:1888506,resistin,57264,Retn ,ADSF;Rstn;Xcp4;Fizz3,found in inflammatory zone 3;resistin;adipose tissuespecific secretory factor;cysteinerich secreted protein FIZZ3;adiposespecific cysteinerich secreted protein A12alpha;dominant inhibitory adipocytespecific secretory factor;,RETN_HUMAN,Resistin,Adipose tissue-specific secretory factor;ADSF;C/EBP-epsilon-regulated myeloid-specific secreted cysteine-rich protein;Cysteine-rich secreted protein A12-alpha-like 2;Cysteine-rich secreted protein FIZZ3;,RETN_MOUSE,Resistin,Adipose tissue-specific secretory factor;ADSF;Adipose-specific cysteine-rich secreted protein A12-alpha;Cysteine-rich secreted protein FIZZ3;,,,,,,PR:000013896,resistin,ADSF;C/EBP-epsilon-regulated myeloid-specific secreted cysteine-rich protein;FIZZ3 (RELATED);HXCP1 (RELATED);RETNPRO-short-label;RSTN (RELATED);adipose tissue-specific secretory factor;adipose-specific cysteine-rich secreted protein A12-alpha;cysteine-rich secreted protein A12-alpha-like 2;cysteine-rich secreted protein FIZZ3;,http://pir.georgetown.edu/cgi-bin/pro/entry_pro?id=PR:000013896,605565,,,,,,,,,,,,,,,,,,,,,,,,,,,,,,,,,,,,,,,,,,,,,,,,,,,,,,,,,,,,,
CID_154,Stem Cell Factor,HGNC:6343,KIT ligand,4254,KITLG ,SF;MGF;SCF;FPH2;KL-1;Kitl;SHEP7;,steel factor;cKit ligand;familial progressive hyperpigmentation 2;mast cell growth factor;kit ligand;stem cell factor;,MGI:96974,kit ligand,17311,Kitl ,Gb;SF;Sl;Clo;Con;Mgf;SCF;SLF;blz;Kitlg;contrasted;,hematopoietic growth factor KL;Ckit ligand;kit ligand;stem cell factor;Steel factor;mast cell growth factor;grizzlebelly;cloud gray;,SCF_HUMAN,Soluble KIT ligand,Mast cell growth factor;MGF;Stem cell factor;SCF;c-Kit ligand;sKITLG;,SCF_MOUSE,Soluble KIT ligand,Hematopoietic growth factor KL;Mast cell growth factor;MGF;Steel factor;Stem cell factor;SCF;c-Kit ligand;sKITLG;,D019089,Stem Cell Factor,Stem Cell Factor;,,,PR:000009345,kit ligand,KITLGPRO-short-label;Kitl;MGF;SCF;Sl;Slf;c-Kit ligand;hematopoietic growth factor KL;mast cell growth factor;steel factor;stem cell factor;,http://pir.georgetown.edu/cgi-bin/pro/entry_pro?id=PR:000009345,184745,,,,,,,,,,,,,,,,,,,,,,,,,,,,,,,,,,,,,,,,,,,,,,,,,,,,,,,,,,,,,
CID_155,"Suppressor Factors, Immunologic",,,,,,,,,,,,,,,,,,,D013491,"Suppressor Factors, Immunologic","Suppressor Factors, Immunologic;",,,,,,,,,,,,,,,,,,,,,,,,,,,,,,,,,,,,,,,,,,,,,,,,,,,,,,,,,,,,,,,,,,,,
CID_156,TDGF2,HGNC:11702,teratocarcinoma-derived growth factor 1 pseudogene 2,22816,TDGF1P2 ,CR-2;TDGF2;CRIPTO-2;,,,,,,,,,,,,,,,,,333,tdgf2;cripto 2;cripto2;cr2;cripto-2;teratocarcinoma-derived growth factor 2;cr-2;tdgf-2;epidermal growth factor-like cripto protein cr2;cripto-2 growth factor;,PR:000016213,teratocarcinoma-derived growth factor 2,teratocarcinoma-derived growth factor 2;TDGF1P3;TDGF2;TDGF3;cripto-3 growth factor;epidermal growth factor-like cripto protein CR3;,http://pir.georgetown.edu/cgi-bin/pro/entry_pro?id=PR:000016213,,,,,,,,,,,,,,,,,,,,,,,,,,,,,,,,,,,,,,,,,,,,,,,,,,,,,,,,,,,,,,
CID_157,TDGF3,HGNC:11703,teratocarcinoma-derived growth factor 1 pseudogene 3,6998,TDGF1P3 ,CR-3;TDGF1;TDGF2;TDGF3;CRIPTO;CRIPTO3;CRIPTO-3;,,,,,,,,,,,,,,,,,331,tdgf3;cripto3;teratocarcinoma-derived growth factor 3;cr3;cripto 3;cripto-3;cr-3;tdgf-3;cripto-3 growth factor;epidermal growth factor-like cripto protein cr3;,,,,,,,,,,,,,,,,,,,,,,,,,,,,,,,,,,,,,,,,,,,,,,,,,,,,,,,,,,,,,,,,,,
CID_158,Thrombopoietin,HGNC:11795,thrombopoietin,7066,THPO ,ML;TPO;MGDF;MKCSF;MPLLG;THCYT1;,myeloproliferative leukemia virus oncogene ligand;MPL ligand;megakaryocyte growth and development factor;thrombopoietin;megakaryocyte colonystimulating factor;cmpl ligand;preprothrombopoietin;megakaryocyte stimulating factor;,MGI:101875,thrombopoietin,21832,Thpo ,Ml;Tpo;Mgdf;Mpllg;,myeloproliferative leukemia virus oncogene ligand;megakaryocyte growth and development factor;Cmpl ligand;thrombopoietin;megakaryocyte colonystimulating factor;,TPO_HUMAN,Thrombopoietin,C-mpl ligand;ML;Megakaryocyte colony-stimulating factor;Megakaryocyte growth and development factor;MGDF;Myeloproliferative leukemia virus oncogene ligand;,TPO_MOUSE,Thrombopoietin,C-mpl ligand;ML;Megakaryocyte colony-stimulating factor;Megakaryocyte growth and development factor;MGDF;Myeloproliferative leukemia virus oncogene ligand;,D013926,Thrombopoietin,Thrombopoietin;,,,PR:000016318,thrombopoietin,myeloproliferative leukemia virus oncogene ligand;megakaryocyte growth and development factor;THPO;MGDF;C-mpl ligand;megakaryocyte colony-stimulating factor;ML;,http://pir.georgetown.edu/cgi-bin/pro/entry_pro?id=PR:000016318,600044,,,,,,,,,,,,,,,,,,,,,,,,,,,,,,,,,,,,,,,,,,,,,,,,,,,,,,,,,,,,,
CID_159,Transfer Factor,,,,,,,,,,,,,,,,,,,D014165,Transfer Factor,Transfer Factor;,,,,,,,,,,,,,,,,,,,,,,,,,,,,,,,,,,,,,,,,,,,,,,,,,,,,,,,,,,,,,,,,,,,,
CID_16,Chemokine CCL16,HGNC:10614,chemokine (C-C motif) ligand 16,6360,CCL16 ,LEC;LMC;NCC4;CKb12;HCC-4;LCC-1;Mtn-1;NCC-4;SCYL4;ILINCK;SCYA16;,"smallinducible cytokine A16;small inducible cytokine subfamily A (CysCys), member 16;lymphocyte and monocyte chemoattractant;monotactin1;liver CC chemokine1;new CC chemokine 4;liverexpressed chemokine;chemokine LEC;IL10inducible chemokine;chemokine CC4;CC motif chemokine 16;",,,,,,,CCL16_HUMAN,C-C motif chemokine 16,Chemokine CC-4;HCC-4;Chemokine LEC;IL-10-inducible chemokine;LCC-1;Liver-expressed chemokine;Lymphocyte and monocyte chemoattractant;LMC;Monotactin-1;MTN-1;NCC-4;Small-inducible cytokine A16;,,,,,,,251,ccl-16;lymphocyte and monocyte chemoattractant;ilinck;chemokine cc-4;hcc-4;scya16;scyl4;chemokine (c-c motif) ligand 16;small-inducible cytokine a16;c-c motif chemokine 16;ncc4;mtn1;mgc117051;ccl-16;liver-expressed chemokine;ckb-12;lcc1;il-10-inducible chemokine;chemokine lec;ckb12;lmc;ncc-4;lec;monotactin-1;lcc-1;mtn-1;hcc4;,PR:000001988,C-C motif chemokine 16,lymphocyte and monocyte chemoattractant;CCL16;chemokine CC-4;SCYA16;chemokine LEC;NCC-4;LCC-1;MTN-1;liver-expressed chemokine;LMC;NCC4;HCC-4;IL-10-inducible chemokine;small-inducible cytokine A16;ILINCK;monotactin-1;,http://pir.georgetown.edu/cgi-bin/pro/entry_pro?id=PR:000001988,601394,,,,,,,,,,,,,,,,,,,,,,,,,,,,,,,,,,,,,,,,,,,,,,,,,,,,,,,,,,,,,
CID_160,Transforming Growth Factor,,,,,,,,,,,,,,,,,,,,,,307,tgf;,,,,,,,,,,,,,,,,,,,,,,,,,,,,,,,,,,,,,,,,,,,,,,,,,,,,,,,,,,,,,,,,,,
CID_161,Transforming Growth Factor alpha,HGNC:11765,"transforming growth factor, alpha",7039,TGFA ,TFGA;,protransforming growth factor alpha;TGFalpha;,MGI:98724,transforming growth factor alpha,21802,Tgfa ,wa1;wa-1;,protransforming growth factor alpha;waved 1;transforming growth factoralpha;,TGFA_HUMAN,Transforming growth factor alpha,TGF-alpha;EGF-like TGF;ETGF;TGF type 1;,TGFA_MOUSE,Transforming growth factor alpha,TGF-alpha;EGF-like TGF;ETGF;TGF type 1;,D016211,Transforming Growth Factor alpha,Transforming Growth Factor alpha; TGFa;TGF-a;,311,"tgf-alpha;tgf-(alpha);tfg(alpha);transforming growth factor, alpha;tfga;tgfa;protransforming growth factor alpha;",,,,,190170,,,,,,,,,,,,,,,,,,,,,,,,,,,,,,,,,,,,,,,,,,,,,,,,,,,,,,,,,,,,,
CID_162,Transforming Growth Factor beta,,,,,,,,,,,,,,,,,,,D016212,Transforming Growth Factor beta,Transforming Growth Factor b;Transforming Growth Factor beta;Transforming Growth Factor-Beta;TGF beta;TGF-beta;,,,,,,,,,,,,,,,,,,,,,,,,,,,,,,,,,,,,,,,,,,,,,,,,,,,,,,,,,,,,,,,,,,,,
CID_163,Transforming Growth Factor beta1,HGNC:11766,"transforming growth factor, beta 1",7040,TGFB1 ,CED;LAP;DPD1;TGFB;TGFbeta;,TGFbeta1;transforming growth factor beta1;latencyassociated peptide;preprotransforming growth factor beta1;,MGI:98725,"transforming growth factor, beta 1",21803,Tgfb1 ,Tgfb;Tgfb-1;TGFbeta1;TGF-beta1;,TGFbeta1;transforming growth factor beta1;TGFbeta 1;transforming growth factorbeta 1;regulatory protein;,TGFB1_HUMAN,Latency-associated peptide,TGF-beta-1;LAP;,TGFB1_MOUSE,Latency-associated peptide,TGF-beta-1;LAP;,D053773,Transforming Growth Factor beta1,TGF beta 1;TGF-beta 1;TGF-beta-1;TGFB1;Transforming Growth Factor b1;Transforming Growth Factor beta 1;Transforming Growth Factor beta1;,,,PR:000000182,TGF-beta 1,TGF-beta-1;TGFB;TGFB1;,http://pir.georgetown.edu/cgi-bin/pro/entry_pro?id=PR:000000182,190180,,,,,,,,,,,,,,,,,,,,,,,,,,,,,,,,,,,,,,,,,,,,,,,,,,,,,,,,,,,,,
CID_164,Transforming Growth Factor beta2,HGNC:11768,"transforming growth factor, beta 2",7042,TGFB2 ,LDS4;TGF-beta2;,transforming growth factor beta2;polyergin;BSC1 cell growth inhibitor;glioblastomaderived Tcell suppressor factor;GTSF;preprotransforming growth factor beta2;c,MGI:98726,"transforming growth factor, beta 2",21808,Tgfb2 ,Tgfb-2;BB105277;Tgf-beta2;,TGFbeta2;transforming growth factor beta2;,TGFB2_HUMAN,Latency-associated peptide,TGF-beta-2;BSC-1 cell growth inhibitor;Cetermin;Glioblastoma-derived T-cell suppressor factor;G-TSF;Polyergin;LAP;,TGFB2_MOUSE,Latency-associated peptide,TGF-beta-2;LAP;,D053781,Transforming Growth Factor beta2,TGF beta 2;TGF-beta 2;TGF-beta-2;TGFB2;Transforming Growth Factor b2;Transforming Growth Factor beta 2;Transforming Growth Factor beta2;,,,PR:000000183,TGF-beta 2,BSC-1 cell growth inhibitor;G-TSF;TGF-beta-2;TGFB2;cetermin;glioblastoma-derived T-cell suppressor factor;polyergin;,http://pir.georgetown.edu/cgi-bin/pro/entry_pro?id=PR:000000183 ,190220,,,,,,,,,,,,,,,,,,,,,,,,,,,,,,,,,,,,,,,,,,,,,,,,,,,,,,,,,,,,,
CID_165,Transforming Growth Factor beta3,HGNC:11769,"transforming growth factor, beta 3",7043,TGFB3 ,ARVD;RNHF;ARVD1;TGF-beta3;,transforming growth factor beta3;preprotransforming growth factor beta3;TGFbeta3;,MGI:98727,"transforming growth factor, beta 3",21809,Tgfb3 ,Tgfb-3;,transforming growth factor beta3;TGFbeta3;,TGFB3_HUMAN,Latency-associated peptide,TGF-beta-3;LAP;,Q91YU7_MOUSE,,,D053782,Transforming Growth Factor beta3,TGF beta 3;TGF-beta 3;TGF-beta-3;TGFB3;Transforming Growth Factor b3;Transforming Growth Factor beta 3;Transforming Growth Factor beta3;,,,PR:000000184,TGF-beta 3,TGF-beta-3;TGFB3;,http://pir.georgetown.edu/cgi-bin/pro/entry_pro?id=PR:000000184,190230,,,,,,,,,,,,,,,,,,,,,,,,,,,,,,,,,,,,,,,,,,,,,,,,,,,,,,,,,,,,,
CID_166,Tumor necrosis factor ligand superfamily member 11,HGNC:11926,"tumor necrosis factor (ligand) superfamily, member 11",8600,TNFSF11 ,ODF;OPGL;sOdf;CD254;OPTB2;RANKL;TRANCE;hRANKL2;,osteoprotegerin ligand;TNFrelated activationinduced cytokine;osteoclast differentiation factor;receptor activator of nuclear factor kappaB ligand;receptor activator of nuclear factor kappa B ligand;tumor necrosis factor ligand superfamily member 11;,MGI:1100089,"tumor necrosis factor (ligand) superfamily, member 11",21943,Tnfsf11 ,ODF;OPG;OPGL;RANKL;Ly109l;Trance;,osteoprotegerin ligand;TNFrelated activationinduced cytokine;OPG ligand;receptor activator of nuclear factor kappa B ligand;tumor necrosis factor ligand superfamily member 11;osteoclast differentiation factor;receptor activator of nuclear factor kappaB ligand;receptor activator of NFkappaB ligand;tumor necrosis factorrelated activationinduced cytokine;,TNF11_HUMAN,"Tumor necrosis factor ligand superfamily member 11, soluble form",Osteoclast differentiation factor;ODF;Osteoprotegerin ligand;OPGL;Receptor activator of nuclear factor kappa-B ligand;RANKL;TNF-related activation-induced cytokine;TRANCE;,TNF11_MOUSE,"Tumor necrosis factor ligand superfamily member 11, soluble form",Osteoclast differentiation factor;ODF;Osteoprotegerin ligand;OPGL;Receptor activator of nuclear factor kappa-B ligand;RANKL;TNF-related activation-induced cytokine;TRANCE;,D053245,RANK Ligand,,65,"tnfsf11;opgl;tumor necrosis factor ligand superfamily member 11;odf;optb2;rankl;cd254;osteoclast differentiation factor;receptor activator of nuclear factor kappa-b ligand;sodf;hrankl2;osteoprotegerin ligand;tumor necrosis factor (ligand) superfamily, member 11;tnf-related activation-induced cytokine;trance;",PR:000002107,tumor necrosis factor ligand superfamily member 11,RANKL;TNFSF11;ODF;TNF-related activation-induced cytokine;OPGL;CD254;osteoprotegerin ligand;receptor activator of nuclear factor kappa-B ligand;osteoclast differentiation factor;TRANCE;,http://pir.georgetown.edu/cgi-bin/pro/entry_pro?id=PR:000002107,602642,,,,,,,,,,,,,,,,,,,,,,,,,,,,,,,,,,,,,,,,,,,,,,,,,,,,,,,,,,,,,
CID_167,Tumor necrosis factor ligand superfamily member 12,HGNC:11927,"tumor necrosis factor (ligand) superfamily, member 12",8742,TNFSF12 ,APO3L;DR3LG;TWEAK;,TNFrelated WEAK inducer of apoptosis;APO3/DR3 ligand;tumor necrosis factor ligand superfamily member 12;APO3 ligand;,MGI:1196259,"tumor necrosis factor (ligand) superfamily, member 12",21944,Tnfsf12 ,Dr3l;Apo3l;Dr3lg;Tweak;,tumor necrosis factor ligand superfamily member 12;TNFrelated weak inducer of apoptosis;,TNF12_HUMAN,"Tumor necrosis factor ligand superfamily member 12, secreted form",APO3 ligand;TNF-related weak inducer of apoptosis;TWEAK;,TNF12_MOUSE,"Tumor necrosis factor ligand superfamily member 12, secreted form",TNF-related weak inducer of apoptosis;TWEAK;,,,,69,"tnfsf12;dr3lg;tumor necrosis factor ligand superfamily member 12;tnf-related weak inducer of apoptosis;apo3l;apo-3l;mgc129581;mgc20669;tumor necrosis factor (ligand) superfamily, member 12;tweak;apo3 ligand;",PR:000016487,tumor necrosis factor ligand superfamily member 12,APO3 ligand;DR3LG;APO3L;TNF-related weak inducer of apoptosis;TWEAK;TNFSF12;,http://pir.georgetown.edu/cgi-bin/pro/entry_pro?id=PR:000016487,602695,,,,,,,,,,,,,,,,,,,,,,,,,,,,,,,,,,,,,,,,,,,,,,,,,,,,,,,,,,,,,
CID_168,Tumor necrosis factor ligand superfamily member 13,HGNC:11928,"tumor necrosis factor (ligand) superfamily, member 13",8741,TNFSF13 ,APRIL;CD256;TALL2;ZTNF2;TALL-2;TRDL-1;UNQ383/PRO715;,tumor necrosis factorrelated death ligand1;tumor necrosis factor ligand superfamily member 13;a proliferationinducing ligand;tumor necrosis factorlike protein ZTNF2;TNF and APOLrelated leukocyte expressed ligand 2;,MGI:1916833,"tumor necrosis factor (ligand) superfamily, member 13",69583,Tnfsf13 ,April;Tall2;Trdl1;2310026N09Rik;,tumor necrosis factor ligand superfamily member 13;a proliferationinducing ligand;,TNF13_HUMAN,Tumor necrosis factor ligand superfamily member 13,A proliferation-inducing ligand;APRIL;TNF- and APOL-related leukocyte expressed ligand 2;TALL-2;TNF-related death ligand 1;TRDL-1;,TNF13_MOUSE,Tumor necrosis factor ligand superfamily member 13,A proliferation-inducing ligand;APRIL;,D053300,Tumor Necrosis Factor Ligand Superfamily Member 13,,67,"tnfsf13;unq383/pro715;april;tnf superfamily, member 13;tall-2;tumor necrosis factor (ligand) superfamily, member 13;trdl-1;a proliferation-inducing ligand;tnf-related death ligand 1;ztnf2;trdl1;tumor necrosis factor ligand superfamily member 13;cd256;tnf- and apol-related leukocyte expressed ligand 2;tall2;",PR:000001947,tumor necrosis factor ligand superfamily member 13,ZTNF2;TNF-related death ligand 1;A proliferation-inducing ligand;TNFSF13;CD256;TALL-2;APRIL;TNF- and APOL-related leukocyte expressed ligand 2;TRDL-1;TALL2;,http://pir.georgetown.edu/cgi-bin/pro/entry_pro?id=PR:000001947,604472,,,,,,,,,,,,,,,,,,,,,,,,,,,,,,,,,,,,,,,,,,,,,,,,,,,,,,,,,,,,,
CID_169,Tumor necrosis factor ligand superfamily member 14,HGNC:11930,"tumor necrosis factor (ligand) superfamily, member 14",8740,TNFSF14 ,LTg;TR2;CD258;HVEML;LIGHT;,ligand for herpesvirus entry mediator;herpesvirus entry mediator A;delta transmembrane LIGHT;tumor necrosis factor ligand superfamily member 14;herpesvirus entry mediatorligand;herpes virus entry mediator ligand;herpesvirus entry mediator ligand;tumor necrosis factor receptorlike 2;tumor necrosis factor superfamily member LIGHT;,MGI:1355317,"tumor necrosis factor (ligand) superfamily, member 14",50930,Tnfsf14 ,LTg;HVEML;LIGHT;Ly113;HVEM-L;,tumor necrosis factor ligand superfamily member 14;,TNF14_HUMAN,"Tumor necrosis factor ligand superfamily member 14, soluble form",Herpes virus entry mediator ligand;HVEM-L;Herpesvirus entry mediator ligand;,TNF14_MOUSE,"Tumor necrosis factor ligand superfamily member 14, soluble form",,D053326,Tumor Necrosis Factor Ligand Superfamily Member 14,,73,"tnfsf14;tumor necrosis factor ligand superfamily member 14;cd258;hveml;herpesvirus entry mediator ligand;herpes virus entry mediator ligand;hvem-l;tr2;light;ltg;tumor necrosis factor (ligand) superfamily, member 14;",PR:000002222,tumor necrosis factor ligand superfamily member 14,CD258;HVEM-L;herpes virus entry mediator ligand;TNFSF14;LIGHT;herpesvirus entry mediator ligand;HVEML;,http://pir.georgetown.edu/cgi-bin/pro/entry_pro?id=PR:000002222,604520,,,,,,,,,,,,,,,,,,,,,,,,,,,,,,,,,,,,,,,,,,,,,,,,,,,,,,,,,,,,,
CID_17,Chemokine CCL17,HGNC:10615,chemokine (C-C motif) ligand 17,6361,CCL17 ,TARC;ABCD-2;SCYA17;A-152E5.3;,"CC chemokine TARC;smallinducible cytokine A17;thymus and activationregulated chemokine;CC motif chemokine 17;small inducible cytokine subfamily A (CysCys), member 17;T celldirected CC chemokine;",MGI:1329039,chemokine (C-C motif) ligand 17,20295,Ccl17 ,Tarc;Abcd-2;Scya17;Scya17l;,chemokine (CC motif) ligand 17;small inducible cytokine subfamily A17;,CCL17_HUMAN,C-C motif chemokine 17,CC chemokine TARC;Small-inducible cytokine A17;Thymus and activation-regulated chemokine;,,,,D054414,Chemokine CCL17,C-C motif chemokine 17;CCL17;CCL-17;Chemokine CCL17;,221,ccl17;,PR:000001989,C-C motif chemokine 17,SCYA17;thymus and activation-regulated chemokine;small-inducible cytokine A17;CCL17;CC chemokine TARC;TARC;,http://pir.georgetown.edu/cgi-bin/pro/entry_pro?id=PR:000001989,601520,,,,,,,,,,,,,,,,,,,,,,,,,,,,,,,,,,,,,,,,,,,,,,,,,,,,,,,,,,,,,
CID_170,Tumor necrosis factor ligand superfamily member 15,HGNC:11931,"tumor necrosis factor (ligand) superfamily, member 15",9966,TNFSF15 ,TL1;TL1A;VEGI;VEGI192A;,TNF superfamily ligand TL1A;TNF ligandrelated molecule 1;tumor necrosis factor ligand superfamily member 15;vascular endothelial growth inhibitor192A;vascular endothelial cell growth inhibitor;,MGI:2180140,"tumor necrosis factor (ligand) superfamily, member 15",326623,Tnfsf15 ,Tl1;Tl1a;Vegi;,"vascular endothelial growth inhibitor;bM20K13.3 (tumor necrosis factor (ligand) superfamily, member 15);TNF ligandrelated molecule 1;tumor necrosis factor ligand superfamily member 15;vascular endothelial cell growth inhibitor;",TNF15_HUMAN,"Tumor necrosis factor ligand superfamily member 15, secreted form",TNF ligand-related molecule 1;Vascular endothelial cell growth inhibitor;,TNF15_MOUSE,Tumor necrosis factor ligand superfamily member 15,TNF ligand-related molecule 1;Vascular endothelial cell growth inhibitor;,D053380,Tumor Necrosis Factor Ligand Superfamily Member 15,,71,"tnfsf15;vascular endothelial growth inhibitor;mgc129935;mgc129934;tumor necrosis factor ligand superfamily member 15;vegi192a;vegi-192a;vegi;tl1;tnf ligand-related molecule 1;tl1a;tumor necrosis factor (ligand) superfamily, member 15;",PR:000002223,tumor necrosis factor ligand superfamily member 15,TL1;VEGI;TNFSF15;TNF ligand-related molecule 1;vascular endothelial cell growth inhibitor;,http://pir.georgetown.edu/cgi-bin/pro/entry_pro?id=PR:000002223,604052,,,,,,,,,,,,,,,,,,,,,,,,,,,,,,,,,,,,,,,,,,,,,,,,,,,,,,,,,,,,,
CID_171,Tumor necrosis factor ligand superfamily member 4,HGNC:11934,"tumor necrosis factor (ligand) superfamily, member 4",7292,TNFSF4 ,GP34;CD252;OX4OL;TXGP1;CD134L;OX-40L;,tumor necrosis factor ligand superfamily member 4;TAX transcriptionallyactivated glycoprotein 1;CD134 ligand;glycoprotein Gp34;taxtranscriptionally activated glycoprotein 1 (34kD);OX40L;OX40 antigen ligand;,MGI:104511,"tumor necrosis factor (ligand) superfamily, member 4",22164,Tnfsf4 ,Ath1;gp34;Ath-1;Ox40l;TXGP1;CD134L;OX-40L;Txgp1l;,taxtranscriptionally activated glycoprotein 1 ligand;tumor necrosis factor ligand superfamily member 4;atherosclerosis 1;OX40 ligand;,TNFL4_HUMAN,Tumor necrosis factor ligand superfamily member 4,Glycoprotein Gp34;OX40 ligand;OX40L;TAX transcriptionally-activated glycoprotein 1;,TNFL4_MOUSE,Tumor necrosis factor ligand superfamily member 4,OX40 ligand;OX40L;,D053278,OX40 Ligand,,63,"tnfsf4;txgp-1;tumor necrosis factor ligand superfamily member 4;glycoprotein gp34;ox40l;cd252;txgp1l;ox-40l;tax transcriptionally-activated glycoprotein 1;gp34;cd134l;tumor necrosis factor (ligand) superfamily, member 4;txgp1;ox40 ligand;",PR:000001949,tumor necrosis factor ligand superfamily member 4,Txgp1l;TNFSF4;TXGP1;glycoprotein Gp34;TAX transcriptionally-activated glycoprotein 1;CD252;OX40L;OX40 ligand;,http://pir.georgetown.edu/cgi-bin/pro/entry_pro?id=PR:000001949,603594,,,,,,,,,,,,,,,,,,,,,,,,,,,,,,,,,,,,,,,,,,,,,,,,,,,,,,,,,,,,,
CID_172,Tumor necrosis factor ligand superfamily member 8,HGNC:11938,"tumor necrosis factor (ligand) superfamily, member 8",944,TNFSF8 ,CD153;CD30L;CD30LG;,tumor necrosis factor ligand superfamily member 8;CD153 antigen;CD30 ligand;CD30 antigen ligand;CD30L;,MGI:88328,"tumor necrosis factor (ligand) superfamily, member 8",21949,Tnfsf8 ,CD153;Cd30l;CD30LG;,tumor necrosis factor ligand superfamily member 8;CD30 ligand;CD30L;,TNFL8_HUMAN,Tumor necrosis factor ligand superfamily member 8,CD30 ligand;CD30-L;,TNFL8_MOUSE,Tumor necrosis factor ligand superfamily member 8,CD30 ligand;CD30-L;,D053285,CD30 Ligand,,57,"tnfsf8;cd30lg;tumor necrosis factor (ligand) superfamily, member 8;cd30 ligand;cd30l;tumor necrosis factor ligand superfamily member 8;mgc138144;cd153;cd30-l;",PR:000001404,tumor necrosis factor ligand superfamily member 8,TNFSF8;CD30-L;CD153;CD30LG;CD30 ligand;CD30L;,http://pir.georgetown.edu/cgi-bin/pro/entry_pro?id=PR:000001404,603875,,,,,,,,,,,,,,,,,,,,,,,,,,,,,,,,,,,,,,,,,,,,,,,,,,,,,,,,,,,,,
CID_173,Tumor necrosis factor ligand superfamily member 9,HGNC:11939,"tumor necrosis factor (ligand) superfamily, member 9",8744,TNFSF9 ,CD137L;4-1BB-L;,receptor 41BB ligand;41BB ligand;41BBL;tumor necrosis factor ligand superfamily member 9;homolog of mouse 41BBL;,MGI:1101058,"tumor necrosis factor (ligand) superfamily, member 9",21950,Tnfsf9,Ly63l;4-1BBL;Cd137l;4-1BB-L;AI848817;,tumor necrosis factor ligand superfamily member 9;4-1BB ligand;,TNFL9_HUMAN,Tumor necrosis factor ligand superfamily member 9,4-1BB ligand;4-1BBL;,TNFL9_MOUSE,Tumor necrosis factor ligand superfamily member 9,4-1BB ligand;4-1BBL;,D053330,4-1BB Ligand,,61,"tnfsf9;cd157l;ly63l;4-1bb-l;4-1bbl;41bb-l;41bbl;tumor necrosis factor ligand superfamily member 9;cd137l;tumor necrosis factor (ligand) superfamily, member 9;",PR:000016489,tumor necrosis factor ligand superfamily member 9,Cd137l;4-1BBL;4-1BB ligand;Ly63l;Cd157l;TNFSF9;,http://pir.georgetown.edu/cgi-bin/pro/entry_pro?id=PR:000016489,606182,,,,,,,,,,,,,,,,,,,,,,,,,,,,,,,,,,,,,,,,,,,,,,,,,,,,,,,,,,,,,
CID_174,Tumor Necrosis Factor-alpha,HGNC:11892,tumor necrosis factor,7124,TNF ,DIF;TNFA;TNFSF2;TNF-alpha;,"TNFa;TNF, monocytederived;APC1 protein;cachectin;tumor necrosis factor;TNF, macrophagederived;tumor necrosis factor ligand superfamily member 2;tumor necrosis factoralpha;",MGI:104798,tumor necrosis factor,21926,Tnf ,DIF;Tnfa;TNF-a;TNFSF2;Tnfsf1a;TNFalpha;TNF-alpha;,cachectin;tumor necrosis factor;tumor necrosis factor ligand superfamily member 2;tumor necrosis factoralpha;,TNFA_HUMAN,"Tumor necrosis factor, soluble form",Cachectin;TNF-alpha;Tumor necrosis factor ligand superfamily member 2;TNF-a;N-terminal fragment;NTF;ICD1;ICD2;,TNFA_MOUSE,"Tumor necrosis factor, soluble form",Cachectin;TNF-alpha;Tumor necrosis factor ligand superfamily member 2;TNF-a;N-terminal fragment;NTF;ICD1;ICD2;,D014409,Tumor Necrosis Factor-alpha,TNF;TNF a;TNF alpha;TNF-a;TNF-alpha;Tumor Necrosis Factor-alpha;tumor necrosis factor alpha;,49,TNF_alpha;tnf alpha;tnfa;tumor necrosis factor ligand superfamily member 2;tumor necrosis factor-{alpha};tnfalpha;tumor necrosis factor alpha;tumor necrosis factor{alpha};tnf-alpha;tnf-{alpha};tumor necrosis factor-alpha;tnf-a;tnf{alpha};cachectin;tnfsf2;tnf {alpha};tumor necrosis factor {alpha};,PR:000000134,tumor necrosis factor alpha,TNFSF2;cachectin;tumor necrosis factor ligand superfamily member 2;TNF-alpha;TNFA;TNF-a;TNF;,http://pir.georgetown.edu/cgi-bin/pro/entry_pro?id=PR:000000134,191160,,,,,,,,,,,,,,,,,,,,,,,,,,,,,,,,,,,,,,,,,,,,,,,,,,,,,,,,,,,,,
CID_175,Tumor Necrosis Factors,,,,,,,,,,,,,,,,,,,D048069,Tumor Necrosis Factors,Tumor Necrosis Factors;,47,Tumor_Necrosis_Factors;,,,,,,,,,,,,,,,,,,,,,,,,,,,,,,,,,,,,,,,,,,,,,,,,,,,,,,,,,,,,,,,,,,
CID_176,XCL-1,HGNC:10645,chemokine (C motif) ligand 1,6375,XCL1 ,LTN;ATAC;LPTN;SCM1;SCM-1;SCM1A;SCYC1;SCM-1a;,"small inducible cytokine subfamily C, member 1 (lymphotactin);lymphotaxin;lymphotactin;smallinducible cytokine C1;c motif chemokine 1;SCM1alpha;cytokine SCM1;XC chemokine ligand 1;single cysteine motif 1a;",MGI:104593,chemokine (C motif) ligand 1,16963,Xcl1 ,LTN;ATAC;Lptn;SCM-1;Scyc1;SCM-1a;AI661682;,"small inducible cytokine subfamily C, member 1 (lymphotactin);lymphotaxin;lymphotactin;smallinducible cytokine C1;c motif chemokine 1;cytokine SCM1;",XCL1_HUMAN,Lymphotactin,ATAC;C motif chemokine 1;Cytokine SCM-1;Lymphotaxin;SCM-1-alpha;Small-inducible cytokine C1;XC chemokine ligand 1;,XCL1_MOUSE,Lymphotactin,C motif chemokine 1;Cytokine SCM-1;Lymphotaxin;Small-inducible cytokine C1;,,,,303,xcl-1;xcl1;ltn;c motif chemokine 1;lymphotactin;chemokine (c motif) ligand 1;scm1;small-inducible cytokine c1;cytokine scm-1;scm1a;scm-1-alpha;atac;lymphotactin-like chemokine;scyc1;scm-1;scm-1a;lptn;xc chemokine ligand 1;,PR:000002140,lymphotactin,lymphotactin ATAC;C motif chemokine 1;LTN;Lptn;SCM-1-alpha;SCYC1;XC chemokine ligand 1;XCL1PRO-short-label;cytokine SCM-1;lymphotaxin;small-inducible cytokine C1;,http://pir.georgetown.edu/cgi-bin/pro/entry_pro?id=PR:000002140,600250,,,,,,,,,,,,,,,,,,,,,,,,,,,,,,,,,,,,,,,,,,,,,,,,,,,,,,,,,,,,,
CID_177,XCL-2,HGNC:10646,chemokine (C motif) ligand 2,6846,XCL2 ,SCM1B;SCYC2;SCM-1b;,"c motif chemokine 2;cytokine SCM1 beta;XC chemokine ligand 2;small inducible cytokine subfamily C, member 2;",,,,,,,XCL2_HUMAN,Cytokine SCM-1 beta,C motif chemokine 2;XC chemokine ligand 2;,,,,,,,301,xcl-2;,PR:000002138,cytokine SCM-1 beta,cytokine SCM-1 beta;C motif chemokine 2;SCYC2;XC chemokine ligand 2;XCL2;,http://pir.georgetown.edu/cgi-bin/pro/entry_pro?id=PR:000002138,604828,,,,,,,,,,,,,,,,,,,,,,,,,,,,,,,,,,,,,,,,,,,,,,,,,,,,,,,,,,,,,
CID_178,Fas,HGNC:11920,Fas cell surface death receptor,355,FAS,RP11-399O19.7;ALPS1A;APO-1;APT1;CD951;FASTM;TNFRSF6;FAS;,"APO-1 cell surface antigen;CD95 antigen;Delta Fas/APO-1/CD95;FAS 827dupA;FAS receptor variant 9;FASLG receptor;Fas (TNF receptor superfamily, member 6);Fas AMA;TNF receptor superfamily member 6;apoptosis antigen 1;apoptosis-mediating surface antigen FAS;tumor necrosis factor receptor superfamily member 6;tumor necrosis factor receptor superfamily, member 6;",MGI:95484,Fas (TNF receptor superfamily member 6),14102,Fas,AI196731;APO1;APT1;CD95;TNFR6;Tnfrsf6;lpr;,FASLG receptor;Fas (TNF receptor superfamily member);Fas antigen;apo-1 antigen;apoptosis-mediating surface antigen FAS;lymphoproliferation;tumor necrosis factor receptor superfamily member 6;,TNR6_HUMAN,Tumor necrosis factor receptor superfamily member 6,Apo-1 antigen;Apoptosis-mediating surface antigen FAS;FASLG receptor;,TNR6_MOUSE,Tumor necrosis factor receptor superfamily member 6,Apo-1 antigen;Apoptosis-mediating surface antigen FAS;FASLG receptor;,,,,,,PR:000001962,tumor necrosis factor receptor superfamily member 6,APT1;CD95;FASPRO-short-label;FAS1;FASLG receptor;TNFRSF6;apo-1 antigen;apoptosis-mediating surface antigen FAS;,http://pir.georgetown.edu/cgi-bin/pro/entry_pro?id=PR:000001962,134637,,,,,,,,,,,,,,,,,,,,,,,,,,,,,,,,,,,,,,,,,,,,,,,,,,,,,,,,,,,,,
CID_179,BCMA,HGNC:11913,"tumor necrosis factor receptor superfamily, member 17",608,TNFRSF17,BCM;BCMA;CD269;TNFRSF13A;,B cell maturation antigen;B-cell maturation factor;B-cell maturation protein;tumor necrosis factor receptor superfamily member 17;,MGI:1343050,"tumor necrosis factor receptor superfamily, member 17",21935,Tnfrsf17,BCM;BCMA;Tnfrsf13;Tnfrsf13a;,,TNR17_HUMAN,Tumor necrosis factor receptor superfamily member 17,B-cell maturation protein;,TNR17_MOUSE,Tumor necrosis factor receptor superfamily member 17,B-cell maturation protein;,,,,,,PR:000001406,tumor necrosis factor receptor superfamily member 17,B-cell maturation protein;BCM;BCMA;CD269;TNFRSF17;,http://pir.georgetown.edu/cgi-bin/pro/entry_pro?id=PR:000001406,109545,,,,,,,,,,,,,,,,,,,,,,,,,,,,,,,,,,,,,,,,,,,,,,,,,,,,,,,,,,,,,
CID_18,Chemokine CCL18,HGNC:10616,chemokine (C-C motif) ligand 18 (pulmonary and activation-regulated),6362,CCL18 ,CKb7;PARC;AMAC1;DCCK1;MIP-4;AMAC-1;DC-CK1;SCYA18;,"dendritic cell chemokine 1;smallinducible cytokine A18;CC chemokine ligand 18;chemokine (CC), dendritic;small inducible cytokine A18;alternative macrophage activationassociated CC chemokine 1;pulmonary and activationregulated chemokine;CC motif chemokine 18;small inducible cytokine subfamily A (CysCys), member 18, pulmonary and activationregulated;macrophage inflammatory protein 4;CC chemokine PARC;",,,,,,,CCL18_HUMAN,CCL18(4-69),Alternative macrophage activation-associated CC chemokine 1;AMAC-1;CC chemokine PARC;Dendritic cell chemokine 1;DC-CK1;Macrophage inflammatory protein 4;MIP-4;Pulmonary and activation-regulated chemokine;Small-inducible cytokine A18;,,,,,,,257,ccl-18;,PR:000001990,C-C motif chemokine 18,pulmonary and activation-regulated chemokine;dendritic cell chemokine 1;AMAC-1;MIP4;alternative macrophage activation-associated CC chemokine 1;PARC;DCCK1;AMAC1;macrophage inflammatory protein 4;CC chemokine PARC;SCYA18;MIP-4;small-inducible cytokine A18;DC-CK1;CCL18;,http://pir.georgetown.edu/cgi-bin/pro/entry_pro?id=PR:000001990,603757,,,,,,,,,,,,,,,,,,,,,,,,,,,,,,,,,,,,,,,,,,,,,,,,,,,,,,,,,,,,,
CID_180,CXCR5,HGNC:1060,chemokine (C-X-C motif) receptor 5,643,CXCR5,BLR1;CD185;MDR15;,"Burkitt lymphoma receptor 1, GTP binding protein (chemokine (C-X-C motif) receptor 5);Burkitt lymphoma receptor 1, GTP-binding protein;C-X-C chemokine receptor type 5;CXC-R5;CXCR-5;MDR-15;monocyte-derived receptor 15;",MGI:103567,chemokine (C-X-C motif) receptor 5,12145,Cxcr5,Blr1;CXC-R5;CXCR-5;Gpcr6;MDR15;,C-X-C chemokine receptor type 5;burkitt lymphoma receptor 1 homolog;chemochine (C-X-C motif) receptor 5;,CXCR5_HUMAN,C-X-C chemokine receptor type 5,CXC-R5;CXCR-5;Burkitt lymphoma receptor 1;Monocyte-derived receptor 15;MDR-15;,CXCR5_MOUSE,C-X-C chemokine receptor type 5,CXC-R5;CXCR-5;Burkitt lymphoma receptor 1 homolog;,,,,,,PR:000001209,C-X-C chemokine receptor type 5,monocyte-derived receptor 15;chemokine receptor CXCR5;Gpcr6;BLR1;MDR15;MDR-15;CXCR-5;CXC-R5;burkitt lymphoma receptor 1;CXCR5;burkitt lymphoma receptor 1 homolog;CD185;,http://pir.georgetown.edu/cgi-bin/pro/entry_pro?id=PR:000001209,601613,,,,,,,,,,,,,,,,,,,,,,,,,,,,,,,,,,,,,,,,,,,,,,,,,,,,,,,,,,,,,
CID_181,CD4,HGNC:1678,CD4 molecule,920,CD4,CD4mut;,CD4 antigen (p55);CD4 receptor;T-cell surface antigen T4/Leu-3;T-cell surface glycoprotein CD4;,MGI:88335,CD4 antigen,12504,Cd4,L3T4;Ly-4;,T-cell differentiation antigen L3T4;T-cell surface antigen T4/Leu-3;T-cell surface glycoprotein CD4;T-cell surface glycoprotein CD4 precursor (T-cell surface antigen T4/Leu-3) (T-cell differentiation antigen L3T4);,CD4_HUMAN,T-cell surface glycoprotein CD4,T-cell surface antigen T4/Leu-3;,CD4_MOUSE,T-cell surface glycoprotein CD4,T-cell differentiation antigen L3T4;T-cell surface antigen T4/Leu-3;,,,,,,PR:000001004,CD4 molecule,T-cell differentiation antigen L3T4;CD4;T-cell surface glycoprotein CD4;T-cell surface antigen T4/Leu-3;,http://pir.georgetown.edu/cgi-bin/pro/entry_pro?id=PR:000001004,186940,,,,,,,,,,,,,,,,,,,,,,,,,,,,,,,,,,,,,,,,,,,,,,,,,,,,,,,,,,,,,
CID_182,CD27,HGNC:11922,CD27 molecule,939,CD27,S152;S152. LPFS2;T14;TNFRSF7;Tp55;,"CD27 antigen;CD27L receptor;T cell activation antigen S152;T-cell activation antigen CD27;tumor necrosis factor receptor superfamily, member 7;",MGI:88326,CD27 antigen,21940,Cd27,S152;Tnfrsf7;Tp55;,"CD antigen 27;CD27L receptor;T-cell activation antigen CD27;tumor necrosis factor receptor superfamily member 7;tumor necrosis factor receptor superfamily, member 7;",CD27_HUMAN,CD27 antigen,CD27L receptor;T-cell activation antigen CD27;T14;Tumor necrosis factor receptor superfamily member 7;,CD27_MOUSE,CD27 antigen,CD27L receptor;T-cell activation antigen CD27;Tumor necrosis factor receptor superfamily member 7;,,,,,,PR:000001963,CD27 molecule,TNFRSF7;T-cell activation antigen CD27;CD27L receptor;CD27;T14;,http://pir.georgetown.edu/cgi-bin/pro/entry_pro?id=PR:000001963,186711,,,,,,,,,,,,,,,,,,,,,,,,,,,,,,,,,,,,,,,,,,,,,,,,,,,,,,,,,,,,,
CID_183,CD30,HGNC:11923,"tumor necrosis factor receptor superfamily, member 8",943,TNFRSF8,CD30;D1S166E;Ki-1;,CD30L receptor;Ki-1 antigen;cytokine receptor CD30;lymphocyte activation antigen CD30;tumor necrosis factor receptor superfamily member 8;,MGI:99908,"tumor necrosis factor receptor superfamily, member 8",21941,Tnfrsf8,RP23-306F22.1;Cd30;D1S166E;Ki;Ki-1;,CD30L receptor;lymphocyte activation antigen CD30;tumor necrosis factor receptor superfamily member 8;,TNR8_HUMAN,Tumor necrosis factor receptor superfamily member 8,CD30L receptor;Ki-1 antigen;Lymphocyte activation antigen CD30;,TNR8_MOUSE,Tumor necrosis factor receptor superfamily member 8,CD30L receptor;Lymphocyte activation antigen CD30;,,,,,,PR:000001964,tumor necrosis factor receptor superfamily member 8,lymphocyte activation antigen CD30;TNFRSF8;CD30;D1S166E;Ki-1 antigen;CD30L receptor;,http://pir.georgetown.edu/cgi-bin/pro/entry_pro?id=PR:000001964,153243,,,,,,,,,,,,,,,,,,,,,,,,,,,,,,,,,,,,,,,,,,,,,,,,,,,,,,,,,,,,,
CID_184,CD40,HGNC:11919,"CD40 molecule, TNF receptor superfamily member 5",958,CD40,Bp50;CDW40;TNFRSF5;p50;,"B cell surface antigen CD40;B cell-associated molecule;B-cell surface antigen CD40;CD40 antigen (TNF receptor superfamily member 5);CD40 type II isoform;CD40L receptor;nerve growth factor receptor-related B-lymphocyte activation molecule;tumor necrosis factor receptor superfamily member 5;tumor necrosis factor receptor superfamily, member 5;",MGI:88336,CD40 antigen,21939,Cd40,RP23-428M13.1;AI326936;Bp50;GP39;HIGM1;IGM;IMD3;T-BAM;TRAP;Tnfrsf5;p50;,"B-cell surface antigen CD40;CD40L receptor;T-cell differentiation antigen;tumor necrosis factor receptor superfamily member 5;tumor necrosis factor receptor superfamily, member 5;",TNR5_HUMAN,Tumor necrosis factor receptor superfamily member 5,B-cell surface antigen CD40;Bp50;CD40L receptor;CDw40;,TNR5_MOUSE,Tumor necrosis factor receptor superfamily member 5,B-cell surface antigen CD40;Bp50;CD40L receptor;,,,,,,PR:000001961,tumor necrosis factor receptor superfamily member 5,CD40;B-cell surface antigen CD40;CD40L receptor;TNFRSF5;CDw40;Bp50;,http://pir.georgetown.edu/cgi-bin/pro/entry_pro?id=PR:000001961,109535,,,,,,,,,,,,,,,,,,,,,,,,,,,,,,,,,,,,,,,,,,,,,,,,,,,,,,,,,,,,,
CID_185,CCR1,HGNC:1602,chemokine (C-C motif) receptor 1,1230,CCR1,CD191;CKR-1;CKR1;CMKBR1;HM145;MIP1aR;SCYAR1;,C-C CKR-1;C-C chemokine receptor type 1;CC-CKR-1;CCR-1;LD78 receptor;MIP-1alpha-R;RANTES receptor;RANTES-R;macrophage inflammatory protein 1-alpha receptor;,MGI:104618,chemokine (C-C motif) receptor 1,12768,Ccr1,Cmkbr1;Mip-1a-R;,C-C CKR-1;C-C chemokine receptor type 1;CC-CKR-1;CCR-1;MIP-1 alpha R;MIP-1 alphaR;MIP-1alpha-R;RANTES-R;chemokine (C-C) receptor 1;macrophage inflammatory protein 1-alpha receptor;,CCR1_HUMAN,C-C chemokine receptor type 1,C-C CKR-1;CC-CKR-1;CCR-1;CCR1;HM145;LD78 receptor;Macrophage inflammatory protein 1-alpha receptor;MIP-1alpha-R;RANTES-R;,CCR1_MOUSE,C-C chemokine receptor type 1,C-C CKR-1;CC-CKR-1;CCR-1;CCR1;Macrophage inflammatory protein 1-alpha receptor;MIP-1alpha-R;RANTES-R;,,,,,,PR:000001254,chemokine receptor CCR1,HM145;CCR-1;RANTES-R;CD191;CMKBR1;CC-CKR-1;LD78 receptor;macrophage inflammatory protein 1-alpha receptor;C-C CKR-1;CCR1;MIP-1alpha-R;SCYAR1;CMKR1;,http://pir.georgetown.edu/cgi-bin/pro/entry_pro?id=PR:000001254,601159,,,,,,,,,,,,,,,,,,,,,,,,,,,,,,,,,,,,,,,,,,,,,,,,,,,,,,,,,,,,,
CID_186,CCR3,HGNC:1604,chemokine (C-C motif) receptor 3,1232,CCR3,CC-CKR-3;CD193;CKR3;CMKBR3;,C-C CKR-3;C-C chemokine receptor type 3;CC chemokine receptor 3;CCR-3;b-chemokine receptor;eosinophil CC chemokine receptor 3;eosinophil eotaxin receptor;,MGI:104616,chemokine (C-C motif) receptor 3,12771,Ccr3,CC-CKR3;CKR3;Cmkbr1l2;Cmkbr3;,"C-C CKR-3;CC chemokine receptor 3;CC-CKR-3;CCR-3;MIP-1 alpha RL2;MIP-1 alphaRL2;chemokine (C-C) receptor 1,-like 2;chemokine (C-C) receptor 3;macrophage inflammatory protein 1-alpha receptor-like 2;probable C-C chemokine receptor type 3;",CCR3_HUMAN,C-C chemokine receptor type 3,C-C CKR-3;CC-CKR-3;CCR-3;CCR3;CKR3;Eosinophil eotaxin receptor;,CCR3_MOUSE,Probable C-C chemokine receptor type 3,C-C CKR-3;CC-CKR-3;CCR-3;CCR3;CKR3;Macrophage inflammatory protein 1-alpha receptor-like 2;MIP-1 alpha RL2;,,,,,,PR:000001255,chemokine receptor CCR3,Cmkbr1l2;C-C CKR-3;eosinophil eotaxin receptor;MIP-1 alpha RL2;CKR3;CMKBR3;macrophage inflammatory protein 1-alpha receptor-like 2;CC-CKR-3;CCR-3;CCR3;CD193;,http://pir.georgetown.edu/cgi-bin/pro/entry_pro?id=PR:000001255,601268,,,,,,,,,,,,,,,,,,,,,,,,,,,,,,,,,,,,,,,,,,,,,,,,,,,,,,,,,,,,,
CID_187,CCR4,HGNC:1605,chemokine (C-C motif) receptor 4 ,1233,CCR4,CC-CKR-4;CD194;CKR4;CMKBR4;ChemR13;HGCN:14099;K5-5;,C-C CKR-4;C-C chemokine receptor type 4;CCR-4;chemokine (C-C) receptor 4;,MGI:107824,chemokine (C-C motif) receptor 4,12773,Ccr4,C-C CKR-4;CHEMR1;Cmkbr4;LESTR;Sdf1r;,C-C chemokine receptor type 4;chemokine (C-C) receptor 4;fusin;leukocyte-expressed seven-transmembrane-domain receptor;,CCR4_HUMAN,C-C chemokine receptor type 4,C-C CKR-4;CC-CKR-4;CCR-4;CCR4;K5-5;,CCR4_MOUSE,C-C chemokine receptor type 4,C-C CKR-4;CC-CKR-4;CCR-4;CCR4;,,,,,,PR:000001200,C-C chemokine receptor type 4,CMKBR4;CD194;K5-5;chemokine receptor CCR4;C-C CKR-4;CCR-4;CCR4;CC-CKR-4;,http://pir.georgetown.edu/cgi-bin/pro/entry_pro?id=PR:000001200,604836,,,,,,,,,,,,,,,,,,,,,,,,,,,,,,,,,,,,,,,,,,,,,,,,,,,,,,,,,,,,,
CID_188,CCR5,HGNC:1606,chemokine (C-C motif) receptor 5 (gene/pseudogene),1234,CCR5,CC-CKR-5;CCCKR5;CCR-5;CD195;CKR-5;CKR5;CMKBR5;IDDM22;,C-C chemokine receptor type 5;C-C motif chemokine receptor 5 A159A;HIV-1 fusion coreceptor;chemokine receptor CCR5;chemr13;,MGI:107182,chemokine (C-C motif) receptor 5,12774,Ccr5,AM4-7;CD195;Cmkbr5;,C-C CKR-5;C-C chemokine receptor type 5;CC-CKR-5;CCR-5;MIP-1 alpha receptor;chemokine (C-C) receptor 5;,CCR5_HUMAN,C-C chemokine receptor type 5,C-C CKR-5;CC-CKR-5;CCR-5;CCR5;CHEMR13;HIV-1 fusion coreceptor;,CCR5_MOUSE,C-C chemokine receptor type 5,C-C CKR-5;CC-CKR-5;CCR-5;MIP-1 alpha receptor;,,,,,,PR:000001201,C-C chemokine receptor type 5,CCR5;MIP-1 alpha receptor;CMKBR5;chemokine receptor CCR5;CD195;HIV-1 fusion coreceptor;CHEMR13;C-C CKR-5;CC-CKR-5;CCR-5;,http://pir.georgetown.edu/cgi-bin/pro/entry_pro?id=PR:000001201,601373,,,,,,,,,,,,,,,,,,,,,,,,,,,,,,,,,,,,,,,,,,,,,,,,,,,,,,,,,,,,,
CID_189,CCR6,HGNC:1607,chemokine (C-C motif) receptor 6,1235,CCR6,BN-1;C-C CKR-6;CC-CKR-6;CCR-6;CD196;CKR-L3;CKRL3;CMKBR6;DCR2;DRY6;GPR29;GPRCY4;STRL22;,"C-C chemokine receptor type 6;G protein-coupled receptor 29;G-protein coupled receptor 29;LARC receptor;chemokine (C-C) receptor 6;chemokine receptor-like 3;seven-transmembrane receptor, lymphocyte, 22;",MGI:1333797,chemokine (C-C motif) receptor 6,12458,Ccr6,CC-CKR-6;CCR-6;Cmkbr6;KY411;,C-C chemokine receptor type 6;,CCR6_HUMAN,C-C chemokine receptor type 6,C-C CKR-6;CC-CKR-6;CCR-6;Chemokine receptor-like 3;CKR-L3;DRY6;G-protein coupled receptor 29;GPR-CY4;GPRCY4;LARC receptor;,CCR6_MOUSE,C-C chemokine receptor type 6,C-C CKR-6;CC-CKR-6;CCR-6;KY411;,,,,,,PR:000001202,C-C chemokine receptor type 6,chemokine receptor-like 3;CKR-L3;CCR6;KY411;DRY6;G-protein coupled receptor 29;GPR29;GPR-CY4;LARC receptor;CD196;chemokine receptor CCR6;CC-CKR-6;STRL22;GPRCY4;C-C CKR-6;CKRL3;CMKBR6;CCR-6;,http://pir.georgetown.edu/cgi-bin/pro/entry_pro?id=PR:000001202,601835,,,,,,,,,,,,,,,,,,,,,,,,,,,,,,,,,,,,,,,,,,,,,,,,,,,,,,,,,,,,,
CID_19,Chemokine CCL19,HGNC:10617,chemokine (C-C motif) ligand 19,6363,CCL19 ,ELC;CKb11;MIP3B;MIP-3b;SCYA19;,"EBI1 ligand chemokine;exodus3;beta chemokine exodus3;CK beta11;betachemokine exodus3;CC chemokine ligand 19;MIP3beta;small inducible cytokine subfamily A (CysCys), member 19;epsteinBarr virusinduced molecule 1 ligand chemokine;macrophage inflammatory protein 3beta;macrophage inflammatory protein 3 beta;EBI1ligand chemokine;CC motif chemokine 19;smallinducible cytokine A19;",MGI:1346316,chemokine (C-C motif) ligand 19,24047,Ccl19 ,ELC;CKb11;MIP3B;Scya19;exodus-3;,EBI1 ligand chemokine;small inducible cytokine A19;epsteinBarr virusinduced molecule 1 ligand chemokine;EBVinduced molecule 1 ligand chemokine;EBI1ligand chemokine;CC motif chemokine 19;smallinducible cytokine A19;chemokine CCL19;,CCL19_HUMAN,C-C motif chemokine 19,Beta-chemokine exodus-3;CK beta-11;Epstein-Barr virus-induced molecule 1 ligand chemokine;EBI1 ligand chemokine;ELC;Macrophage inflammatory protein 3 beta;MIP-3-beta;Small-inducible cytokine A19;,CCL19_MOUSE,C-C motif chemokine 19,Epstein-Barr virus-induced molecule 1 ligand chemokine;EBI1 ligand chemokine;ELC;Small-inducible cytokine A19;,D054415,Chemokine CCL19,Chemokine CCL19;CCL19;CCL-19;,,,PR:000001991,C-C motif chemokine 19,MIP3B;epstein-Barr virus-induced molecule 1 ligand chemokine;small-inducible cytokine A19;beta chemokine exodus-3;CK beta-11;MIP-3-beta;CCL19;ELC;EBI1 ligand chemokine;macrophage inflammatory protein 3 beta;SCYA19;,http://pir.georgetown.edu/cgi-bin/pro/entry_pro?id=PR:000001991,602227,,,,,,,,,,,,,,,,,,,,,,,,,,,,,,,,,,,,,,,,,,,,,,,,,,,,,,,,,,,,,
CID_190,CCR7,HGNC:1608,chemokine (C-C motif) receptor 7,1236,CCR7,BLR2;CD197;CDw197;CMKBR7;EBI1;,C-C CKR-7;C-C chemokine receptor type 7;CC chemokine receptor 7;CC-CKR-7;CCR-7;EBV-induced G protein-coupled receptor 1;EBV-induced G-protein coupled receptor 1;Epstein-Barr virus induced G-protein coupled receptor;Epstein-Barr virus induced gene 1;MIP-3 beta receptor;chemokine (C-C) receptor 7;epstein-Barr virus-induced G-protein coupled receptor 1;lymphocyte-specific G protein-coupled peptide receptor;,MGI:103011,chemokine (C-C motif) receptor 7,12775,Ccr7,RP23-80N1.2;CD197;Cdw197;Cmkbr7;EBI1;Ebi1h;,C-C CKR-7;C-C chemokine receptor type 7;CC-CKR-7;CCR-7;EBV-induced G-protein coupled receptor 1;MIP-3 beta receptor;chemokine (C-C) receptor 7;epstein-Barr virus-induced G-protein coupled receptor 1;,CCR7_HUMAN,C-C chemokine receptor type 7,C-C CKR-7;CC-CKR-7;CCR-7;BLR2;CDw197;Epstein-Barr virus-induced G-protein coupled receptor 1;EBI1;EBV-induced G-protein coupled receptor 1;MIP-3 beta receptor;,CCR7_MOUSE,C-C chemokine receptor type 7,C-C CKR-7;CC-CKR-7;CCR-7;Epstein-Barr virus-induced G-protein coupled receptor 1;EBI1;EBV-induced G-protein coupled receptor 1;MIP-3 beta receptor;,,,,,,PR:000001203,C-C chemokine receptor type 7,CMKBR7;EBI1;C-C CKR-7;Ebi1h;CD197;CCR7;CDw197;MIP-3 beta receptor;CCR-7;BLR2;chemokine receptor CCR7;EBV-induced G-protein coupled receptor 1;epstein-Barr virus-induced G-protein coupled receptor 1;EVI1;CC-CKR-7;,http://pir.georgetown.edu/cgi-bin/pro/entry_pro?id=PR:000001203,600242,,,,,,,,,,,,,,,,,,,,,,,,,,,,,,,,,,,,,,,,,,,,,,,,,,,,,,,,,,,,,
CID_191,CCR8,HGNC:1609,chemokine (C-C motif) receptor 8,1237,CCR8,CC-CKR-8;CCR-8;CDw198;CKRL1;CMKBR8;CMKBRL2;CY6;GPRCY6;TER1;,C-C chemokine receptor type 8;CC chemokine receptor 8;CC chemokine receptor CHEMR1;CC-chemokine receptor chemr1;chemokine (C-C) receptor 8;chemokine (C-C) receptor-like 2;chemokine receptor-like 1;,MGI:1201402,chemokine (C-C motif) receptor 8,12776,Ccr8,C-C;C-C CKR-8;CC-CKR-8;CCR-8;CKR-8;Cmkbr8;mCCR8;,C-C chemokine receptor type 8;C-C motif chemokine receptor 8;,CCR8_HUMAN,C-C chemokine receptor type 8,C-C CKR-8;CC-CKR-8;CCR-8;CC chemokine receptor CHEMR1;CMKBRL2;Chemokine receptor-like 1;CKR-L1;GPR-CY6;GPRCY6;TER1;,CCR8_MOUSE,C-C chemokine receptor type 8,C-C CKR-8;CC-CKR-8;CCR-8;,,,,,,PR:000001204,C-C chemokine receptor type 8,CMKBR8;TER1;GPRCY6;C-C CKR-8;CKR-L1;CCR-8;chemokine receptor-like 1;CC-CKR-8;CCR8;CKRL1;CDw198;CMKBRL2;GPR-CY6;CC chemokine receptor CHEMR1;chemokine receptor CCR8;,http://pir.georgetown.edu/cgi-bin/pro/entry_pro?id=PR:000001204,601834,,,,,,,,,,,,,,,,,,,,,,,,,,,,,,,,,,,,,,,,,,,,,,,,,,,,,,,,,,,,,
CID_192,CD115,HGNC:2433,colony stimulating factor 1 receptor,1436,CSF1R,C-FMS;CD115;CSF-1R;CSFR;FIM2;FMS;HDLS;M-CSF-R;,CD115 antigen;CSF-1 receptor;FMS proto-oncogene;McDonough feline sarcoma viral (v-fms) oncogene homolog;macrophage colony stimulating factor I receptor;macrophage colony-stimulating factor 1 receptor;proto-oncogene c-Fms;,MGI:1339758,colony stimulating factor 1 receptor,12978,Csf1r,AI323359;CD115;CSF-1R;Csfmr;Fim-2;Fms;M-CSF-R;M-CSFR;,CSF-1 receptor;CSF-1-R;c-fms;macrophage colony-stimulating factor 1 receptor;proto-oncogene c-Fms;proto-oncogene fms;,CSF1R_HUMAN,Macrophage colony-stimulating factor 1 receptor,CSF-1 receptor;CSF-1-R;CSF-1R;M-CSF-R;Proto-oncogene c-Fms;,CSF1R_MOUSE,Macrophage colony-stimulating factor 1 receptor,CSF-1 receptor;CSF-1-R;CSF-1R;M-CSF-R;Proto-oncogene c-Fms;,,,,,,PR:000002062,macrophage colony-stimulating factor 1 receptor,CSF1R;Csfmr;FMS;CSF-1-R;CD115;proto-oncogene c-Fms;,http://pir.georgetown.edu/cgi-bin/pro/entry_pro?id=PR:000002062,164770,,,,,,,,,,,,,,,,,,,,,,,,,,,,,,,,,,,,,,,,,,,,,,,,,,,,,,,,,,,,,
CID_193,CD116,HGNC:2435,"colony stimulating factor 2 receptor, alpha, low-affinity (granulocyte-macrophage)",1438,CSF2RA,CD116;CDw116;CSF2RX;CSF2RAY;CSF2RX;CSF2RY;GM-CSF-R-alpha;GMCSFR;GMR;SMDP4;CSF2RA;,CD116 antigen;GM-CSF receptor alpha subunit;GMCSFR-alpha;GMR-alpha;colony stimulating factor 2 receptor alpha subunit;granulocyte-macrophage colony-stimulating factor receptor alpha chain;granulocyte-macrophage colony-stimulating factor receptor subunit alpha;,MGI:1339754,"colony stimulating factor 2 receptor, alpha, low-affinity (granulocyte-macrophage)",12982,Csf2ra,CD116;Csfgmra;GM-CSF-Ra;GM-CSFR;,GM-CSF-R-alpha;GM-CSFRalpha;GMCSFR-alpha;GMR-alpha;colony stimulating factor 2 receptor alpha chain;granulocyte-macrophage colony-stimulating factor receptor subunit alpha;,CSF2R_HUMAN,Granulocyte-macrophage colony-stimulating factor receptor subunit alpha,GM-CSF-R-alpha;GMCSFR-alpha;GMR-alpha;CDw116;,CSF2R_MOUSE,Granulocyte-macrophage colony-stimulating factor receptor subunit alpha,GM-CSF-R-alpha;GMCSFR-alpha;GMR-alpha;,,,,,,PR:000001354,granulocyte-macrophage colony-stimulating factor receptor subunit alpha,CSF2R;GM-CSF-R-alpha;Csfgmra;CD116;CDw116;GMCSFR-alpha;CSF2RA;GMR-alpha;CSF2RY;,http://pir.georgetown.edu/cgi-bin/pro/entry_pro?id=PR:000001354,,,,,,,,,,,,,,,,,,,,,,,,,,,,,,,,,,,,,,,,,,,,,,,,,,,,,,,,,,,,,,
CID_194,CD131,HGNC:2436,"colony stimulating factor 2 receptor, beta, low-affinity (granulocyte-macrophage)",1439,CSF2RB,CITF22-45C1.4;CD131;CDw131;IL3RB;IL5RB;SMDP5;,"GM-CSF/IL-3/IL-5 receptor common beta subunit;GM-CSF/IL-3/IL-5 receptor common beta-chain;colony-stimulating factor-2 receptor, beta, low-affinity;cytokine receptor common subunit beta;interleukin 3 receptor/granulocyte-macrophage colony stimulating factor 3 receptor, beta (high affinity);",MGI:1339759,"colony stimulating factor 2 receptor, beta, low-affinity (granulocyte-macrophage)",12983,Csf2rb,AI848964;AIC2B;Bc;CDw1311;Csfgmrb;Il3r;Il3rb;Il3rb1;Il5rb;Csf2rb;,"CD131 antigen;GM-CSF/IL-3/IL-5 receptor common beta subunit;GM-CSF/IL-3/IL-5 receptor common beta-chain;beta c;colony stimulating factor 2 receptor, beta 1, low-affinity (granulocyte-macrophage);common beta chain;cytokine receptor common subunit beta;",IL3RB_HUMAN,Cytokine receptor common subunit beta,CDw131;GM-CSF/IL-3/IL-5 receptor common beta subunit;,IL3RB_MOUSE,Cytokine receptor common subunit beta,GM-CSF/IL-3/IL-5 receptor common beta subunit;,,,,,,PR:000001339,cytokine receptor common beta chain,GM-CSF/IL-3/IL-5 receptor common beta subunit;IL3RB;CDw131;Csf2rb1;CSF2RB;Aic2b;CD131;IL5RB;Il3rb1;,http://pir.georgetown.edu/cgi-bin/pro/entry_pro?id=PR:000001339,138981,,,,,,,,,,,,,,,,,,,,,,,,,,,,,,,,,,,,,,,,,,,,,,,,,,,,,,,,,,,,,
CID_195,CD114,HGNC:2439,colony stimulating factor 3 receptor (granulocyte),1441,CSF3R,CD114;GCSFR;,CD114 antigen;G-CSF receptor;G-CSF-R;granulocyte colony-stimulating factor receptor;,MGI:1339755,colony stimulating factor 3 receptor (granulocyte),12986,Csf3r,RP23-140F18.1;Cd114;Csfgr;G-CSF-R;G-CSFR;,G-CSF receptor;granulocyte colony-stimulating factor receptor;,CSF3R_HUMAN,Granulocyte colony-stimulating factor receptor,G-CSF receptor;G-CSF-R;,CSF3R_MOUSE,Granulocyte colony-stimulating factor receptor,G-CSF receptor;G-CSF-R;,,,,,,PR:000001353,granulocyte colony-stimulating factor receptor,G-CSF receptor;Csfgr;G-CSF-R;GCSFR;CD114;CSF3R;,http://pir.georgetown.edu/cgi-bin/pro/entry_pro?id=PR:000001353,138971,,,,,,,,,,,,,,,,,,,,,,,,,,,,,,,,,,,,,,,,,,,,,,,,,,,,,,,,,,,,,
CID_196,CX3CR1,HGNC:2558,chemokine (C-X3-C motif) receptor 1,1524,CX3CR1,CCRL1;CMKBRL1;CMKDR1;GPR13;GPRV28;V28;,C-X3-C CKR-1;CMK-BRL-1;CMK-BRL1;CX3C chemokine receptor 1;G protein-coupled receptor 13;G-protein coupled receptor 13;beta chemokine receptor-like 1;chemokine (C-C) receptor-like 1;chemokine (C-X3-C) receptor 1;fractalkine receptor;,MGI:1333815,chemokine (C-X3-C motif) receptor 1,13051,Cx3cr1,,,CX3C1_HUMAN,CX3C chemokine receptor 1,C-X3-C CKR-1;CX3CR1;Beta chemokine receptor-like 1;CMK-BRL-1;CMK-BRL1;Fractalkine receptor;G-protein coupled receptor 13;V28;,CX3C1_MOUSE,CX3C chemokine receptor 1,C-X3-C CKR-1;CX3CR1;Fractalkine receptor;,,,,,,PR:000001206,CX3C chemokine receptor 1,GPR13;CMK-BRL-1;G-protein coupled receptor 13;V28;chemokine receptor CX3CR1;beta chemokine receptor-like 1;CMKBRL1;CX3CR1;CMK-BRL1;C-X3-C CKR-1;fractalkine receptor;,http://pir.georgetown.edu/cgi-bin/pro/entry_pro?id=PR:000001206,601470,,,,,,,,,,,,,,,,,,,,,,,,,,,,,,,,,,,,,,,,,,,,,,,,,,,,,,,,,,,,,
CID_197,EpoR,HGNC:3416,erythropoietin receptor ,2057,EPOR,EPO-R;,Chromosome: 19;Location: 19p13.3-p13.2;,MGI:95408,erythropoietin receptor,13857,Epor,,,EPOR_HUMAN,Erythropoietin receptor,EPO-R;,EPOR_MOUSE,Erythropoietin receptor,EPO-R;,,,,,,PR:000007142,erythropoietin receptor,EPO-R;EPOR;,http://pir.georgetown.edu/cgi-bin/pro/entry_pro?id=PR:000007142,133171,,,,,,,,,,,,,,,,,,,,,,,,,,,,,,,,,,,,,,,,,,,,,,,,,,,,,,,,,,,,,
CID_198,Flt-3,HGNC:3765,fms-related tyrosine kinase 3 ,2322,FLT3,RP11-153M24.3;CD135;FLK-2;FLK2;STK1;,CD135 antigen;FL cytokine receptor;STK-1;fetal liver kinase 2;fms-like tyrosine kinase 3;growth factor receptor tyrosine kinase type III;receptor-type tyrosine-protein kinase FLT3;stem cell tyrosine kinase 1;,MGI:95559,FMS-like tyrosine kinase 3,14255,Flt3,B230315G04;CD135;Flk-2;Flk2;Flt-3;Ly72;wmfl;,FL cytokine receptor;fetal liver kinase 2;receptor-type tyrosine-protein kinase FLT3;tyrosine-protein kinase FLT3;tyrosine-protein kinase receptor flk-2;,FLT3_HUMAN,Receptor-type tyrosine-protein kinase FLT3,FL cytokine receptor;Fetal liver kinase-2;FLK-2;Fms-like tyrosine kinase 3;FLT-3;Stem cell tyrosine kinase 1;STK-1;,FLT3_MOUSE,Receptor-type tyrosine-protein kinase FLT3,FL cytokine receptor;Fetal liver kinase 2;FLK-2;Fms-like tyrosine kinase 3;FLT-3;Tyrosine-protein kinase receptor flk-2;,,,,,,PR:000002001,receptor-type tyrosine-protein kinase FLT3,CD135;FLK-2;FLT-3;FLT3;Fms-like tyrosine kinase 3;STK-1;STK1;fetal liver kinase 2;stem cell tyrosine kinase 1;tyrosine-protein kinase FLT3;tyrosine-protein kinase receptor FLT3;tyrosine-protein kinase receptor flk-2;,http://pir.georgetown.edu/cgi-bin/pro/entry_pro?id=PR:000002001,136351,,,,,,,,,,,,,,,,,,,,,,,,,,,,,,,,,,,,,,,,,,,,,,,,,,,,,,,,,,,,,
CID_199,CCR10,HGNC:4474,chemokine (C-C motif) receptor 10,2826,CCR10,GPR2;,C-C CKR-10;C-C chemokine receptor type 10;CC chemokine receptor 10;CC-CKR-10;CCR-10;G protein-coupled receptor 2;G-protein coupled receptor 2;,MGI:1096320,chemokine (C-C motif) receptor 10,12777,Ccr10,RP23-281C18.3;Cmkbr9;Gpr2;,C-C CKR-10;C-C chemokine receptor type 10;CC-CKR-10;CCR-10;G protein-coupled receptor 2;G-protein coupled receptor 2;chemokine C-C receptor 9;,CCR10_HUMAN,C-C chemokine receptor type 10,C-C CKR-10;CC-CKR-10;CCR-10;G-protein coupled receptor 2;,CCR10_MOUSE,C-C chemokine receptor type 10,C-C CKR-10;CC-CKR-10;CCR-10;Chemokine C-C receptor 9;G-protein coupled receptor 2;,,,,,,PR:000001198,C-C chemokine receptor type 10,chemokine receptor CCR10;chemokine C-C receptor 9;C-C CKR-10;Cmkbr9;CC-CKR-10;CCR-10;GPR2;G-protein coupled receptor 2;CCR10;,http://pir.georgetown.edu/cgi-bin/pro/entry_pro?id=PR:000001198,600240,,,,,,,,,,,,,,,,,,,,,,,,,,,,,,,,,,,,,,,,,,,,,,,,,,,,,,,,,,,,,
CID_2,B-Cell Stimulating Factor 3,HGNC:17412,cardiotrophin-like cytokine factor 1,23529,CLCF1,CLC;NR6;BSF3;NNT1;BSF-3;CISS2;NNT-1;,,MGI:1930088,cardiotrophin-like cytokine factor 1,56708,Clcf1 ,CLC;Bsf3;,Bcellstimulating factor 3;NNT1;BSF3;b cellstimulating factor 3;cardiotrophinlike cytokine factor 1;Bcell stimulating factor 3;neurotrophin1/Bcell stimulating factor3;NNT1/BSF3;novel neurotrophin1;,CLCF1_HUMAN,Cardiotrophin-like cytokine factor 1,B-cell-stimulating factor 3;BSF-3;Novel neurotrophin-1;NNT-1;,CLCF1_MOUSE,Cardiotrophin-like cytokine factor 1,B-cell-stimulating factor 3;BSF-3;Novel neurotrophin-1;NNT-1;,,,,315,B_Cell_Stimulating_Factor_3;b-cell-stimulating factor 3;uii;urotensin-2;bsf3;u-ii;uts2;uts-2;ciss2;clc;urotensin 2;clcf-1;nr6;novel neurotrophin-1;pro1068;nnt1;clcf1;nnt-1;cardiotrophin-like cytokine factor 1;bsf-3;,PR:000005527,cardiotrophin-like cytokine factor 1,CLCF1;novel neurotrophin-1;BSF-3;NNT1;CLC;BSF3;B-cell-stimulating factor 3;NNT-1;,http://pir.georgetown.edu/cgi-bin/pro/entry_pro?id=PR:000005527,607672,,,,,,,,,,,,,,,,,,,,,,,,,,,,,,,,,,,,,,,,,,,,,,,,,,,,,,,,,,,,,
CID_20,Chemokine CCL2,HGNC:10618,chemokine (C-C motif) ligand 2,6347,CCL2 ,HC11;MCAF;MCP1;MCP-1;SCYA2;GDCF-2;SMC-CF;HSMCR30;,"small inducible cytokine A2 (monocyte chemotactic protein 1, homologous to mouse Sigje);smallinducible cytokine A2;monocyte secretory protein JE;monocyte chemoattractant protein 1;small inducible cytokine subfamily A (CysCys), member 2;monocyte chemotactic and activating factor;CC motif chemokine 2;monocyte chemotactic protein 1;monocyte chemoattractant protein1;",MGI:98259,chemokine (C-C motif) ligand 2,20296,Ccl2 ,JE;HC11;MCAF;MCP1;MCP-1;Scya2;Sigje;SMC-CF;AI323594;,small inducible cytokine A2;plateletderived growth factorinducible protein JE;smallinducible cytokine A2;monocyte chemoattractant protein 1;CC motif chemokine 2;monocyte chemotactic protein 1;monocyte chemoattractant protein1;,CCL2_HUMAN,C-C motif chemokine 2,HC11;Monocyte chemoattractant protein 1;Monocyte chemotactic and activating factor;MCAF;Monocyte chemotactic protein 1;MCP-1;Monocyte secretory protein JE;Small-inducible cytokine A2;,CCL2_MOUSE,C-C motif chemokine 2,Monocyte chemoattractant protein 1;Monocyte chemotactic protein 1;MCP-1;Platelet-derived growth factor-inducible protein JE;Small-inducible cytokine A2;,D018932,Chemokine CCL2,C-C motif chemokine 2;CCL2;Chemokine CCL2;,231,ccl-2;mgc9434;c-c motif chemokine 2;mcaf;hc11;mcp-1;smccf;gdcf-2;tsg-8;scya2;ldcf;monocyte chemotactic protein 1;monocyte chemotactic and activating factor;tdcf;small-inducible cytokine A2;hsmcr30;mcp1;monocyte secretory protein JE;platelet-derived growth factor-inducible protein JE;monocyte chemoattractant protein 1;gdcf2;chemokine (c-c motif) ligand 2;smc-cf;tsg8;ccl2;,PR:000002122,C-C motif chemokine 2,CCL2;MCP1;small-inducible cytokine A2;Je;monocyte secretory protein JE;platelet-derived growth factor-inducible protein JE;monocyte chemotactic and activating factor;monocyte chemotactic protein 1;MCAF;SCYA2;HC11;monocyte chemoattractant protein 1;MCP-1;,http://pir.georgetown.edu/cgi-bin/pro/entry_pro?id=PR:000002122,158105,,,,,,,,,,,,,,,,,,,,,,,,,,,,,,,,,,,,,,,,,,,,,,,,,,,,,,,,,,,,,
CID_200,XCR1,HGNC:1625,chemokine (C motif) receptor 1 ,2829,XCR1,CCXCR1;GPR5;,G protein-coupled receptor 5;G-protein coupled receptor 5;XC chemokine receptor 1;chemokine (C motif) XC receptor 1;chemokine XC receptor 1;lymphotactin receptor,MGI:1346338,chemokine (C motif) receptor 1,23832,Xcr1,Ccxcr1;Gpr5;mXcr1;,C motif-1/lymphotactin receptor;SCM1 receptor;XC chemokine receptor 1;chemokine (C motif) XC receptor 1;chemokine XC receptor 1;lymphotactin receptor,XCR1_HUMAN,Chemokine XC receptor 1,G-protein coupled receptor 5;Lymphotactin receptor;XC chemokine receptor 1;,,,,,,,,,PR:000001212,chemokine XC receptor 1,GPR5;XC chemokine receptor 1;SCM1 receptor;lymphotactin receptor;XCR1;G-protein coupled receptor 5;mXCR1;CCXCR1;chemokine receptor XCR1;,http://pir.georgetown.edu/cgi-bin/pro/entry_pro?id=PR:000001212,600552,,,,,,,,,,,,,,,,,,,,,,,,,,,,,,,,,,,,,,,,,,,,,,,,,,,,,,,,,,,,,
CID_201,CXCR3,HGNC:4540,chemokine (C-X-C motif) receptor 3,2833,CXCR3,CD182;CD183;CKR-L2;CMKAR3;GPR9;IP10-R;Mig-R;MigR;,,MGI:1277207,chemokine (C-X-C motif) receptor 3,12766,Cxcr3,RP23-49C8.4;Cd183;Cmkar3;,,CXCR3_HUMAN,C-X-C chemokine receptor type 3,CXC-R3;CXCR-3;CKR-L2;G protein-coupled receptor 9;Interferon-inducible protein 10 receptor;IP-10 receptor;,CXCR3_MOUSE,C-X-C chemokine receptor type 3,CXC-R3;CXCR-3;Interferon-inducible protein 10 receptor;IP-10 receptor;,,,,,,PR:000001207,C-X-C chemokine receptor type 3,CXC-R3;CXCR3;G-protein coupled receptor 9;CKR-L2;Cmkar3;interferon-inducible protein 10 receptor;chemokine receptor CXCR3;IP-10 receptor;CD183;GPR9;CXCR-3;,http://pir.georgetown.edu/cgi-bin/pro/entry_pro?id=PR:000001207,300574,,,,,,,,,,,,,,,,,,,,,,,,,,,,,,,,,,,,,,,,,,,,,,,,,,,,,,,,,,,,,
CID_202,CDw119,HGNC:5439,interferon gamma receptor 1,3459,IFNGR1,RP3-503F13.3;CD119;IFNGR;,"AVP, type 2;CD119 antigen;CDw119;IFN-gamma receptor 1;IFN-gamma-R1;antiviral protein, type 2;immune interferon receptor 1;interferon-gamma receptor alpha chain;",MGI:107655,interferon gamma receptor 1,15979,Ifngr1,CD119;IFN-gammaR;Ifgr;Ifngr;Nktar;,IFN-gamma receptor 1;IFN-gamma-R1;INF-g receptor;interferon-gamma receptor 1;,INGR1_HUMAN,Interferon gamma receptor 1,IFN-gamma receptor 1;IFN-gamma-R1;CDw119;,INGR1_MOUSE,Interferon gamma receptor 1,IFN-gamma receptor 1;IFN-gamma-R1;,,,,,,PR:000001361,interferon gamma receptor alpha chain,CD119;IFN-gamma-R1;IFN-gamma receptor 1;IFNGR1;Ifngr;CDw119;,http://pir.georgetown.edu/cgi-bin/pro/entry_pro?id=PR:000001361,107470,,,,,,,,,,,,,,,,,,,,,,,,,,,,,,,,,,,,,,,,,,,,,,,,,,,,,,,,,,,,,
CID_203,CD121a,HGNC:5993,"interleukin 1 receptor, type I",3554,IL1R1,CD121A;D2S1473;IL-1R-alpha;IL1R;IL1RA;P80;,"CD121 antigen-like family member A;IL-1R-1;IL-1RT-1;IL-1RT1;interleukin 1 receptor alpha, type I;interleukin-1 receptor alpha;interleukin-1 receptor type 1;interleukin-1 receptor type I;",MGI:96545,"interleukin 1 receptor, type I",16177,Il1r1,CD121a;CD121b;IL-iR;Il1r-1;,CD121 antigen-like family member A;IL-1 receptor alpha chain;IL-1R-1;IL-1R-alpha;IL-1RT-1;IL-1RT1;interleukin-1 receptor alpha;interleukin-1 receptor type 1;interleukin-1 receptor type I;p80;,IL1R1_HUMAN,"Interleukin-1 receptor type 1, soluble form",IL-1R-1;IL-1RT-1;IL-1RT1;CD121 antigen-like family member A;Interleukin-1 receptor alpha;IL-1R-alpha;Interleukin-1 receptor type I;p80;mIL-1R1;mIL-1RI;sIL-1R1;sIL-1RI;,IL1R1_MOUSE,"Interleukin-1 receptor type 1, soluble form",IL-1R-1;IL-1RT-1;IL-1RT1;CD121 antigen-like family member A;Interleukin-1 receptor alpha;IL-1R-alpha;Interleukin-1 receptor type I;p80;mIL-1R1;mIL-1RI;sIL-1R1;sIL-1RI;,,,,,,PR:000001363,interleukin-1 receptor type I,IL-1R-1;interleukin-1 receptor alpha;Il-1r1;IL1R;CD121a;CD121 antigen-like family member A;IL-1R-alpha;IL-1RT-1;IL-1RT1;IL1RT1;p80;IL1RA;IL1R1;,http://pir.georgetown.edu/cgi-bin/pro/entry_pro?id=PR:000001363,147810,,,,,,,,,,,,,,,,,,,,,,,,,,,,,,,,,,,,,,,,,,,,,,,,,,,,,,,,,,,,,
CID_204,CD25,HGNC:6008,"interleukin 2 receptor, alpha ",3559,IL2RA,RP11-536K7.1;CD25;IDDM10;IL2R;TCGFR;,IL-2 receptor subunit alpha;IL-2-RA;IL-2R subunit alpha;IL2-RA;TAC antigen;insulin-dependent diabetes mellitus 10;interleukin-2 receptor subunit alpha;p55;,MGI:96549,"interleukin 2 receptor, alpha chain",16184,Il2ra,CD25;Il2r;Ly-43;,IL-2 receptor subunit alpha;IL-2-RA;IL-2R alpha chain;IL-2R subunit alpha;IL2-RA;interleukin-2 receptor subunit alpha;p55 chain;,IL2RA_HUMAN,Interleukin-2 receptor subunit alpha,IL-2 receptor subunit alpha;IL-2-RA;IL-2R subunit alpha;IL2-RA;TAC antigen;p55;,IL2RA_MOUSE,Interleukin-2 receptor subunit alpha,IL-2 receptor subunit alpha;IL-2-RA;IL-2R subunit alpha;IL2-RA;p55;,,,,,,PR:000001380,interleukin-2 receptor subunit alpha,TAC antigen;CD25;Il2r;IL2-RA;IL2RA;IL-2-RA;IL-2R subunit alpha;IL-2 receptor subunit alpha;p55;,http://pir.georgetown.edu/cgi-bin/pro/entry_pro?id=PR:000001380,147730,,,,,,,,,,,,,,,,,,,,,,,,,,,,,,,,,,,,,,,,,,,,,,,,,,,,,,,,,,,,,
CID_205,CD122,HGNC:6009,"interleukin 2 receptor, beta",3560,IL2RB,RP5-1170K4.6;CD122;IL15RB;P70-75;,"CD122 antigen;IL-2 receptor subunit beta;IL-2R subunit beta;IL-2RB;high affinity IL-2 receptor beta subunit;high affinity IL-2 receptor subunit beta;interleukin 15 receptor, beta;interleukin-2 receptor subunit beta;p75;",MGI:96550,"interleukin 2 receptor, beta chain",16185,Il2rb,CD122;IL-15Rbeta;IL15Rbeta;Il-2/15Rbeta;Il-2Rbeta;p70;,IL-15 receptor beta chain;IL-2 receptor beta chain;IL-2 receptor subunit beta;IL-2/15 receptor-beta;IL-2R subunit beta;IL-2RB;high affinity IL-2 receptor subunit beta;interleukin-2 receptor subunit beta;p70-75;,IL2RB_HUMAN,Interleukin-2 receptor subunit beta,IL-2 receptor subunit beta;IL-2R subunit beta;IL-2RB;High affinity IL-2 receptor subunit beta;p70-75;p75;,IL2RB_MOUSE,Interleukin-2 receptor subunit beta,IL-2 receptor subunit beta;IL-2R subunit beta;IL-2RB;High affinity IL-2 receptor subunit beta;p70-75;,,,,,,PR:000001381,interleukin-2 receptor subunit beta,p70-75;IL-2 receptor subunit beta;IL-2RB;high affinity IL-2 receptor subunit beta;IL2RB;p75;IL-2R subunit beta;CD122;,http://pir.georgetown.edu/cgi-bin/pro/entry_pro?id=PR:000001381,146710,,,,,,,,,,,,,,,,,,,,,,,,,,,,,,,,,,,,,,,,,,,,,,,,,,,,,,,,,,,,,
CID_206,CD132,HGNC:6010,"interleukin 2 receptor, gamma",3561,IL2RG,CD132;CIDX;IL-2RG;IMD4;P64;SCIDX;SCIDX1;,CD132 antigen;IL-2 receptor subunit gamma;IL-2R subunit gamma;common cytokine receptor gamma chain;cytokine receptor common subunit gamma;gammaC;,MGI:96551,"interleukin 2 receptor, gamma chain",16186,Il2rg,RP23-440J15.2;CD132;[g]c;gamma(c);gc;,IL-2 receptor subunit gamma;IL-2R subunit gamma;IL-2RG;common cytokine receptor gamma chain variant b;common gamma chain;cytokine receptor common subunit gamma;gamma C receptor;gammaC;interleukin-2 receptor subunit gamma;p64;,IL2RG_HUMAN,Cytokine receptor common subunit gamma,Interleukin-2 receptor subunit gamma;IL-2 receptor subunit gamma;IL-2R subunit gamma;IL-2RG;gammaC;p64;,IL2RG_MOUSE,Cytokine receptor common subunit gamma,Interleukin-2 receptor subunit gamma;IL-2 receptor subunit gamma;IL-2R subunit gamma;IL-2RG;gammaC;p64;,,,,,,PR:000001340,cytokine receptor common subunit gamma,CD132;IL-2 receptor subunit gamma;IL-2R subunit gamma;IL-2RG;IL2RG;cytokine receptor common gamma chain;interleukin-2 receptor subunit gamma;p64;,http://pir.georgetown.edu/cgi-bin/pro/entry_pro?id=PR:000001340,308380,,,,,,,,,,,,,,,,,,,,,,,,,,,,,,,,,,,,,,,,,,,,,,,,,,,,,,,,,,,,,
CID_207,CD123,HGNC:6012,"interleukin 3 receptor, alpha (low affinity)",3563,IL3RA,RP11-261P4.2;CD123;IL3RY;IL3RX;IL3RY;hIL-3Ra;IL3RA;,,MGI:96553,"interleukin 3 receptor, alpha chain",16188,Il3ra,CD123;CDw123;SUT-1;,,IL3RA_HUMAN,Interleukin-3 receptor subunit alpha,IL-3 receptor subunit alpha;IL-3R subunit alpha;IL-3R-alpha;IL-3RA;,IL3RA_MOUSE,Interleukin-3 receptor subunit alpha,IL-3 receptor subunit alpha;IL-3R subunit alpha;IL-3R-alpha;IL-3RA;Interleukin-3 receptor class II alpha chain;,,,,,,PR:000001865,interleukin-3 receptor class 2 alpha chain,IL-3R-alpha;IL3RA;IL-3RA;IL3R;IL-3 receptor subunit alpha;Sut-1;interleukin-3 receptor class II alpha chain;IL-3R subunit alpha;CD123;,http://pir.georgetown.edu/cgi-bin/pro/entry_pro?id=PR:000001865,,,,,,,,,,,,,,,,,,,,,,,,,,,,,,,,,,,,,,,,,,,,,,,,,,,,,,,,,,,,,,
CID_208,CD124,HGNC:6015,interleukin 4 receptor,3566,IL4R,582J2.1;CD124;IL-4RAA;IL4R;,IL-4 receptor subunit alpha;IL4R nirs variant 1;interleukin-4 receptor alpha chain;interleukin-4 receptor subunit alpha;,MGI:105367,"interleukin 4 receptor, alpha",16190,Il4ra,CD124;Il4r;,IL-4 receptor alpha chain;IL-4 receptor subunit alpha;IL-4R subunit alpha;IL-4R-alpha;IL-4RA;interleukin-4 receptor subunit alpha;,IL4RA_HUMAN,Soluble interleukin-4 receptor subunit alpha,IL-4 receptor subunit alpha;IL-4R subunit alpha;IL-4R-alpha;IL-4RA;Soluble IL-4 receptor subunit alpha;Soluble IL-4R-alpha;sIL4Ralpha/prot;IL-4-binding protein;IL4-BP;,IL4RA_MOUSE,Soluble interleukin-4 receptor subunit alpha,IL-4 receptor subunit alpha;IL-4R subunit alpha;IL-4R-alpha;IL-4RA;Soluble IL-4 receptor subunit alpha;Soluble IL-4R-alpha;sIL4Ralpha/prot;IL-4-binding protein;IL4-BP;,,,,,,PR:000001866,interleukin-4 receptor subunit alpha,IL4R;IL-4R subunit alpha;IL-4RA;IL-4 receptor subunit alpha;IL4RA;CD124;IL-4R-alpha;,http://pir.georgetown.edu/cgi-bin/pro/entry_pro?id=PR:000001866,147781,,,,,,,,,,,,,,,,,,,,,,,,,,,,,,,,,,,,,,,,,,,,,,,,,,,,,,,,,,,,,
CID_209,CDw125,HGNC:6017,"interleukin 5 receptor, alpha",3568,IL5RA,CD125;CDw125;HSIL5R3;IL5R;,CD125 antigen;IL-5 receptor subunit alpha;IL-5R subunit alpha;interleukin 5 receptor type 3;interleukin-5 receptor alpha chain;interleukin-5 receptor subunit alpha;,MGI:96558,"interleukin 5 receptor, alpha",16192,Il5ra,CD125;CDw125;Il5r;,IL-5 receptor alpha chain;IL-5 receptor subunit alpha;IL-5R subunit alpha;IL-5R-alpha;IL-5RA;interleukin-5 receptor subunit alpha;,IL5RA_HUMAN,Interleukin-5 receptor subunit alpha,IL-5 receptor subunit alpha;IL-5R subunit alpha;IL-5R-alpha;IL-5RA;CDw125;,IL5RA_MOUSE,Interleukin-5 receptor subunit alpha,IL-5 receptor subunit alpha;IL-5R subunit alpha;IL-5R-alpha;IL-5RA;,,,,,,PR:000001867,interleukin-5 receptor subunit alpha,IL-5R subunit alpha;IL-5RA;CDw125;IL5RA;CD125;IL5R;IL-5 receptor subunit alpha;IL-5R-alpha;,http://pir.georgetown.edu/cgi-bin/pro/entry_pro?id=PR:000001867,147851,,,,,,,,,,,,,,,,,,,,,,,,,,,,,,,,,,,,,,,,,,,,,,,,,,,,,,,,,,,,,
CID_21,Chemokine CCL20,HGNC:10619,chemokine (C-C motif) ligand 20,6364,CCL20 ,CKb4;LARC;ST38;MIP3A;MIP-3a;SCYA20;MIP-3-alpha;,"CC motif chemokine 20;small inducible cytokine subfamily A (CysCys), member 20;liver and activationregulated chemokine;macrophage inflammatory protein 3 alpha;smallinducible cytokine A20;beta chemokine exodus1;CC chemokine LARC;",MGI:1329031,chemokine (C-C motif) ligand 20,20297,Ccl20 ,CKb4;LARC;ST38;MIP3A;MIP-3A;Scya20;MIP-3[a];exodus-1;,betachemokine exodus1;MIP3alpha;CC motif chemokine 20;liver and activationregulated chemokine;small inducible cytokine subfamily A20;CC chemokine ST38;macrophage inflammatory protein 3 alpha;smallinducible cytokine A20;beta chemokine exodus1;CC chemokine LARC;,CCL20_HUMAN,CCL20(2-70),Beta-chemokine exodus-1;CC chemokine LARC;Liver and activation-regulated chemokine;Macrophage inflammatory protein 3 alpha;MIP-3-alpha;Small-inducible cytokine A20;,CCL20_MOUSE,C-C motif chemokine 20,Beta-chemokine exodus-1;CC chemokine LARC;CC chemokine ST38;Liver and activation-regulated chemokine;Macrophage inflammatory protein 3 alpha;MIP-3-alpha;Small-inducible cytokine A20;,D054418,Chemokine CCL20,Chemokine CCL20;CCL20;,,,PR:000001992,C-C motif chemokine 20,SCYA20;CCL20;liver and activation-regulated chemokine;small-inducible cytokine A20;beta chemokine exodus-1;MIP3A;CC chemokine ST38;CC chemokine LARC;LARC;macrophage inflammatory protein 3 alpha;MIP-3-alpha;,http://pir.georgetown.edu/cgi-bin/pro/entry_pro?id=PR:000001992,601960,,,,,,,,,,,,,,,,,,,,,,,,,,,,,,,,,,,,,,,,,,,,,,,,,,,,,,,,,,,,,
CID_210,CD126,HGNC:6019,interleukin 6 receptor,3570,IL6R,CD126;IL-6R-1;IL-6RA;IL6QA;IL6RQ;gp80;IL6R;,CD126 antigen;IL-6 receptor subunit alpha;IL-6R 1;interleukin-6 receptor subunit alpha;membrane glycoprotein 80;,MGI:105304,"interleukin 6 receptor, alpha",16194,Il6ra,CD126;IL-6R;Il6r;,IL-6 receptor alpha chain;IL-6 receptor subunit alpha;IL-6R 1;IL-6R subunit alpha;IL-6R-alpha;IL-6RA;interleukin-6 receptor subunit alpha;,IL6RA_HUMAN,Interleukin-6 receptor subunit alpha,IL-6 receptor subunit alpha;IL-6R subunit alpha;IL-6R-alpha;IL-6RA;IL-6R 1;Membrane glycoprotein 80;gp80;,IL6RA_MOUSE,Interleukin-6 receptor subunit alpha,IL-6 receptor subunit alpha;IL-6R subunit alpha;IL-6R-alpha;IL-6RA;IL-6R 1;,,,,,,PR:000001394,interleukin-6 receptor subunit alpha,IL-6R subunit alpha;IL-6RA;IL-6R 1;IL-6R-alpha;membrane glycoprotein 80;IL6RA;IL6R;Il6ra;IL-6 receptor subunit alpha;CD126;gp80;,http://pir.georgetown.edu/cgi-bin/pro/entry_pro?id=PR:000001394,147880,,,,,,,,,,,,,,,,,,,,,,,,,,,,,,,,,,,,,,,,,,,,,,,,,,,,,,,,,,,,,
CID_211,CD130,HGNC:6021,interleukin 6 signal transducer,3572,IL6ST,CD130;CDW130;GP130;IL-6RB;,"CD130 antigen;IL-6 receptor subunit beta;IL-6R subunit beta;gp130 of the rheumatoid arthritis antigenic peptide-bearing soluble form;gp130, oncostatin M receptor;interleukin receptor beta chain;interleukin-6 receptor subunit beta;membrane glycoprotein 130;membrane glycoprotein gp130;oncostatin-M receptor subunit alpha;",MGI:96560,interleukin 6 signal transducer,16195,Il6st,5133400A03Rik;AA389424;BB405851;CD130;D13Ertd699e;gp130;,IL-6 receptor subunit beta;IL-6R subunit beta;IL-6R-beta;IL-6RB;interleukin-6 receptor subunit beta;interleukin-6 signal transducer;membrane glycoprotein 130;oncostatin-M receptor subunit alpha;,IL6RB_HUMAN,Interleukin-6 receptor subunit beta,IL-6 receptor subunit beta;IL-6R subunit beta;IL-6R-beta;IL-6RB;CDw130;Interleukin-6 signal transducer;Membrane glycoprotein 130;gp130;Oncostatin-M receptor subunit alpha;,IL6RB_MOUSE,Interleukin-6 receptor subunit beta,IL-6 receptor subunit beta;IL-6R subunit beta;IL-6R-beta;IL-6RB;Interleukin-6 signal transducer;Membrane glycoprotein 130;gp130;Oncostatin-M receptor subunit alpha;,,,,,,PR:000001868,interleukin-6 receptor subunit beta,IL6ST;IL-6R subunit beta;oncostatin-M receptor subunit alpha;membrane glycoprotein 130;gp130;CD130;CDw130;IL-6R-beta;IL-6 receptor subunit beta;IL-6RB;interleukin-6 signal transducer;,http://pir.georgetown.edu/cgi-bin/pro/entry_pro?id=PR:000001868,600694,,,,,,,,,,,,,,,,,,,,,,,,,,,,,,,,,,,,,,,,,,,,,,,,,,,,,,,,,,,,,
CID_212,CD127,HGNC:6024,interleukin 7 receptor,3575,IL7R,CD127;CDW127;IL-7R-alphaA;ILRA;IL7R;,CD127 antigen;IL-7 receptor subunit alpha;IL-7R subunit alpha;IL-7RA;interleukin 7 receptor alpha chain;interleukin 7 receptor isoform H5-6;interleukin-7 receptor subunit alpha;,MGI:96562,interleukin 7 receptor,16197,Il7r,CD127;IL-7Ralpha;,IL-7 receptor alpha chain;IL-7 receptor subunit alpha;IL-7R subunit alpha;IL-7R-alpha;IL-7RA;interleukin 7 receptor alpha chain;interleukin-7 receptor subunit alpha;,IL7RA_HUMAN,Interleukin-7 receptor subunit alpha,IL-7 receptor subunit alpha;IL-7R subunit alpha;IL-7R-alpha;IL-7RA;CDw127;,IL7RA_MOUSE,Interleukin-7 receptor subunit alpha,IL-7 receptor subunit alpha;IL-7R subunit alpha;IL-7R-alpha;IL-7RA;,,,,,,PR:000001869,interleukin-7 receptor subunit alpha,IL-7 receptor subunit alpha;IL7R;CD127;IL-7R-alpha;IL-7RA;IL-7R subunit alpha;CDw127;,http://pir.georgetown.edu/cgi-bin/pro/entry_pro?id=PR:000001869,146661,,,,,,,,,,,,,,,,,,,,,,,,,,,,,,,,,,,,,,,,,,,,,,,,,,,,,,,,,,,,,
CID_213,CXCR1,HGNC:6026,chemokine (C-X-C motif) receptor 1,3577,CXCR1,C-C;C-C-CKR-1;CD128;CD181;CDw128a;CKR-1;CMKAR1;IL8R1;IL8RA;IL8RBA;,"C-X-C chemokine receptor type 1;CXC-R1;CXCR-1;IL-8 receptor type 1;IL-8R A;high affinity interleukin-8 receptor A;interleukin 8 receptor, alpha;interleukin-8 receptor type 1;interleukin-8 receptor type A;",MGI:2448715,chemokine (C-X-C motif) receptor 1,227288,Cxcr1,Il8ra;,"C-X-C chemokine receptor type 1;CXC chemokine receptor 1;CXC-R1;CXCR-1;IL-8R A;high affinity interleukin-8 receptor A;interleukin 8 receptor, alpha;",CXCR1_HUMAN,C-X-C chemokine receptor type 1,CXC-R1;CXCR-1;CDw128a;High affinity interleukin-8 receptor A;IL-8R A;IL-8 receptor type 1;,CXCR1_MOUSE,C-X-C chemokine receptor type 1,CXC-R1;CXCR-1;High affinity interleukin-8 receptor A;IL-8R A;,,,,,,PR:000001256,high affinity interleukin-8 receptor A,CMKAR1;IL8RA;CXCR-1;IL-8R A;IL-8 receptor type 1;CXC-R1;CDw128a;CXCR1;CD181;,http://pir.georgetown.edu/cgi-bin/pro/entry_pro?id=PR:000001256,146929,,,,,,,,,,,,,,,,,,,,,,,,,,,,,,,,,,,,,,,,,,,,,,,,,,,,,,,,,,,,,
CID_214,CXCR2,HGNC:6027,chemokine (C-X-C motif) receptor 2,3579,CXCR2,CD182;CDw128b;CMKAR2;IL8R2;IL8RA;IL8RB;,"C-X-C chemokine receptor type 2;CXC-R2;CXCR-2;CXCR2 gene for IL8 receptor type B;GRO/MGSA receptor;IL-8 receptor type 2;IL-8R B;chemokine (CXC) receptor 2;high affinity interleukin-8 receptor B;interleukin 8 receptor B;interleukin 8 receptor type 2;interleukin 8 receptor, beta;interleukin-8 receptor type B;",MGI:105303,chemokine (C-X-C motif) receptor 2,12765,Cxcr2,CD128;CDw128;Cmkar2;Gpcr16;IL-8Rh;IL-8rb;IL8RA;Il8rb;mIL-8RH;,"C-X-C chemokine receptor type 2;CXC-R2;CXCR-2;GRO/MGSA receptor;IL-8 receptor alpha chain;IL-8R B;chemokine (C-X-C) receptor 2;high affinity interleukin-8 receptor B;interleukin 8 receptor, beta;interleukin-8 receptor type B;",CXCR2_HUMAN,C-X-C chemokine receptor type 2,CXC-R2;CXCR-2;CDw128b;GRO/MGSA receptor;High affinity interleukin-8 receptor B;IL-8R B;IL-8 receptor type 2;,CXCR2_MOUSE,C-X-C chemokine receptor type 2,CXC-R2;CXCR-2;GRO/MGSA receptor;High affinity interleukin-8 receptor B;IL-8R B;,,,,,,PR:000001257,high affinity interleukin-8 receptor B,IL-8R B;IL-8 receptor type 2;Gpcr16;CD182;IL8RB;Cmkar2;CXCR-2;GRO/MGSA receptor;CXCR2;CXC-R2;CDw128b;,http://pir.georgetown.edu/cgi-bin/pro/entry_pro?id=PR:000001257,146928,,,,,,,,,,,,,,,,,,,,,,,,,,,,,,,,,,,,,,,,,,,,,,,,,,,,,,,,,,,,,
CID_215,IL-9R,HGNC:6030,interleukin 9 receptor,3581,IL9R,CD129;IL-9R;,IL-9 receptor;interleukin-9 receptor;,MGI:96564,interleukin 9 receptor,16199,Il9r,RP23-177M10.1;,IL-9 receptor;IL-9R;interleukin-9 receptor;,IL9R_HUMAN,Interleukin-9 receptor,IL-9 receptor;IL-9R;,IL9R_MOUSE,Interleukin-9 receptor,IL-9 receptor;IL-9R;,,,,,,PR:000001397,interleukin-9 receptor,IL-9 receptor;IL9R;CD129;IL-9R;,http://pir.georgetown.edu/cgi-bin/pro/entry_pro?id=PR:000001397,300007,,,,,,,,,,,,,,,,,,,,,,,,,,,,,,,,,,,,,,,,,,,,,,,,,,,,,,,,,,,,,
CID_216,IL10RA,HGNC:5964,"interleukin 10 receptor, alpha",3587,IL10RA,CD210;CD210a;CDW210A;HIL-10R;IL-10R1;IL10R;,IL-10 receptor subunit alpha;IL-10R subunit 1;IL-10R subunit alpha;IL-10RA;interleukin-10 receptor alpha chain;interleukin-10 receptor subunit 1;interleukin-10 receptor subunit alpha;,MGI:96538,"interleukin 10 receptor, alpha",16154,Il10ra,AW553859;CDw210;CDw210a;Il10r;mIL-10R;,IL-10 receptor subunit alpha;IL-10R subunit 1;IL-10R subunit alpha;IL-10R1;IL-10RA;interleukin-10 receptor subunit 1;interleukin-10 receptor subunit alpha;,I10R1_HUMAN,Interleukin-10 receptor subunit alpha,IL-10 receptor subunit alpha;IL-10R subunit alpha;IL-10RA;CDw210a;Interleukin-10 receptor subunit 1;IL-10R subunit 1;IL-10R1;,I10R1_MOUSE,Interleukin-10 receptor subunit alpha,IL-10 receptor subunit alpha;IL-10R subunit alpha;IL-10RA;CDw210a;Interleukin-10 receptor subunit 1;IL-10R subunit 1;IL-10R1;,,,,,,PR:000001365,interleukin-10 receptor alpha chain,IL-10RA;interleukin-10 receptor subunit 1;IL-10R1;IL-10 receptor subunit alpha;IL-10R subunit alpha;IL10R;CDw210a;IL10RA;IL-10R subunit 1;,http://pir.georgetown.edu/cgi-bin/pro/entry_pro?id=PR:000001365,146933,,,,,,,,,,,,,,,,,,,,,,,,,,,,,,,,,,,,,,,,,,,,,,,,,,,,,,,,,,,,,
CID_217,CD212,HGNC:5971,"interleukin 12 receptor, beta 1",3594,IL12RB1,CD212;IL-12R-BETA1;IL12RB;,IL-12 receptor beta component;IL-12 receptor subunit beta-1;IL-12R subunit beta-1;cluster of differentiation 212;interleukin-12 receptor beta-1 chain;interleukin-12 receptor subunit beta-1;,MGI:104579,"interleukin 12 receptor, beta 1",16161,Il12rb1,CD212;IL-12R[b];,IL-12 receptor beta component;IL-12 receptor subunit beta-1;IL-12R subunit beta-1;IL-12R-beta-1;Interleukin-12 receptor beta-1 chain precursor (IL-12R-beta1) (Interleukin-12 receptor beta) (IL-12 receptor beta component);interleukin-12 receptor subunit beta-1;,I12R1_HUMAN,Interleukin-12 receptor subunit beta-1,IL-12 receptor subunit beta-1;IL-12R subunit beta-1;IL-12R-beta-1;IL-12RB1;IL-12 receptor beta component;,I12R1_MOUSE,Interleukin-12 receptor subunit beta-1,IL-12 receptor subunit beta-1;IL-12R subunit beta-1;IL-12R-beta-1;IL-12 receptor beta component;,,,,,,PR:000001367,interleukin-12 receptor subunit beta-1,IL-12R-beta-1;CD212;IL-12RB1;IL-12R subunit beta-1;IL12RB;IL12RB1;IL-12 receptor beta component;IL12R;IL-12 receptor subunit beta-1;interleukin-12 receptor beta 1;,http://pir.georgetown.edu/cgi-bin/pro/entry_pro?id=PR:000001367,601604,,,,,,,,,,,,,,,,,,,,,,,,,,,,,,,,,,,,,,,,,,,,,,,,,,,,,,,,,,,,,
CID_218,CD213a1,HGNC:5974,"interleukin 13 receptor, alpha 1",3597,IL13RA1,RP13-128O4.2;CD213A1;IL-13Ra;NR4;,"CD213a1 antigen;CT19;IL-13 receptor subunit alpha-1;IL-13R subunit alpha-1;IL-13R-alpha-1;IL-13RA1;IL13 receptor alpha-1 chain;bB128O4.2.1 (interleukin 13 receptor, alpha 1);cancer/testis antigen 19;interleukin-13 receptor subunit alpha-1;",MGI:105052,"interleukin 13 receptor, alpha 1",16164,Il13ra1,RP23-132G2.1;AI882074;CD213a1;IL-13r[a];Il13ra;NR4;,IL-13 receptor subunit alpha-1;IL-13R subunit alpha-1;IL-13R-alpha-1;IL-13RA1;interleukin-13 receptor subunit alpha-1;interleukin-13-binding protein;novel cytokine receptor 4;,I13R1_HUMAN,Interleukin-13 receptor subunit alpha-1,IL-13 receptor subunit alpha-1;IL-13R subunit alpha-1;IL-13R-alpha-1;IL-13RA1;Cancer/testis antigen 19;CT19;,I13R1_MOUSE,Interleukin-13 receptor subunit alpha-1,IL-13 receptor subunit alpha-1;IL-13R subunit alpha-1;IL-13R-alpha-1;IL-13RA1;Interleukin-13-binding protein;Novel cytokine receptor 4;NR4;,,,,,,PR:000001371,interleukin-13 receptor subunit alpha-1,IL-13R-alpha-1;IL-13 receptor subunit alpha-1;cancer/testis antigen 19;novel cytokine receptor 4;IL13R;IL13RA1;interleukin-13-binding protein;interleukin-13 receptor alpha-1 chain;IL13RA;CD213a1;IL-13RA1;IL-13R subunit alpha-1;NR4;CT19;,http://pir.georgetown.edu/cgi-bin/pro/entry_pro?id=PR:000001371,300119,,,,,,,,,,,,,,,,,,,,,,,,,,,,,,,,,,,,,,,,,,,,,,,,,,,,,,,,,,,,,
CID_219,CD213a2,HGNC:5975,"interleukin 13 receptor, alpha 2",3598,IL13RA2,CD213A2;CT19;IL-13R;IL13BP;,IL-13 receptor subunit alpha-2;IL-13R subunit alpha-2;IL-13R-alpha-2;IL-13RA2;cancer/testis antigen 19;interleukin 13 binding protein;interleukin 13 receptor alpha 2 chain;interleukin-13 receptor subunit alpha-2;interleukin-13-binding protein;,MGI:1277954,"interleukin 13 receptor, alpha 2",16165,Il13ra2,CD213a2;,IL-13 receptor subunit alpha-2;IL-13R subunit alpha-2;IL-13R-alpha-2;IL-13RA2;interleukin-13 receptor subunit alpha-2;,I13R2_HUMAN,Interleukin-13 receptor subunit alpha-2,IL-13 receptor subunit alpha-2;IL-13R subunit alpha-2;IL-13R-alpha-2;IL-13RA2;Interleukin-13-binding protein;,I13R2_MOUSE,Interleukin-13 receptor subunit alpha-2,IL-13 receptor subunit alpha-2;IL-13R subunit alpha-2;IL-13R-alpha-2;IL-13RA2;,,,,,,PR:000001372,interleukin-13 receptor subunit alpha-2,IL13RA2;IL-13R-alpha-2;IL13R;IL-13R subunit alpha-2;interleukin-13-binding protein;CD213a2;interleukin-13 receptor alpha-2 chain;IL-13RA2;IL-13 receptor subunit alpha-2;,http://pir.georgetown.edu/cgi-bin/pro/entry_pro?id=PR:000001372,300130,,,,,,,,,,,,,,,,,,,,,,,,,,,,,,,,,,,,,,,,,,,,,,,,,,,,,,,,,,,,,
CID_22,Chemokine CCL21,HGNC:10620,chemokine (C-C motif) ligand 21,6366,CCL21 ,ECL;SLC;CKb9;TCA4;6Ckine;SCYA21;,"Efficient Chemoattractant for Lymphocytes;beta chemokine exodus2;small inducible cytokine subfamily A (CysCys), member 21;CC motif chemokine 21;secondary lymphoid tissue chemokine;",MGI:1349183,chemokine (C-C motif) ligand 21A (serine),18829,Ccl21a ,ALP;SLC;plt;CKb9;Tca4;6Ckine;Scya21;6CKBAC2;SCYA21a;Scya21b;AW987545;,betachemokine exodus2;CCL21Ser;thymusderived chemotactic agent 4;smallinducible cytokine A21a;beta chemokine exodus2;exodus2;small inducible cytokine A21a;CC chemokine 6Ckineser;CC motif chemokine 21a;,CCL21_HUMAN,C-C motif chemokine 21,6Ckine;Beta-chemokine exodus-2;Secondary lymphoid-tissue chemokine;SLC;Small-inducible cytokine A21;,CC21A_MOUSE,C-C motif chemokine 21a,6Ckine;Beta-chemokine exodus-2;Small-inducible cytokine A21a;Thymus-derived chemotactic agent 4;TCA4;,D054421,Chemokine CCL21,Chemokine CCL21;CCL21;,,,PR:000001993,C-C motif chemokine 21,small-inducible cytokine A21;Scya21b;TCA4;thymus-derived chemotactic agent 4;small-inducible cytokine A21c;Ccl21c;small-inducible cytokine A21b;small-inducible cytokine A21a;SCYA21;CCL21;6Ckine;SLC;beta chemokine exodus-2;Scya21c;secondary lymphoid-tissue chemokine;Ccl21b;,http://pir.georgetown.edu/cgi-bin/pro/entry_pro?id=PR:000001993,602737,,,,,,,,,,,,,,,,,,,,,,,,,,,,,,,,,,,,,,,,,,,,,,,,,,,,,,,,,,,,,
CID_220,IL-15Ra,HGNC:5978,"interleukin 15 receptor, alpha",3601,IL15RA,RP11-536K7.2;CD215;,interleukin 15 receptor alpha isoform EM2;interleukin 15 receptor alpha isoform IC2;interleukin 15 receptor alpha isoform IC3;interleukin 15 receptor alpha isoform IC4;interleukin 15 receptor alpha isoform IC5;interleukin 15 receptor alpha isoform IC6;interleukin 15 receptor alpha isoform IC7;interleukin 15 receptor alpha isoform IC8;interleukin-15 receptor subunit alpha;,MGI:104644,"interleukin 15 receptor, alpha chain",16169,Il15ra,RP23-114B13.4;AA690181;IL-15RA;,IL-15 receptor subunit alpha;IL-15R-alpha;interleukin-15 receptor subunit alpha;,I15RA_HUMAN,Soluble interleukin-15 receptor subunit alpha,IL-15 receptor subunit alpha;IL-15R-alpha;IL-15RA;sIL-15 receptor subunit alpha;sIL-15R-alpha;sIL-15RA;,I15RA_MOUSE,Soluble interleukin-15 receptor subunit alpha,IL-15 receptor subunit alpha;IL-15R-alpha;IL-15RA;sIL-15 receptor subunit alpha;sIL-15R-alpha;sIL-15RA;,,,,,,PR:000008981,interleukin-15 receptor subunit alpha,CD215;IL-15 receptor subunit alpha;IL-15R-alpha;IL-15RA;IL15RA;,http://pir.georgetown.edu/cgi-bin/pro/entry_pro?id=PR:000008981,601070,,,,,,,,,,,,,,,,,,,,,,,,,,,,,,,,,,,,,,,,,,,,,,,,,,,,,,,,,,,,,
CID_221,CDw137,HGNC:11924,"tumor necrosis factor receptor superfamily, member 9",3604,TNFRSF9,4-1BB;CD137;CDw137;ILA;,"4-1BB ligand receptor;CD137 antigen;T cell antigen ILA;T-cell antigen 4-1BB homolog;T-cell antigen ILA;homolog of mouse 4-1BB;induced by lymphocyte activation (ILA);interleukin-activated receptor, homolog of mouse Ly63;receptor protein 4-1BB;tumor necrosis factor receptor superfamily member 9;",MGI:1101059,"tumor necrosis factor receptor superfamily, member 9",21942,Tnfrsf9,RP23-272N19.6;4-1BB;A930040I11Rik;AA408498;AI325004;CDw137;Cd137;ILA;Ly63;,4-1BB ligand receptor;CD137 antigen;T-cell antigen 4-1BB;secreted CD137 antigen;tumor necrosis factor receptor superfamily member 9;,TNR9_HUMAN,Tumor necrosis factor receptor superfamily member 9,4-1BB ligand receptor;CDw137;T-cell antigen 4-1BB homolog;T-cell antigen ILA;,TNR9_MOUSE,Tumor necrosis factor receptor superfamily member 9,4-1BB ligand receptor;T-cell antigen 4-1BB;,,,,,,PR:000001965,tumor necrosis factor receptor superfamily member 9,T-cell antigen ILA;T-cell antigen 4-1BB;CD137;4-1BB ligand receptor;Ly63;T-cell antigen 4-1BB homolog;CDw137;TNFRSF9;ILA;,http://pir.georgetown.edu/cgi-bin/pro/entry_pro?id=PR:000001965,602250,,,,,,,,,,,,,,,,,,,,,,,,,,,,,,,,,,,,,,,,,,,,,,,,,,,,,,,,,,,,,
CID_222,CD117,HGNC:6342,v-kit Hardy-Zuckerman 4 feline sarcoma viral oncogene homolog,3815,KIT,C-Kit;CD117;PBT;SCFR;,mast/stem cell growth factor receptor Kit;p145 c-kit;piebald trait protein;proto-oncogene c-Kit;proto-oncogene tyrosine-protein kinase Kit;soluble KIT variant 1;tyrosine-protein kinase Kit;v-kit Hardy-Zuckerman 4 feline sarcoma viral oncogene-like protein;,MGI:96677,kit oncogene,16590,Kit,Bs;CD117;Fdc;Gsfsco1;Gsfsco5;Gsfsow3;SCO1;SCO5;SOW3;Ssm;Tr-kit;W;c-KIT;,Dominant white spotting;SCFR;Steel Factor Receptor;belly-spot;c-kit proto-oncogene protein;dominant spotting;mast/stem cell growth factor receptor Kit;proto-oncogene c-Kit;proto-oncogene tyrosine-protein kinase Kit;spotted sterile male;tyrosine-protein kinase Kit;,KIT_HUMAN,Mast/stem cell growth factor receptor Kit,SCFR;Piebald trait protein;PBT;Proto-oncogene c-Kit;Tyrosine-protein kinase Kit;p145 c-kit;v-kit Hardy-Zuckerman 4 feline sarcoma viral oncogene homolog;,KIT_MOUSE,Mast/stem cell growth factor receptor Kit,SCFR;Proto-oncogene c-Kit;Tyrosine-protein kinase Kit;,,,,,,PR:000002065,mast/stem cell growth factor receptor,tyrosine-protein kinase Kit;KIT;CD117;SCFR;Sl;proto-oncogene c-Kit;,http://pir.georgetown.edu/cgi-bin/pro/entry_pro?id=PR:000002065,164920,,,,,,,,,,,,,,,,,,,,,,,,,,,,,,,,,,,,,,,,,,,,,,,,,,,,,,,,,,,,,
CID_223,CD118,HGNC:6597,leukemia inhibitory factor receptor alpha,3977,LIFR,CD118;LIF-R;SJS2;STWS;SWS;,CD118 antigen;LIF receptor;leukemia inhibitory factor receptor;,MGI:96788,leukemia inhibitory factor receptor,16880,Lifr,A230075M04Rik;AW061234;LIF;,D-factor/LIF receptor;LIF receptor;LIF-R;leukemia inhibitory factor receptor alpha chain;soluble differentiation-stimulating factor receptor;,LIFR_HUMAN,Leukemia inhibitory factor receptor,LIF receptor;LIF-R;,LIFR_MOUSE,Leukemia inhibitory factor receptor,LIF receptor;LIF-R;D-factor/LIF receptor;,,,,,,PR:000001876,leukemia inhibitory factor receptor,CD118;D-factor/LIF receptor;LIF receptor;LIF-R;LIFR;,http://pir.georgetown.edu/cgi-bin/pro/entry_pro?id=PR:000001876,151443,,,,,,,,,,,,,,,,,,,,,,,,,,,,,,,,,,,,,,,,,,,,,,,,,,,,,,,,,,,,,
CID_224,LTbR,HGNC:6718,lymphotoxin beta receptor,4055,LTBR,CD18;D12S370;LT-BETA-R;TNF-R-III;TNFCR;TNFR-RP;TNFR2-RP;TNFR3;TNFRSF3;,lymphotoxin B receptor;tumor necrosis factor C receptor;tumor necrosis factor receptor 2-related protein;tumor necrosis factor receptor superfamily member 3;tumor necrosis factor receptor type III;,MGI:104875,lymphotoxin B receptor,17000,Ltbr,AI256028;CD18;LTbetaR;Ltar;TNF-R-III;TNFCR;TNFR-RP;TNFR2-RP;TNFRrp;Tnfbr;Tnfrsf3;,"LT beta-R;LT-beta receptor;TNF receptor-related protein;lymphotoxin-beta receptor;tumor necrosis factor receptor superfamily member 3;tumor necrosis factor receptor superfamily, member 3;",TNR3_HUMAN,Tumor necrosis factor receptor superfamily member 3,Lymphotoxin-beta receptor;Tumor necrosis factor C receptor;Tumor necrosis factor receptor 2-related protein;Tumor necrosis factor receptor type III;TNF-RIII;TNFR-III;,TNR3_MOUSE,Tumor necrosis factor receptor superfamily member 3,Lymphotoxin-beta receptor;,,,,,,PR:000009976,tumor necrosis factor receptor superfamily member 3,D12S370;LTBR;TNF-RIII;TNFCR;TNFR-III;TNFR3;TNFRSF3;lymphotoxin-beta receptor;tumor necrosis factor C receptor;tumor necrosis factor receptor 2-related protein;tumor necrosis factor receptor type III;,http://pir.georgetown.edu/cgi-bin/pro/entry_pro?id=PR:000009976,600979,,,,,,,,,,,,,,,,,,,,,,,,,,,,,,,,,,,,,,,,,,,,,,,,,,,,,,,,,,,,,
CID_225,CDw136,HGNC:7381,macrophage stimulating 1 receptor (c-met-related tyrosine kinase),4486,MST1R,CD136;CDw136;PTK8;RON;,MSP receptor;MST1R variant RON30;MST1R variant RON62;PTK8 protein tyrosine kinase 8;RON variant 21;RON variant E2E3;c-met-related tyrosine kinase;macrophage-stimulating protein receptor;p185-Ron;soluble RON variant 1;soluble RON variant 2;soluble RON variant 3;soluble RON variant 4;,MGI:99614,macrophage stimulating 1 receptor (c-met-related tyrosine kinase),19882,Mst1r,CD136;CDw136;Fv-2;Fv2;PTK8;Ron;STK;,"MSP receptor;friend virus susceptibility 2;macrophage-stimulating protein receptor;p185-Ron;receptor protein tyrosine kinase, c-met-related;stem cell-derived tyrosine kinase;",RON_HUMAN,Macrophage-stimulating protein receptor beta chain,MSP receptor;CDw136;Protein-tyrosine kinase 8;p185-Ron;,RON_MOUSE,Macrophage-stimulating protein receptor beta chain,MSP receptor;Stem cell-derived tyrosine kinase;p185-Ron;,,,,,,PR:000002063,macrophage-stimulating protein receptor,Stem cell-derived tyrosine kinase;RON;p185-Ron;PTK8;CD136;Stk;MSP receptor;protein-tyrosine kinase 8;MST1R;CDw136;,http://pir.georgetown.edu/cgi-bin/pro/entry_pro?id=PR:000002063,600168,,,,,,,,,,,,,,,,,,,,,,,,,,,,,,,,,,,,,,,,,,,,,,,,,,,,,,,,,,,,,
CID_226,OPG,HGNC:11909,"tumor necrosis factor receptor superfamily, member 11b ",4982,TNFRSF11B,OCIF;OPG;TR1;,,MGI:109587,"tumor necrosis factor receptor superfamily, member 11b (osteoprotegerin)",18383,Tnfrsf11b,OCIF;Opg;TR1;,osteoclastogenesis inhibitory factor;osteoprotegerin;tumor necrosis factor receptor superfamily member 11B;,TR11B_HUMAN,Tumor necrosis factor receptor superfamily member 11B,Osteoclastogenesis inhibitory factor;Osteoprotegerin;,TR11B_MOUSE,Tumor necrosis factor receptor superfamily member 11B,Osteoclastogenesis inhibitory factor;Osteoprotegerin;,,,,,,PR:000016480,tumor necrosis factor receptor superfamily member 11B,OCIF;TNFRSF11B;osteoprotegerin;OPG;osteoclastogenesis inhibitory factor;,http://pir.georgetown.edu/cgi-bin/pro/entry_pro?id=PR:000016480,602643,,,,,,,,,,,,,,,,,,,,,,,,,,,,,,,,,,,,,,,,,,,,,,,,,,,,,,,,,,,,,
CID_227,TGFBR1,HGNC:11772,"transforming growth factor, beta receptor 1 ",7046,TGFBR1,RP11-96L7.1;AAT5;ACVRLK4;ALK-5;ALK5;ESS1;LDS1;LDS1A;LDS2A;MSSE;SKR4;TGFR-1;,"TGF-beta receptor type I;TGF-beta receptor type-1;TGF-beta type I receptor;activin A receptor type II-like kinase, 53kD;activin A receptor type II-like kinase, 53kDa;activin A receptor type II-like protein kinase of 53kD;activin receptor-like kinase 5;multiple self-healing squamous epithelioma;serine/threonine-protein kinase receptor R4;tbetaR-I;transforming growth factor beta receptor I;transforming growth factor, beta receptor I (activin A receptor type II-like kinase, 53kD);transforming growth factor-beta receptor type I;",MGI:98728,"transforming growth factor, beta receptor I",21812,Tgfbr1,RP23-457P12.1;ALK5;AU017191;Alk-5;TbetaR-I;TbetaRI;,ESK2;TGF-beta receptor type I;TGF-beta receptor type-1;TGFR-1;transforming growth factor-beta receptor type I;,TGFR1_HUMAN,TGF-beta receptor type-1,TGFR-1;Activin A receptor type II-like protein kinase of 53kD;Activin receptor-like kinase 5;ALK-5;ALK5;Serine/threonine-protein kinase receptor R4;SKR4;TGF-beta type I receptor;Transforming growth factor-beta receptor type I;TGF-beta receptor type I;TbetaR-I;,TGFR1_MOUSE,TGF-beta receptor type-1,TGFR-1;ESK2;Transforming growth factor-beta receptor type I;TGF-beta receptor type I;TbetaR-I;,,,,,,PR:000000047,TGF-beta receptor type-1,transforming growth factor-beta receptor type I;activin receptor-like kinase 5;ALK-5;TGFR-1;serine/threonine-protein kinase receptor R4;TbetaR-I;TGF-beta type I receptor;TGFBR1;SKR4;TGF-beta receptor type I;ESK2;,http://pir.georgetown.edu/cgi-bin/pro/entry_pro?id=PR:000000047,190181,,,,,,,,,,,,,,,,,,,,,,,,,,,,,,,,,,,,,,,,,,,,,,,,,,,,,,,,,,,,,
CID_228,TGFBR2,HGNC:11773,"transforming growth factor, beta receptor II ",7048,TGFBR2,AAT3;FAA3;LDS1B;LDS2;LDS2B;MFS2;RIIC;TAAD2;TGFR-2;TGFbeta-RII;,"TGF-beta receptor type IIB;TGF-beta receptor type-2;TGF-beta type II receptor;tbetaR-II;transforming growth factor beta receptor type IIC;transforming growth factor, beta receptor II alpha;transforming growth factor, beta receptor II beta;transforming growth factor, beta receptor II delta;transforming growth factor, beta receptor II epsilon;transforming growth factor, beta receptor II gamma;",MGI:98729,"transforming growth factor, beta receptor II",21813,Tgfbr2,1110020H15Rik;AU042018;DNIIR;RIIDN;TBR-II;TbetaR-II;TbetaRII;,TGF-beta receptor II;TGF-beta receptor type II;TGF-beta receptor type-2;TGF-beta type II receptor;TGFR-2;transforming growth factor-beta receptor type II;,TGFR2_HUMAN,TGF-beta receptor type-2,TGFR-2;TGF-beta type II receptor;Transforming growth factor-beta receptor type II;TGF-beta receptor type II;TbetaR-II;,TGFR2_MOUSE,TGF-beta receptor type-2,TGFR-2;TGF-beta type II receptor;Transforming growth factor-beta receptor type II;TGF-beta receptor type II;TbetaR-II;,,,,,,PR:000000005,TGF-beta receptor type-2,TGFBR2;TGF-beta type II receptor;TbetaR-II;TGFR-2;transforming growth factor-beta receptor type II;TGF-beta receptor type II;,http://pir.georgetown.edu/cgi-bin/pro/entry_pro?id=PR:000000005,190182,,,,,,,,,,,,,,,,,,,,,,,,,,,,,,,,,,,,,,,,,,,,,,,,,,,,,,,,,,,,,
CID_229,TGFBR3,HGNC:11774,"transforming growth factor, beta receptor III ",7049,TGFBR3,BGCAN;betaglycan;,TGF-beta receptor type 3;TGF-beta receptor type III;TGFR-3;betaglycan proteoglycan;transforming growth factor beta receptor type 3;,MGI:104637,"transforming growth factor, beta receptor III",21814,Tgfbr3,1110036H20Rik;AU015626;AW215636;TBRIII;,TGF-beta receptor type 3;TGF-beta receptor type III;TGFR-3;betaglycan;transforming growth factor beta receptor type 3;,TGBR3_HUMAN,Transforming growth factor beta receptor type 3,TGF-beta receptor type 3;TGFR-3;Betaglycan;Transforming growth factor beta receptor III;TGF-beta receptor type III;,TGBR3_MOUSE,Transforming growth factor beta receptor type 3,TGF-beta receptor type 3;TGFR-3;Betaglycan;Transforming growth factor beta receptor III;TGF-beta receptor type III;,,,,,,PR:000003110,TGF-beta receptor type-3,betaglycan;transforming growth factor beta receptor III;TGF-beta receptor type 3;TGFBR3;TGF-beta receptor type III;TGFR-3;,http://pir.georgetown.edu/cgi-bin/pro/entry_pro?id=PR:000003110,600742,,,,,,,,,,,,,,,,,,,,,,,,,,,,,,,,,,,,,,,,,,,,,,,,,,,,,,,,,,,,,
CID_23,Chemokine CCL22,HGNC:10621,chemokine (C-C motif) ligand 22,6367,CCL22 ,MDC;ABCD-1;SCYA22;STCP-1;DC/B-CK;A-152E5.1;,"stimulated Tcell chemotactic protein 1;small inducible cytokine subfamily A (CysCys), member 22;MDC(169);stimulated T cell chemotactic protein 1;small inducible cytokine A22;macrophagederived chemokine;smallinducible cytokine A22;CC chemokine STCP1;CC motif chemokine 22;",MGI:1306779,chemokine (C-C motif) ligand 22,20299,Ccl22 ,MDC;DCBCK;ABCD-1;Scya22;,"SMALL INDUCIBLE CYTOKINE A22 PRECURSOR (CC CHEMOKINE ABCD1) (ACTIVATED B AND DENDRITIC CELLDERIVED);dendritic cell and B cell derived chemokine;CC chemokine ABCD1;smallinducible cytokine A22;small inducible cytokine subfamily A22;small inducible cytokine subfamily A, member 22;activated B and dendritic cellderived;CC motif chemokine 22;",CCL22_HUMAN,MDC(7-69),CC chemokine STCP-1;MDC(1-69);Macrophage-derived chemokine;Small-inducible cytokine A22;Stimulated T-cell chemotactic protein 1;,CCL22_MOUSE,C-C motif chemokine 22,Activated B and dendritic cell-derived;CC chemokine ABCD-1;Small-inducible cytokine A22;,D054422,Chemokine CCL22,C-C motif chemokine 22;CCL22;Chemokine CCL22;,,,PR:000001994,C-C motif chemokine 22,CCL22;CC chemokine ABCD-1;activated B and dendritic cell-derived;SCYA22;MDC;stimulated T-cell chemotactic protein 1;small-inducible cytokine A22;Abcd1;macrophage-derived chemokine;MDC(1-69);CC chemokine STCP-1;,http://pir.georgetown.edu/cgi-bin/pro/entry_pro?id=PR:000001994,602957,,,,,,,,,,,,,,,,,,,,,,,,,,,,,,,,,,,,,,,,,,,,,,,,,,,,,,,,,,,,,
CID_230,CD120a,HGNC:11916,"tumor necrosis factor receptor superfamily, member 1A",7132,TNFRSF1A,CD120a;FPF;MS5;TBP1;TNF-R;TNF-R-I;TNF-R55;TNFAR;TNFR1;TNFR1-d2;TNFR55;TNFR60;p55;p55-R;p60;,TNF-R1;TNF-RI;TNFR-I;tumor necrosis factor binding protein 1;tumor necrosis factor receptor 1A isoform beta;tumor necrosis factor receptor superfamily member 1A;tumor necrosis factor receptor type 1;tumor necrosis factor-alpha receptor;,MGI:1314884,"tumor necrosis factor receptor superfamily, member 1a",21937,Tnfrsf1a,CD120a;FPF;TNF-R;TNF-R-I;TNF-R1;TNF-R55;TNF-alphaR1;TNFAR;TNFR60;TNFRI;TNFRp55;TNFalpha-R1;Tnfr-2;Tnfr1;p55;p55-R;,TNF receptor alpha chain;TNF-RI;TNF-alpha-R1;TNFR-I;p60;tumor necrosis factor receptor 1;tumor necrosis factor receptor superfamily member 1A;tumor necrosis factor receptor type I;,TNR1A_HUMAN,Tumor necrosis factor-binding protein 1,Tumor necrosis factor receptor 1;TNF-R1;Tumor necrosis factor receptor type I;TNF-RI;TNFR-I;p55;p60;TBPI;,TNR1A_MOUSE,Tumor necrosis factor receptor superfamily member 1A,Tumor necrosis factor receptor 1;TNF-R1;Tumor necrosis factor receptor type I;TNF-RI;TNFR-I;p55;p60;,,,,,,PR:000001958,tumor necrosis factor receptor superfamily member 1A,TNFR1;TNF-R1;tumor necrosis factor receptor type I;tumor necrosis factor receptor 1;TNFR-I;p60;CD120a;TNF-RI;TNFAR;Tnfr-1;TNFRSF1A;p55;,http://pir.georgetown.edu/cgi-bin/pro/entry_pro?id=PR:000001958,191190,,,,,,,,,,,,,,,,,,,,,,,,,,,,,,,,,,,,,,,,,,,,,,,,,,,,,,,,,,,,,
CID_231,CD120b,HGNC:11917,"tumor necrosis factor receptor superfamily, member 1B",7133,TNFRSF1B,CD120b;TBPII;TNF-R-II;TNF-R75;TNFBR;TNFR1B;TNFR2;TNFR80;p75;p75TNFR;,TNF-R2;TNF-RII;p75 TNF receptor;p80 TNF-alpha receptor;soluble TNFR1B variant 1;tumor necrosis factor beta receptor;tumor necrosis factor binding protein 2;tumor necrosis factor receptor 2;tumor necrosis factor receptor superfamily member 1B;tumor necrosis factor receptor type II;,MGI:1314883,"tumor necrosis factor receptor superfamily, member 1b",21938,Tnfrsf1b,RP23-157J11.1;CD120b;TNF-R-II;TNF-R2;TNF-R75;TNF-alphaR2;TNFBR;TNFR80;TNFRII;TNFalpha-R2;Tnfr-1;Tnfr2;p75;,TNF receptor beta chain;TNF-RII;TNFR-II;p75 TNFR;p80 TNF-alpha receptor;tumor necrosis factor receptor 2;tumor necrosis factor receptor superfamily member 1B;tumor necrosis factor receptor type II;,TNR1B_HUMAN,Tumor necrosis factor-binding protein 2,Tumor necrosis factor receptor 2;TNF-R2;Tumor necrosis factor receptor type II;TNF-RII;TNFR-II;p75;p80 TNF-alpha receptor;TBP-2;TBPII;,TNR1B_MOUSE,Tumor necrosis factor receptor superfamily member 1B,Tumor necrosis factor receptor 2;TNF-R2;Tumor necrosis factor receptor type II;TNF-RII;TNFR-II;p75;p80 TNF-alpha receptor;,,,,,,PR:000001959,tumor necrosis factor receptor superfamily member 1B,p80 TNF-alpha receptor;TNFRSF1B;tumor necrosis factor receptor 2;TNF-R2;etanercept;p75;CD120b;TNFR-II;TNF-RII;TNFBR;tumor necrosis factor receptor type II;Tnfr-2;TNFR2;,http://pir.georgetown.edu/cgi-bin/pro/entry_pro?id=PR:000001959,191191,,,,,,,,,,,,,,,,,,,,,,,,,,,,,,,,,,,,,,,,,,,,,,,,,,,,,,,,,,,,,
CID_232,OX40,HGNC:11918,"tumor necrosis factor receptor superfamily, member 4",7293,TNFRSF4,RP5-902P8.3;ACT35;CD134;IMD16;OX40;TXGP1L;,ACT35 antigen;ATC35 antigen;CD134 antigen;OX40 antigen;OX40 cell surface antigen;OX40 homologue;OX40L receptor;TAX transcriptionally-activated glycoprotein 1 receptor;lymphoid activation antigene ACT35;tax-transcriptionally activated glycoprotein 1 receptor;tumor necrosis factor receptor superfamily member 4;,MGI:104512,"tumor necrosis factor receptor superfamily, member 4",22163,Tnfrsf4,RP23-118E21.5;ACT35;CD134;Ly-70;Ox40;TXGP1L;Txgp1;,OX40 antigen;OX40L receptor;tax-transcriptionally activated glycoprotein 1;tumor necrosis factor receptor superfamily member 4;,TNR4_HUMAN,Tumor necrosis factor receptor superfamily member 4,ACT35 antigen;OX40L receptor;TAX transcriptionally-activated glycoprotein 1 receptor;,TNR4_MOUSE,Tumor necrosis factor receptor superfamily member 4,OX40 antigen;OX40L receptor;,,,,,,PR:000001960,tumor necrosis factor receptor superfamily member 4,ACT35 antigen;CD134;OX40 antigen;OX40L receptor;Ox40;TAX transcriptionally-activated glycoprotein 1 receptor;TNFRSF4;TXGP1L;Txgp1;,http://pir.georgetown.edu/cgi-bin/pro/entry_pro?id=PR:000001960,600315,,,,,,,,,,,,,,,,,,,,,,,,,,,,,,,,,,,,,,,,,,,,,,,,,,,,,,,,,,,,,
CID_233,CDw121b,HGNC:5994,"interleukin 1 receptor, type II",7850,IL1R2,CD121b;CDw121b;IL-1R-2;IL-1RT-2;IL-1RT2c;IL1RB;IL1R2;,"CD121 antigen-like family member B;IL-1 type II receptor;IL-1R-beta;antigen CDw121b;interleukin 1 receptor type II variant 3;interleukin-1 receptor beta;interleukin-1 receptor type 2;interleukin-1 receptor type II;type II interleukin-1 receptor, beta;",MGI:96546,"interleukin 1 receptor, type II",16178,Il1r2,CD121b;Il1r-2;,CD121 antigen-like family member B;IL-1 receptor beta chain;IL-1 type II receptor;IL-1R-2;IL-1R-beta;IL-1RT-2;IL-1RT2;interleukin-1 receptor beta;interleukin-1 receptor type 2;interleukin-1 receptor type II;,IL1R2_HUMAN,"Interleukin-1 receptor type 2, soluble form",IL-1R-2;IL-1RT-2;IL-1RT2;CD121 antigen-like family member B;CDw121b;IL-1 type II receptor;Interleukin-1 receptor beta;IL-1R-beta;Interleukin-1 receptor type II;mIL-1R2;mIL-1RII;sIL-1R2;sIL-1RII;,IL1R2_MOUSE,"Interleukin-1 receptor type 2, soluble form",IL-1R-2;IL-1RT-2;IL-1RT2;CD121 antigen-like family member B;IL-1 type II receptor;Interleukin-1 receptor beta;IL-1R-beta;Interleukin-1 receptor type II;mIL-1R2;mIL-1RII;sIL-1R2;sIL-1RII;,,,,,,PR:000001364,interleukin-1 receptor type II,IL1RB;IL-1RT2;IL-1R-beta;CD121b;IL1R2;Il-1r2;interleukin-1 receptor beta;IL-1R-2;CD121 antigen-like family member B;IL-1RT-2;CDw121b;,http://pir.georgetown.edu/cgi-bin/pro/entry_pro?id=PR:000001364,147811,,,,,,,,,,,,,,,,,,,,,,,,,,,,,,,,,,,,,,,,,,,,,,,,,,,,,,,,,,,,,
CID_234,CXCR4,HGNC:2561,chemokine (C-X-C motif) receptor 4,7852,CXCR4,CD184;D2S201E;FB22;HM89;HSY3RR;LAP-3;LAP3;LCR1;LESTR;NPY3R;NPYR;NPYRL;NPYY3R;WHIM;,"C-X-C chemokine receptor type 4;CD184 antigen;LPS-associated protein 3;SDF-1 receptor;fusin;leukocyte-derived seven transmembrane domain receptor;lipopolysaccharide-associated protein 3;neuropeptide Y receptor Y3;seven transmembrane helix receptor;seven-transmembrane-segment receptor, spleen;stromal cell-derived factor 1 receptor;",MGI:109563,chemokine (C-X-C motif) receptor 4,12767,Cxcr4,CD184;Cmkar4;LESTR;PB-CKR;PBSF/SDF-1;Sdf1r;b2b220Clo;,C-X-C chemokine receptor type 4;CXC-R4;CXCR-4;SDF-1 receptor;chemokine (C-X-C) receptor 4;chemokine receptor 4;fusin;leukocyte-derived seven transmembrane domain receptor;leukocyte-expressed seven-transmembrane-domain;pre-B-cell-derived chemokine receptor;stromal cell-derived factor 1 receptor;,CXCR4_HUMAN,C-X-C chemokine receptor type 4,CXC-R4;CXCR-4;FB22;Fusin;HM89;LCR1;Leukocyte-derived seven transmembrane domain receptor;LESTR;Lipopolysaccharide-associated protein 3;LAP-3;LPS-associated protein 3;NPYRL;Stromal cell-derived factor 1 receptor;SDF-1 receptor;,CXCR4_MOUSE,C-X-C chemokine receptor type 4,CXC-R4;CXCR-4;Fusin;Leukocyte-derived seven transmembrane domain receptor;LESTR;Pre-B-cell-derived chemokine receptor;PB-CKR;Stromal cell-derived factor 1 receptor;SDF-1 receptor;,,,,,,PR:000001208,C-X-C chemokine receptor type 4,SDF-1 receptor;stromal cell-derived factor 1 receptor;PB-CKR;pre-B-cell-derived chemokine receptor;FB22;CXCR-4;Sdf1r;LCR1;HM89;fusin;chemokine receptor CXCR4;CXC-R4;NPYRL;Cmkar4;CD184;LESTR;CXCR4;leukocyte-derived seven transmembrane domain receptor;,http://pir.georgetown.edu/cgi-bin/pro/entry_pro?id=PR:000001208,162643,,,,,,,,,,,,,,,,,,,,,,,,,,,,,,,,,,,,,,,,,,,,,,,,,,,,,,,,,,,,,
CID_235,Apo3,HGNC:11910,"tumor necrosis factor receptor superfamily, member 25",8718,TNFRSF25,RP4-650H14.2;APO-3;DDR3;DR3;LARD;TNFRSF12;TR3;TRAMP;WSL-1;WSL-LR;,"apoptosis inducing receptor;apoptosis-inducing receptor AIR;apoptosis-mediating receptor DR3;apoptosis-mediating receptor TRAMP;death domain receptor 3 soluble form;death receptor beta;lymphocyte-associated receptor of death;protein WSL-1;tumor necrosis factor receptor superfamily member 25;tumor necrosis factor receptor superfamily, member 12 (translocating chain-association membrane protein);",MGI:1934667,"tumor necrosis factor receptor superfamily, member 25",85030,Tnfrsf25,RP23-284C20.2;APO-3;DDR3;DR3;LARD;TR3;TRAMP;Tnfrsf12;WSL-1;WSL-LR;Wsl;,"tumor necrosis factor receptor superfamily member 25;tumor necrosis factor receptor superfamily, member 12;",TNR25_HUMAN,Tumor necrosis factor receptor superfamily member 25,Apo-3;Apoptosis-inducing receptor AIR;Apoptosis-mediating receptor DR3;Apoptosis-mediating receptor TRAMP;Death receptor 3;Lymphocyte-associated receptor of death;LARD;Protein WSL;Protein WSL-1;,Q8VD70_MOUSE,,,,,,,,PR:000016485,tumor necrosis factor receptor superfamily member 25,APO3;DDR3;DR3;LARD;TNFRSF12;TNFRSF25;WSL;WSL1;apo-3;apoptosis-inducing receptor AIR;apoptosis-mediating receptor DR3;apoptosis-mediating receptor TRAMP;death receptor 3;lymphocyte-associated receptor of death;protein WSL;protein WSL-1;,http://pir.georgetown.edu/cgi-bin/pro/entry_pro?id=PR:000016485,603366,,,,,,,,,,,,,,,,,,,,,,,,,,,,,,,,,,,,,,,,,,,,,,,,,,,,,,,,,,,,,
CID_236,HVEM,HGNC:11912,"tumor necrosis factor receptor superfamily, member 14",8764,TNFRSF14,RP3-395M20.6;ATAR;CD270;HVEA;HVEM;LIGHTR;TR2;,"CD40-like protein;herpes virus entry mediator A;herpesvirus entry mediator A;tumor necrosis factor receptor superfamily member 14;tumor necrosis factor receptor superfamily, member 14 (herpesvirus entry mediator);tumor necrosis factor receptor-like 2;tumor necrosis factor receptor-like gene2;",MGI:2675303,"tumor necrosis factor receptor superfamily, member 14 (herpesvirus entry mediator)",230979,Tnfrsf14,RP24-89N4.1;Atar;HveA;Hvem;Tnfrs14;,herpes virus entry mediator;tumor necrosis factor receptor superfamily member 14;,TNR14_HUMAN,Tumor necrosis factor receptor superfamily member 14,Herpes virus entry mediator A;Herpesvirus entry mediator A;HveA;Tumor necrosis factor receptor-like 2;TR2;,Q80WM9_MOUSE,,,,,,,,PR:000016481,tumor necrosis factor receptor superfamily member 14,herpesvirus entry mediator A;HVEM;tumor necrosis factor receptor-like 2;HveA;CD270;TNFRSF14;TR2;herpes virus entry mediator A;,http://pir.georgetown.edu/cgi-bin/pro/entry_pro?id=PR:000016481,602746,,,,,,,,,,,,,,,,,,,,,,,,,,,,,,,,,,,,,,,,,,,,,,,,,,,,,,,,,,,,,
CID_237,GITR,HGNC:11914,"tumor necrosis factor receptor superfamily, member 18",8784,TNFRSF18,RP5-902P8.2;AITR;CD357;GITR;GITR-D;,TNF receptor superfamily activation-inducible protein;activation-inducible TNFR family receptor;glucocorticoid-induced TNFR-related protein;tumor necrosis factor receptor superfamily member 18;,MGI:894675,"tumor necrosis factor receptor superfamily, member 18",21936,Tnfrsf18,RP23-118E21.6;AITR;Gitr;,glucocorticoid-induced TNFR-related protein;tumor necrosis factor receptor superfamily member 18;,TNR18_HUMAN,Tumor necrosis factor receptor superfamily member 18,Activation-inducible TNFR family receptor;Glucocorticoid-induced TNFR-related protein;,TNR18_MOUSE,Tumor necrosis factor receptor superfamily member 18,Glucocorticoid-induced TNFR-related protein;,,,,,,PR:000016482,tumor necrosis factor receptor superfamily member 18,AITR;GITR;TNFRSF18;CD357;glucocorticoid-induced TNFR-related protein;activation-inducible TNFR family receptor;,http://pir.georgetown.edu/cgi-bin/pro/entry_pro?id=PR:000016482,603905,,,,,,,,,,,,,,,,,,,,,,,,,,,,,,,,,,,,,,,,,,,,,,,,,,,,,,,,,,,,,
CID_238,RANK,HGNC:11908,"tumor necrosis factor receptor superfamily, member 11a, NFKB activator",8792,TNFRSF11A,CD265;FEO;LOH18CR1;ODFR;OFE;OPTB7;OSTS;PDB2;RANK;TRANCER;,"Paget disease of bone 2;loss of heterozygosity, 18, chromosomal region 1;osteoclast differentiation factor receptor;receptor activator of NF-KB;receptor activator of nuclear factor-kappa B;tumor necrosis factor receptor superfamily member 11A;",MGI:1314891,"tumor necrosis factor receptor superfamily, member 11a",21934,Tnfrsf11a,Ly109;ODFR;OFE;Rank;TRANCE-R;mRANK;,osteoclast differentiation factor receptor;receptor activator of NF-KB;receptor activator of NF-kappaB;tumor necrosis factor receptor superfamily member 11A;,TNR11_HUMAN,Tumor necrosis factor receptor superfamily member 11A,Osteoclast differentiation factor receptor;ODFR;Receptor activator of NF-KB;,TNR11_MOUSE,Tumor necrosis factor receptor superfamily member 11A,Osteoclast differentiation factor receptor;ODFR;Receptor activator of NF-KB;,,,,,,PR:000001954,tumor necrosis factor receptor superfamily member 11A,receptor activator of NF-KB;RANK;ODFR;TNFRSF11A;CD265;osteoclast differentiation factor receptor;,http://pir.georgetown.edu/cgi-bin/pro/entry_pro?id=PR:000001954,603499,,,,,,,,,,,,,,,,,,,,,,,,,,,,,,,,,,,,,,,,,,,,,,,,,,,,,,,,,,,,,
CID_239,TRAILR4,HGNC:11907,"tumor necrosis factor receptor superfamily, member 10d, decoy with truncated death domain ",8793,TNFRSF10D,UNQ251/PRO288;CD264;DCR2;TRAIL-R4;TRAILR4;TRUNDD;,TNF receptor-related receptor for TRAIL;TNF-related apoptosis-inducing ligand receptor 4;TRAIL receptor 4;TRAIL receptor with a truncated death domain;decoy receptor 2;tumor necrosis factor receptor superfamily member 10D;,,,,,,,TR10D_HUMAN,Tumor necrosis factor receptor superfamily member 10D,Decoy receptor 2;DcR2;TNF-related apoptosis-inducing ligand receptor 4;TRAIL receptor 4;TRAIL-R4;TRAIL receptor with a truncated death domain;,,,,,,,,,PR:000001953,tumor necrosis factor receptor superfamily member 10D,CD264;TNF-related apoptosis-inducing ligand receptor 4;TNFRSF10D;DcR2;TRAIL-R4;TRAIL receptor with a truncated death domain;TRUNDD;TRAILR4;decoy receptor 2;TRAIL receptor 4;,http://pir.georgetown.edu/cgi-bin/pro/entry_pro?id=PR:000001953,603614,,,,,,,,,,,,,,,,,,,,,,,,,,,,,,,,,,,,,,,,,,,,,,,,,,,,,,,,,,,,,
CID_24,Chemokine CCL23,HGNC:10622,chemokine (C-C motif) ligand 23,6368,CCL23 ,CKb8;MIP3;Ckb-8;MIP-3;MPIF-1;SCYA23;Ckb-8-1;hmrp-2a;CK-BETA-8;,"CC motif chemokine 23;myeloid progenitor inhibitory factor 1;macrophage inflammatory protein 3;C6 betachemokine;small inducible cytokine subfamily A (CysCys), member 23;",,,,,,,CCL23_HUMAN,CCL23(30-99),CK-beta-8;CKB-8;Macrophage inflammatory protein 3;MIP-3;Myeloid progenitor inhibitory factor 1;MPIF-1;Small-inducible cytokine A23;,,,,,,,217,ccl-23;ckb-8-1;small-inducible cytokine a23;ckb8;scya23;ck(beta)-8;c-c motif chemokine 23;mpif-1;mpif1;myeloid progenitor inhibitory factor-1;human mip-related protein 2a;macrophage inflammatory protein 3;ccl23;myeloid progenitor inhibitory factor 1;ckbeta-8;mip3;ckb-8;hmrp-2a;mip-3;ck-beta-8;macrophage inflammatory protein-3;chemokine (c-c motif) ligand 23;,PR:000001995,C-C motif chemokine 23,CK-beta-8;MPIF1;macrophage inflammatory protein 3;CCL23;SCYA23;MIP3;CKB-8;small-inducible cytokine A23;MIP-3;MPIF-1;myeloid progenitor inhibitory factor 1;,http://pir.georgetown.edu/cgi-bin/pro/entry_pro?id=PR:000001995,602494,,,,,,,,,,,,,,,,,,,,,,,,,,,,,,,,,,,,,,,,,,,,,,,,,,,,,,,,,,,,,
CID_240,TRAILR3,HGNC:11906,"tumor necrosis factor receptor superfamily, member 10c, decoy without an intracellular domain",8794,TNFRSF10C,UNQ321/PRO366;CD263;DCR1;DCR1-TNFR;LIT;TRAIL-R3;TRAILR3;TRID;,TNF-related apoptosis-inducing ligand receptor 3;antagonist decoy receptor for TRAIL/Apo-2L;cytotoxic TRAIL receptor-3;decoy TRAIL receptor without death domain;decoy receptor 1;lymphocyte inhibitor of TRAIL;tumor necrosis factor receptor superfamily member 10C;,,,,,,,TR10C_HUMAN,Tumor necrosis factor receptor superfamily member 10C,Antagonist decoy receptor for TRAIL/Apo-2L;Decoy TRAIL receptor without death domain;Decoy receptor 1;DcR1;Lymphocyte inhibitor of TRAIL;TNF-related apoptosis-inducing ligand receptor 3;TRAIL receptor 3;TRAIL-R3;TRAIL receptor without an intracellular domain;,,,,,,,,,PR:000001952,tumor necrosis factor receptor superfamily member 10C,decoy TRAIL receptor without death domain;CD263;lymphocyte inhibitor of TRAIL;TRAIL-R3;TRID;decoy receptor 1;TRAIL receptor without an intracellular domain;TNFRSF10C;TRAIL receptor 3;TNF-related apoptosis-inducing ligand receptor 3;DcR1;LIT;TRAILR3;antagonist decoy receptor for TRAIL/Apo-2L;,http://pir.georgetown.edu/cgi-bin/pro/entry_pro?id=PR:000001952,603613,,,,,,,,,,,,,,,,,,,,,,,,,,,,,,,,,,,,,,,,,,,,,,,,,,,,,,,,,,,,,
CID_241,TRAILR2,HGNC:11905,"tumor necrosis factor receptor superfamily, member 10b",8795,TNFRSF10B,UNQ160/PRO186;CD262;DR5;KILLER;KILLER/DR5;TRAIL-R2;TRAILR2;TRICK2;TRICK2A;TRICK2B;TRICKB;ZTNFR9;,Fas-like protein;TNF receptor superfamily member 10b;TNF-related apoptosis-inducing ligand receptor 2;apoptosis inducing protein TRICK2A/2B;apoptosis inducing receptor TRAIL-R2;cytotoxic TRAIL receptor-2;death domain containing receptor for TRAIL/Apo-2L;death receptor 5;p53-regulated DNA damage-inducible cell death receptor(killer);tumor necrosis factor receptor superfamily member 10B;tumor necrosis factor receptor-like protein ZTNFR9;,MGI:1341090,"tumor necrosis factor receptor superfamily, member 10b",21933,Tnfrsf10b,DR5;KILLER;Ly98;MK;TRAILR2;TRICK2A;TRICK2B;TRICKB;,KILLER/DR5 TRAIL death-inducing receptor;death receptor 5;tumor necrosis factor receptor superfamily member 10B;,TR10B_HUMAN,Tumor necrosis factor receptor superfamily member 10B,Death receptor 5;TNF-related apoptosis-inducing ligand receptor 2;TRAIL receptor 2;TRAIL-R2;,TR10B_MOUSE,Tumor necrosis factor receptor superfamily member 10B,Death receptor 5;MK;,,,,,,PR:000002109,tumor necrosis factor receptor superfamily member 10B,TNFRSF10B;TRAIL receptor 2;TRICK2;TRAILR2;MK;KILLER;death receptor 5;ZTNFR9;TRAIL-R2;DR5;CD262;TNF-related apoptosis-inducing ligand receptor 2;,http://pir.georgetown.edu/cgi-bin/pro/entry_pro?id=PR:000002109,603612,,,,,,,,,,,,,,,,,,,,,,,,,,,,,,,,,,,,,,,,,,,,,,,,,,,,,,,,,,,,,
CID_242,TRAILR1,HGNC:11904,"tumor necrosis factor receptor superfamily, member 10a",8797,TNFRSF10A,APO2;CD261;DR4;TRAILR-1;TRAILR1;,TNF-related apoptosis-inducing ligand receptor 1;TRAIL receptor 1;TRAIL-R1;cytotoxic TRAIL receptor;death receptor 4;tumor necrosis factor receptor superfamily member 10A;tumor necrosis factor receptor superfamily member 10a variant 2;,,,,,,,TR10A_HUMAN,Tumor necrosis factor receptor superfamily member 10A,Death receptor 4;TNF-related apoptosis-inducing ligand receptor 1;TRAIL receptor 1;TRAIL-R1;,,,,,,,,,PR:000002108,tumor necrosis factor receptor superfamily member 10A,APO2;CD261;DR4;TNF-related apoptosis-inducing ligand receptor 1;TNFRSF10A;TRAIL receptor 1;TRAIL-R1;TRAILR1;death receptor 4,http://pir.georgetown.edu/cgi-bin/pro/entry_pro?id=PR:000002108,603611,,,,,,,,,,,,,,,,,,,,,,,,,,,,,,,,,,,,,,,,,,,,,,,,,,,,,,,,,,,,,
CID_243,OSMR,HGNC:8507,oncostatin M receptor,9180,OSMR,OSMRB;PLCA1;,IL-31 receptor subunit beta;IL-31R subunit beta;IL-31R-beta;IL-31RB;interleukin-31 receptor subunit beta;oncostatin-M specific receptor beta subunit;oncostatin-M-specific receptor subunit beta;,MGI:1330819,oncostatin M receptor,18414,Osmr,OSMRB;,IL-31 receptor subunit beta;IL-31R subunit beta;IL-31R-beta;IL-31RB;interleukin-31 receptor subunit beta;oncostatin receptor;oncostatin-M specific receptor subunit beta;oncostatin-M-specific receptor subunit beta;,OSMR_HUMAN,Oncostatin-M-specific receptor subunit beta,Interleukin-31 receptor subunit beta;IL-31 receptor subunit beta;IL-31R subunit beta;IL-31R-beta;IL-31RB;,OSMR_MOUSE,Oncostatin-M-specific receptor subunit beta,Interleukin-31 receptor subunit beta;IL-31 receptor subunit beta;IL-31R subunit beta;IL-31R-beta;IL-31RB;,,,,,,PR:000012060,oncostatin-M-specific receptor subunit beta,IL-31 receptor subunit beta;OSMRB;OSMR;IL-31R subunit beta;interleukin-31 receptor subunit beta;IL-31RB;IL-31R-beta;,http://pir.georgetown.edu/cgi-bin/pro/entry_pro?id=PR:000012060,601743,,,,,,,,,,,,,,,,,,,,,,,,,,,,,,,,,,,,,,,,,,,,,,,,,,,,,,,,,,,,,
CID_244,CCR9,HGNC:1610,chemokine (C-C motif) receptor 9,10803,CCR9,CC-CKR-9;CDw199;GPR-9-6;GPR28;,C-C chemokine receptor type 9;G protein-coupled receptor 28;,MGI:1341902,chemokine (C-C motif) receptor 9,12769,Ccr9,A130091K22Rik;Cmkbr10;GPR-9-6;,C-C CKR-9;C-C chemokine receptor type 9;CC-CKR-9;CCR-9;chemokine C-C receptor 10;,CCR9_HUMAN,C-C chemokine receptor type 9,C-C CKR-9;CC-CKR-9;CCR-9;G-protein coupled receptor 28;GPR-9-6;,CCR9_MOUSE,C-C chemokine receptor type 9,C-C CKR-9;CC-CKR-9;CCR-9;Chemokine C-C receptor 10;,,,,,,PR:000001205,C-C chemokine receptor type 9,CC-CKR-9;C-C CKR-9;GPR-9-6;CDw199;CCR9;GPR28;chemokine receptor CCR9;G-protein coupled receptor 28;chemokine C-C receptor 10;Cmkbr10;CMKBR9;CCR-9;,http://pir.georgetown.edu/cgi-bin/pro/entry_pro?id=PR:000001205,604738,,,,,,,,,,,,,,,,,,,,,,,,,,,,,,,,,,,,,,,,,,,,,,,,,,,,,,,,,,,,,
CID_245,TACI,HGNC:18153,"tumor necrosis factor receptor superfamily, member 13B",23495,TNFRSF13B,CD267;CVID;CVID2;RYZN;TACI;TNFRSF14B;,transmembrane activator and CAML interactor;tumor necrosis factor receptor 13B;tumor necrosis factor receptor superfamily member 13B;,MGI:1889411,"tumor necrosis factor receptor superfamily, member 13b",57916,Tnfrsf13b,RP23-55I2.2;1200009E08Rik;Taci;,transmembrane activator and CAML interactor;transmembrane activator and calcium-modulating and cyclophilin ligand interactor;tumor necrosis factor receptor superfamily member 13B;,TR13B_HUMAN,Tumor necrosis factor receptor superfamily member 13B,Transmembrane activator and CAML interactor;,TR13B_MOUSE,Tumor necrosis factor receptor superfamily member 13B,Transmembrane activator and CAML interactor;,,,,,,PR:000001956,tumor necrosis factor receptor superfamily member 13B,TNFRSF13B;TACI;CD267;transmembrane activator and CAML interactor;,http://pir.georgetown.edu/cgi-bin/pro/entry_pro?id=PR:000001956,604907,,,,,,,,,,,,,,,,,,,,,,,,,,,,,,,,,,,,,,,,,,,,,,,,,,,,,,,,,,,,,
CID_246,CDw217,HGNC:5985,interleukin 17 receptor A,23765,IL17RA,CANDF5;CD217;CDw217;IL-17RA;IL17R;hIL-17R;,IL-17 receptor A;interleukin-17 receptor A;,MGI:107399,interleukin 17 receptor A,16172,Il17ra,AW538159;Cdw217;Il17r;VDw217;,IL-17 receptor A;IL-17RA;interleukin-17 receptor A;,I17RA_HUMAN,Interleukin-17 receptor A,IL-17 receptor A;IL-17RA;CDw217;,I17RA_MOUSE,Interleukin-17 receptor A,IL-17 receptor A;IL-17RA;,,,,,,PR:000001375,interleukin-17 receptor A,IL-17RA;IL-17 receptor A;IL17RA;CD217;CDw217;IL17R;,http://pir.georgetown.edu/cgi-bin/pro/entry_pro?id=PR:000001375,605461,,,,,,,,,,,,,,,,,,,,,,,,,,,,,,,,,,,,,,,,,,,,,,,,,,,,,,,,,,,,,
CID_247,IL-20Ra,HGNC:6003,"interleukin 20 receptor, alpha",53832,IL20RA,RP11-204P2.1;CRF2-8;IL-20R-alpha;IL-20R1;IL-20RA;,class II cytokine receptor ZCYTOR7;cytokine receptor family 2 member 8;interleukin-20 receptor I;interleukin-20 receptor subunit alpha;,MGI:3605069,"interleukin 20 receptor, alpha",237313,Il20ra,E230031K19;,IL-20 receptor subunit alpha;IL-20R-alpha;IL-20R1;IL-20RA;interleukin-20 receptor subunit alpha;,I20RA_HUMAN,Interleukin-20 receptor subunit alpha,IL-20 receptor subunit alpha;IL-20R-alpha;IL-20RA;Cytokine receptor class-II member 8;Cytokine receptor family 2 member 8;CRF2-8;IL-20R1;ZcytoR7;,I20RA_MOUSE,Interleukin-20 receptor subunit alpha,IL-20 receptor subunit alpha;IL-20R-alpha;IL-20RA;IL-20R1;,,,,,,PR:000008996,interleukin-20 receptor subunit alpha,CRF2-8;IL-20 receptor subunit alpha;IL-20R-alpha;IL-20R1;IL-20RA;IL20RA;ZcytoR7;cytokine receptor class-II member 8;cytokine receptor family 2 member 8;interleukin-20 receptor alpha chain;,http://pir.georgetown.edu/cgi-bin/pro/entry_pro?id=PR:000008996,605620,,,,,,,,,,,,,,,,,,,,,,,,,,,,,,,,,,,,,,,,,,,,,,,,,,,,,,,,,,,,,
CID_248,IL-20Rb,HGNC:6004,interleukin 20 receptor beta,53833,IL20RB,hCG_2022374;DIRS1;FNDC6;IL-20R2;,IL-20 receptor subunit beta;IL-20R-beta;IL-20RB;fibronectin type III domain containing 6;interleukin-20 receptor II;interleukin-20 receptor subunit beta;,MGI:2143266,interleukin 20 receptor beta,213208,Il20rb,AV228068;Fndc6;Gm186;Il20R2;,fibronectin type III domain containing 6;,I20RB_HUMAN,Interleukin-20 receptor subunit beta,IL-20 receptor subunit beta;IL-20R-beta;IL-20RB;Fibronectin type III domain containing 6;FNDC6;IL-20R2;,E9Q9A6_MOUSE,,,,,,,,PR:000008997,interleukin-20 receptor subunit beta,DIRS1;IL-20 receptor subunit beta;IL-20R-beta;IL-20R2;IL-20RB;IL20RB;,http://pir.georgetown.edu/cgi-bin/pro/entry_pro?id=PR:000008997,605621,,,,,,,,,,,,,,,,,,,,,,,,,,,,,,,,,,,,,,,,,,,,,,,,,,,,,,,,,,,,,
CID_249,CCR2,HGNC:1603,chemokine (C-C motif) receptor 2,729230,CCR2,hCG_14621;CC-CKR-2;CCR-2A;CCR2B;CD192;CKR2;CKR2A;CKR2B;CMKBR2;MCP-1-R;CCR2;,C-C chemokine receptor type 2;MCP-1 receptor;monocyte chemoattractant protein 1 receptor;monocyte chemotactic protein 1 receptor;,MGI:106185,chemokine (C-C motif) receptor 2,12772,Ccr2,Cc-ckr-2a;Ccr2b;Ckr2;Ckr2a;Ckr2b;Cmkbr2;mJe-r;Ccr2;,C-C CHEMOKINE RECEPTOR TYPE 2 (C-C CKR-2) (CC-CKR-2) (CCR-2) (CCR2) (JE/FIC RECEPTOR) (MCP-1 RECEPTOR);C-C CKR-2;C-C chemokine receptor type 2;CCR-2;JE/FIC receptor;MCP-1 receptor;MIP-1 alphaR;chemoattractant protein-1 receptor;chemokine (C-C) receptor 2;,CCR2_HUMAN,C-C chemokine receptor type 2,C-C CKR-2;CC-CKR-2;CCR-2;CCR2;Monocyte chemoattractant protein 1 receptor;MCP-1-R;,CCR2_MOUSE,C-C chemokine receptor type 2,C-C CKR-2;CC-CKR-2;CCR-2;CCR2;JE/FIC receptor;MCP-1 receptor;,,,,,,PR:000001199,C-C chemokine receptor type 2,C-C CKR-2;CC-CKR-2;CCR-2;MCP-1-R;JE/FIC receptor;monocyte chemoattractant protein 1 receptor;CCR2;chemokine receptor CCR2;CMKBR2;MCP-1 receptor;CD192;,http://pir.georgetown.edu/cgi-bin/pro/entry_pro?id=PR:000001199,601267,,,,,,,,,,,,,,,,,,,,,,,,,,,,,,,,,,,,,,,,,,,,,,,,,,,,,,,,,,,,,
CID_25,Chemokine CCL24,HGNC:10623,chemokine (C-C motif) ligand 24,6369,CCL24 ,Ckb-6;MPIF2;MPIF-2;SCYA24;,"small inducible cytokine subfamily A (CysCys), member 24;myeloid progenitor inhibitory factor 2;CC motif chemokine 24;eosinophil chemotactic protein 2;CKbeta6;eotaxin2;smallinducible cytokine A24;",MGI:1928953,chemokine (C-C motif) ligand 24,56221,Ccl24 ,CKb-6;MPIF-2;Scya24;,CC motif chemokine 24;eosinophil chemotactic protein 2;small inducible cytokine A24;CC chemokine CCL24;eotaxin2;smallinducible cytokine A24;,CCL24_HUMAN,C-C motif chemokine 24,CK-beta-6;Eosinophil chemotactic protein 2;Eotaxin-2;Myeloid progenitor inhibitory factor 2;MPIF-2;Small-inducible cytokine A24;,CCL24_MOUSE,C-C motif chemokine 24,Eosinophil chemotactic protein 2;Eotaxin-2;Small-inducible cytokine A24;,D054423,Chemokine CCL24,C-C motif chemokine 24;CCL24;Chemokine CCL24;,223,Chemokine_CCL24;ccl-24;ck-beta-6;scya24;c-c motif chemokine 24;ckb6;myeloid progenitor inhibitory factor-2;mpif-2;mpif2;eosinophil chemotactic protein 2;ccl24;eotaxin-2;ckbeta-6;myeloid progenitor inhibitory factor 2;small-inducible cytokine a24;ckb-6;chemokine (c-c motif) ligand 24;eotaxin 2;,PR:000001996,C-C motif chemokine 24,CCL24;CK-beta-6;MPIF-2;MPIF2;SCYA24;eosinophil chemotactic protein 2;eotaxin-2;myeloid progenitor inhibitory factor 2;small-inducible cytokine A24;,http://pir.georgetown.edu/cgi-bin/pro/entry_pro?id=PR:000001996,602495,,,,,,,,,,,,,,,,,,,,,,,,,,,,,,,,,,,,,,,,,,,,,,,,,,,,,,,,,,,,,
CID_250,CXCR7,HGNC:23692,atypical chemokine receptor 3,57007,ACKR3,CMKOR1;CXC-R7;CXCR-7;CXCR7;GPR159;RDC-1;RDC1;,C-X-C chemokine receptor type 7;G protein-coupled receptor;G-protein coupled receptor 159;G-protein coupled receptor RDC1 homolog;chemokine (C-X-C motif) receptor 7;chemokine orphan receptor 1;,MGI:109562,atypical chemokine receptor 3,12778,Ackr3,AW541270;CXC-R7;CXCR-7;Cmkor1;Cxcr7;RDC-1;Rdc1;,C-X-C chemokine receptor type 7;G-protein coupled receptor RDC1 homolog;chemokine (C-X-C motif) receptor 7;chemokine orphan receptor 1;,ACKR3_HUMAN,Atypical chemokine receptor 3,C-X-C chemokine receptor type 7;CXC-R7;CXCR-7;Chemokine orphan receptor 1;G-protein coupled receptor 159;G-protein coupled receptor RDC1 homolog;RDC-1;,ACKR3_MOUSE,Atypical chemokine receptor 3,C-X-C chemokine receptor type 7;CXC-R7;CXCR-7;Chemokine orphan receptor 1;G-protein coupled receptor RDC1 homolog;RDC-1;,,,,,,PR:000001211,chemokine receptor CXCR7,CXCR-7;CMKOR1;RDC-1;CXCR7;chemokine orphan receptor 1;GPR159;ACKR3;CXC-R7;RDC1;G-protein coupled receptor RDC1 homolog;G-protein coupled receptor 159;,http://pir.georgetown.edu/cgi-bin/pro/entry_pro?id=PR:000001211,610376,,,,,,,,,,,,,,,,,,,,,,,,,,,,,,,,,,,,,,,,,,,,,,,,,,,,,,,,,,,,,
CID_251,CXCR6,HGNC:16647,chemokine (C-X-C motif) receptor 6,10663,CXCR6,BONZO;CD186;STRL33;TYMSTR;,C-X-C chemokine receptor type 6;CDw186;CXC-R6;CXCR-6;G protein-coupled receptor;G-protein coupled receptor STRL33;G-protein coupled receptor bonzo;,MGI:1934582,chemokine (C-X-C motif) receptor 6,80901,Cxcr6,BB217514;BONZO;STRL33;,C-X-C chemokine receptor type 6;CXC-R6;CXCR-6;,CXCR6_HUMAN,C-X-C chemokine receptor type 6,CXC-R6;CXCR-6;CDw186;G-protein coupled receptor STRL33;G-protein coupled receptor bonzo;,CXCR6_MOUSE,C-X-C chemokine receptor type 6,CXC-R6;CXCR-6;,,,,,,PR:000001210,C-X-C chemokine receptor type 6,CDw186;CXCR6;TYMSTR;STRL33;G-protein coupled receptor STRL33;BONZO;CXC-R6;CXCR-6;CD186;chemokine receptor CXCR6;G-protein coupled receptor bonzo;,http://pir.georgetown.edu/cgi-bin/pro/entry_pro?id=PR:000001210,605163,,,,,,,,,,,,,,,,,,,,,,,,,,,,,,,,,,,,,,,,,,,,,,,,,,,,,,,,,,,,,
CID_252,IL11RA,HGNC:5967,"interleukin 11 receptor, alpha",3590,IL11RA,hCG_2011440;CRSDA;,IL-11 receptor subunit alpha;IL-11R subunit alpha;interleukin-11 receptor alpha chain;interleukin-11 receptor subunit alpha;,MGI:107426,"interleukin 11 receptor, alpha chain 1",16157,Il11ra1,RP23-167I12.2;AI314697;GP130;Il-11ra;Il11ra;Il11ra2;NR1;,"IL-11 receptor subunit alpha-1;IL-11R subunit alpha-1;IL-11R-alpha-1;IL-11RA1;Il-11ra-alpha;NR-1;enhancer trap locus homolog 2;etl-2;interleukin 11 receptor, alpha chain 2;interleukin-11 receptor subunit alpha-1;locus 2;novel cytokine receptor 1;",I11RA_HUMAN,Interleukin-11 receptor subunit alpha,IL-11 receptor subunit alpha;IL-11R subunit alpha;IL-11R-alpha;IL-11RA;,I11RA_MOUSE,Interleukin-11 receptor subunit alpha-1,IL-11 receptor subunit alpha-1;IL-11R subunit alpha-1;IL-11R-alpha-1;IL-11RA1;Enhancer trap locus homolog 2;Etl-2;Novel cytokine receptor 1;NR-1;NR1;,,,,,,PR:000031108,interleukin-11 receptor subunit alpha,IL-11 receptor subunit alpha;IL-11R-alpha;IL11RA;IL-11R subunit alpha;IL-11RA;,http://pir.georgetown.edu/cgi-bin/pro/entry_pro?id=PR:000031108,600939,,,,,,,,,,,,,,,,,,,,,,,,,,,,,,,,,,,,,,,,,,,,,,,,,,,,,,,,,,,,,
CID_253,CNTFR,HGNC:2170,ciliary neurotrophic factor receptor,1271,CNTFR,RP11-296L22.1;,CNTF receptor subunit alpha;CNTFR-alpha;ciliary neurotrophic factor receptor subunit alpha;,MGI:99605,ciliary neurotrophic factor receptor,12804,Cntfr,RP23-167I12.1alpha;Cntfr;,CNTF receptor subunit alpha;CNTFR-alpha;ciliary neurotrophic factor receptor subunit alpha;,CNTFR_HUMAN,Ciliary neurotrophic factor receptor subunit alpha,CNTF receptor subunit alpha;CNTFR-alpha;,CNTFR_MOUSE,Ciliary neurotrophic factor receptor subunit alpha,CNTF receptor subunit alpha;CNTFR-alpha;,,,,,,PR:000005664,ciliary neurotrophic factor receptor subunit alpha,ciliary neurotrophic factor receptor alpha;CNTFR-alpha;CNTF receptor subunit alpha;CNTFR;,http://pir.georgetown.edu/cgi-bin/pro/entry_pro?id=PR:000005664,118946,,,,,,,,,,,,,,,,,,,,,,,,,,,,,,,,,,,,,,,,,,,,,,,,,,,,,,,,,,,,,
CID_254,IL12RB2,HGNC:5972,"interleukin 12 receptor, beta 2",3595,IL12RB2,RP11-102M16.1;,IL-12 receptor subunit beta-2;IL-12R subunit beta-2;interleukin-12 receptor beta-2 chain;interleukin-12 receptor subunit beta-2;,MGI:1270861,"interleukin 12 receptor, beta 2",16162,Il12rb2,A930027I18Rik;IL-12RB2;Ifnm;,IL-12 receptor subunit beta-2;IL-12R subunit beta-2;IL-12R-beta-2;interferon response to microorganisms;interleukin-12 receptor subunit beta-2;,I12R2_HUMAN,Interleukin-12 receptor subunit beta-2,IL-12 receptor subunit beta-2;IL-12R subunit beta-2;IL-12R-beta-2;IL-12RB2;,I12R2_MOUSE,Interleukin-12 receptor subunit beta-2,IL-12 receptor subunit beta-2;IL-12R subunit beta-2;IL-12R-beta-2;IL-12RB2;,,,,,,PR:000008980,interleukin-12 receptor subunit beta-2,interleukin-12 receptor beta-2 chain;IL-12 receptor subunit beta-2;IL-12RB2;IL-12R subunit beta-2;IL12RB2;IL-12R-beta-2;,http://pir.georgetown.edu/cgi-bin/pro/entry_pro?id=PR:000008980,601642,,,,,,,,,,,,,,,,,,,,,,,,,,,,,,,,,,,,,,,,,,,,,,,,,,,,,,,,,,,,,
CID_255,IL23R,HGNC:19100,interleukin 23 receptor,149233,IL23R,,Chromosome: 1;Location: 1p31.3;,MGI:2181693,interleukin 23 receptor,209590,Il23r,IL-23R;,IL-23 receptor;interleukin-23 receptor;,IL23R_HUMAN,Interleukin-23 receptor,IL-23 receptor;IL-23R;,IL23R_MOUSE,Interleukin-23 receptor,IL-23 receptor;IL-23R;,,,,,,PR:000009001,interleukin-23 receptor,IL-23R;IL-23 receptor;IL23R;,http://pir.georgetown.edu/cgi-bin/pro/entry_pro?id=PR:000009001,607562,,,,,,,,,,,,,,,,,,,,,,,,,,,,,,,,,,,,,,,,,,,,,,,,,,,,,,,,,,,,,
CID_256,MPL,HGNC:7217,myeloproliferative leukemia virus oncogene,4352,MPL,RP1-92O14.1;C-MPL;CD110V;THCYT2;TPOR;MPL;,TPO-R;myeloproliferative leukemia protein;proto-oncogene c-Mpl;thrombopoietin receptor;,MGI:97076,myeloproliferative leukemia virus oncogene,17480,Mpl,RP23-145E1.7;CD110;TPO-R;c-mpl;hlb219;,myeloproliferative leukemia protein;proto-oncogene c-Mpl;thrombopoietin receptor;,TPOR_HUMAN,Thrombopoietin receptor,TPO-R;Myeloproliferative leukemia protein;Proto-oncogene c-Mpl;,TPOR_MOUSE,Thrombopoietin receptor,TPO-R;Myeloproliferative leukemia protein;Proto-oncogene c-Mpl;,,,,,,PR:000001939,thrombopoietin receptor,MPL;proto-oncogene c-Mpl;TPOR;TPO-R;CD110;myeloproliferative leukemia protein;,http://pir.georgetown.edu/cgi-bin/pro/entry_pro?id=PR:000001939,159530,,,,,,,,,,,,,,,,,,,,,,,,,,,,,,,,,,,,,,,,,,,,,,,,,,,,,,,,,,,,,
CID_257,IL21R,HGNC:6006,interleukin 21 receptor,50615,IL21R,UNQ3121/PRO10273;CD360;NILR;,IL-21 receptor;interleukin-21 receptor;novel interleukin receptor;,MGI:1890475,interleukin 21 receptor,60504,Il21r,NILR;,IL-21 receptor;IL-21R;LR-beta;NR8;interleukin-21 receptor;lymphocyte receptor beta;novel cytokine receptor 8;novel interleukin receptor;,IL21R_HUMAN,Interleukin-21 receptor,IL-21 receptor;IL-21R;Novel interleukin receptor;,IL21R_MOUSE,Interleukin-21 receptor,IL-21 receptor;IL-21R;Lymphocyte receptor beta;LR-beta;Novel cytokine receptor 8;NR8;Novel interleukin receptor;,,,,,,PR:000008998,interleukin-21 receptor,NILR;NR8;LR-beta;lymphocyte receptor beta;IL-21 receptor;IL21R;CD360;IL-21R;novel cytokine receptor 8;novel interleukin receptor;,http://pir.georgetown.edu/cgi-bin/pro/entry_pro?id=PR:000008998,605383,,,,,,,,,,,,,,,,,,,,,,,,,,,,,,,,,,,,,,,,,,,,,,,,,,,,,,,,,,,,,
CID_258,PDGFRA,HGNC:8803,"platelet-derived growth factor receptor, alpha polypeptide",5156,PDGFRA,CD140A;PDGFR-2;PDGFR2;RHEPDGFRA;,CD140 antigen-like family member A;CD140a antigen;PDGF-R-alpha;PDGFRA/BCR fusion;alpha-type platelet-derived growth factor receptor;platelet-derived growth factor receptor 2;platelet-derived growth factor receptor alpha;rearranged-in-hypereosinophilia-platelet derived growth factor receptor alpha fusion protein;,MGI:97530,"platelet derived growth factor receptor, alpha polypeptide",18595,Pdgfra,AI115593;CD140a;Pdgfr-2;,Alpha platelet-derived growth factor receptor precursor (PDGF-R-alpha);CD140 antigen-like family member A;PDGF alpha chain;PDGF-R-alpha;PDGFR-alpha;alpha-type platelet-derived growth factor receptor;platelet-derived growth factor alpha receptor;platelet-derived growth factor receptor alpha;,PGFRA_HUMAN,Platelet-derived growth factor receptor alpha,PDGF-R-alpha;PDGFR-alpha;Alpha platelet-derived growth factor receptor;Alpha-type platelet-derived growth factor receptor;CD140 antigen-like family member A;CD140a antigen;Platelet-derived growth factor alpha receptor;Platelet-derived growth factor receptor 2;PDGFR-2;,PGFRA_MOUSE,Platelet-derived growth factor receptor alpha,PDGF-R-alpha;PDGFR-alpha;Alpha platelet-derived growth factor receptor;Alpha-type platelet-derived growth factor receptor;CD140 antigen-like family member A;Platelet-derived growth factor alpha receptor;,,,,,,PR:000002030,alpha-type platelet-derived growth factor receptor,CD140a;CD140 antigen-like family member A;CD140a antigen;PDGF-R-alpha;PDGFRA;,http://pir.georgetown.edu/cgi-bin/pro/entry_pro?id=PR:000002030,173490,,,,,,,,,,,,,,,,,,,,,,,,,,,,,,,,,,,,,,,,,,,,,,,,,,,,,,,,,,,,,
CID_259,PDGFRB,HGNC:8804,"platelet-derived growth factor receptor, beta polypeptide",5159,PDGFRB,CD140B;IBGC4;IMF1;JTK12;PDGFR;PDGFR-1;PDGFR1;,CD140 antigen-like family member B;PDGF-R-beta;PDGFR-beta;beta-type platelet-derived growth factor receptor;platelet-derived growth factor receptor 1;platelet-derived growth factor receptor beta;,MGI:97531,"platelet derived growth factor receptor, beta polypeptide",18596,Pdgfrb,AI528809;CD140b;PDGFR-1;Pdgfr;,CD140 antigen-like family member B;PDGF beta chain;PDGF-R-beta;PDGFR-beta;beta platelet-derived growth factor receptor;beta-type platelet-derived growth factor receptor;platelet-derived growth factor receptor 1;platelet-derived growth factor receptor beta;platelet-derived growth factor receptor beta variant 1;,PGFRB_HUMAN,Platelet-derived growth factor receptor beta,PDGF-R-beta;PDGFR-beta;Beta platelet-derived growth factor receptor;Beta-type platelet-derived growth factor receptor;CD140 antigen-like family member B;Platelet-derived growth factor receptor 1;PDGFR-1;,PGFRB_MOUSE,Platelet-derived growth factor receptor beta,PDGF-R-beta;PDGFR-beta;Beta platelet-derived growth factor receptor;Beta-type platelet-derived growth factor receptor;CD140 antigen-like family member B;Platelet-derived growth factor receptor 1;PDGFR-1;,,,,,,PR:000002035,beta-type platelet-derived growth factor receptor,Pdgfr;PDGF-R-beta;PDGFRB;CD140 antigen-like family member B;CD140b;,http://pir.georgetown.edu/cgi-bin/pro/entry_pro?id=PR:000002035,173410,,,,,,,,,,,,,,,,,,,,,,,,,,,,,,,,,,,,,,,,,,,,,,,,,,,,,,,,,,,,,
CID_26,Chemokine CCL25,HGNC:10624,chemokine (C-C motif) ligand 25,6370,CCL25 ,TECK;Ckb15;SCYA25;,"Ck beta15;thymusexpressed chemokine;smallinducible cytokine A25;TECKvar;small inducible cytokine subfamily A (CysCys), member 25;CC motif chemokine 25;thymus expressed chemokine;chemokine TECK;",MGI:1099448,chemokine (C-C motif) ligand 25,20300,Ccl25 ,TECK;CKb15;Scya25;AI852536;A130072A22Rik;,thymusexpressed chemokine;small inducible cytokine A25;CC motif chemokine 25;small inducible chemokine 25;,CCL25_HUMAN,C-C motif chemokine 25,Chemokine TECK;Small-inducible cytokine A25;Thymus-expressed chemokine;,CCL25_MOUSE,C-C motif chemokine 25,Chemokine TECK;Small-inducible cytokine A25;Thymus-expressed chemokine;,,,,211,ccl-25;c-c motif chemokine 25;teck;mgc150327;chemokine teck;ck-beta-15;scya25;ckbeta-15;ckb-15;ckb15;thymus-expressed chemokine;ccl25;small-inducible cytokine a25;chemokine (c-c motif) ligand 25;,PR:000001801,C-C motif chemokine 25,SCYA25;thymus-expressed chemokine;TECK;CCL25;small-inducible cytokine A25;chemokine TECK;,http://pir.georgetown.edu/cgi-bin/pro/entry_pro?id=PR:000001801,602565,,,,,,,,,,,,,,,,,,,,,,,,,,,,,,,,,,,,,,,,,,,,,,,,,,,,,,,,,,,,,
CID_260,MET,HGNC:7029,met proto-oncogene,4233,MET,AUTS9;HGFR;RCCP2;c-Met;,HGF receptor;HGF/SF receptor;SF receptor;hepatocyte growth factor receptor;met proto-oncogene tyrosine kinase;proto-oncogene c-Met;scatter factor receptor;tyrosine-protein kinase Met;,MGI:96969,met proto-oncogene,17295,Met,AI838057;HGF;HGFR;Par4;c-Met;,HGF receptor;HGF/SF receptor;SF receptor;hepatocyte growth factor receptor;met proto-oncogene tyrosine kinase;proto-oncogene c-Met;scatter factor receptor;tyrosine-protein kinase Met;,MET_HUMAN,Hepatocyte growth factor receptor,HGF receptor;HGF/SF receptor;Proto-oncogene c-Met;Scatter factor receptor;SF receptor;Tyrosine-protein kinase Met;,,,,,,,,,PR:000010335,hepatocyte growth factor receptor,HGF/SF receptor;HGF receptor;scatter factor receptor;proto-oncogene c-Met;SF receptor;tyrosine-protein kinase Met;MET;,http://pir.georgetown.edu/cgi-bin/pro/entry_pro?id=PR:000010335,164860,,,,,,,,,,,,,,,,,,,,,,,,,,,,,,,,,,,,,,,,,,,,,,,,,,,,,,,,,,,,,
CID_261,EGFR,HGNC:3236,epidermal growth factor receptor,1956,EGFR,ERBB;ERBB1;HER1;PIG61;mENA;,avian erythroblastic leukemia viral (v-erb-b) oncogene homolog;cell growth inhibiting protein 40;cell proliferation-inducing protein 61;proto-oncogene c-ErbB-1;receptor tyrosine-protein kinase erbB-1;,MGI:95294,epidermal growth factor receptor,13649,Egfr,RP23-295E4.1;9030024J15Rik;AI552599;Erbb;Errb1;Errp;Wa5;wa-2;wa2;,avian erythroblastic leukemia viral (v-erb-b) oncogene homolog;waved 2;,EGFR_HUMAN,Epidermal growth factor receptor,Proto-oncogene c-ErbB-1;Receptor tyrosine-protein kinase erbB-1;,EGFR_MOUSE,Epidermal growth factor receptor,,,,,,,PR:000006933,epidermal growth factor receptor,ERBB1;receptor tyrosine-protein kinase erbB-1;EGFR;proto-oncogene c-ErbB-1;,http://pir.georgetown.edu/cgi-bin/pro/entry_pro?id=PR:000006933,131550,,,,,,,,,,,,,,,,,,,,,,,,,,,,,,,,,,,,,,,,,,,,,,,,,,,,,,,,,,,,,
CID_262,IFNGR2,HGNC:5440,interferon gamma receptor 2 (interferon gamma transducer 1),3460,IFNGR2,AF-1;IFGR2;IFNGT1;,IFN-gamma receptor 2;IFN-gamma-R2;interferon gamma receptor 2;interferon gamma receptor accessory factor 1;interferon gamma receptor accessory factor-1;interferon gamma receptor beta chain;interferon gamma transducer 1;,MGI:107654,interferon gamma receptor 2,15980,Ifngr2,Ifgr2;Ifgt;,Chromosome: 16;Location: 16 53.07 cM;,INGR2_HUMAN,Interferon gamma receptor 2,IFN-gamma receptor 2;IFN-gamma-R2;Interferon gamma receptor accessory factor 1;AF-1;Interferon gamma transducer 1;,Q63953_MOUSE,,,,,,,,PR:000008926,interferon-gamma receptor beta chain,IFN-gamma-R2;IFNGT1;interferon gamma transducer 1;interferon gamma receptor accessory factor 1;AF-1;IFNGR2;IFN-gamma receptor 2;,http://pir.georgetown.edu/cgi-bin/pro/entry_pro?id=PR:000008926,147569,,,,,,,,,,,,,,,,,,,,,,,,,,,,,,,,,,,,,,,,,,,,,,,,,,,,,,,,,,,,,
CID_263,IFNAR2,HGNC:5433,"interferon (alpha, beta and omega) receptor 2",3455,IFNAR2,IFN-R;IFN-alpha-REC;IFNABR;IFNARB;,IFN-R-2;IFN-alpha/beta receptor 2;human interferon alpha/beta receptor;interferon alpha binding protein;interferon alpha/beta receptor 2;interferon-alpha/beta receptor beta chain;type I interferon receptor 2;,MGI:1098243,interferon (alpha and beta) receptor 2,15976,Ifnar2,AI747302;Ifnar-2;,IFN-R-2;IFN-alpha/beta receptor 2;interferon alpha/beta receptor 2;interferon receptor 2c;interferon-alpha/beta receptor 2;type I interferon alpha/beta receptor 2a;type I interferon receptor 2;,INAR2_HUMAN,Interferon alpha/beta receptor 2,IFN-R-2;IFN-alpha binding protein;IFN-alpha/beta receptor 2;Interferon alpha binding protein;Type I interferon receptor 2;,INAR2_MOUSE,Interferon alpha/beta receptor 2,IFN-R-2;IFN-alpha/beta receptor 2;Type I interferon receptor 2;,,,,,,PR:000008923,interferon-alpha/beta receptor beta chain,IFN-R-2;IFNABR;type I interferon receptor 2;IFNAR2;IFNARB;IFN-alpha/beta receptor 2;,http://pir.georgetown.edu/cgi-bin/pro/entry_pro?id=PR:000008923,602376,,,,,,,,,,,,,,,,,,,,,,,,,,,,,,,,,,,,,,,,,,,,,,,,,,,,,,,,,,,,,
CID_264,IFNAR1,HGNC:5432,"interferon (alpha, beta and omega) receptor 1",3454,IFNAR1,AVP;IFN-alpha-REC;IFNAR;IFNBR;IFRC;,CRF2-1;IFN-R-1;IFN-alpha/beta receptor 1;alpha-type antiviral protein;beta-type antiviral protein;cytokine receptor class-II member 1;cytokine receptor family 2 member 1;interferon alpha/beta receptor 1;interferon-alpha/beta receptor alpha chain;interferon-beta receptor 1;type I interferon receptor 1;,MGI:107658,interferon (alpha and beta) receptor 1,15975,Ifnar1,CD118;Ifar;Ifnar;Ifrc;Infar;,IFN-R-1;IFN-alpha/beta receptor 1;IFN-alpha/betaR;INF-a receptor;interferon alpha/beta receptor 1;interferon-alpha/beta receptor 1;type I interferon receptor 1;,INAR1_HUMAN,Interferon alpha/beta receptor 1,IFN-R-1;IFN-alpha/beta receptor 1;Cytokine receptor class-II member 1;Cytokine receptor family 2 member 1;CRF2-1;Type I interferon receptor 1;,INAR1_MOUSE,Interferon alpha/beta receptor 1,IFN-R-1;IFN-alpha/beta receptor 1;Type I interferon receptor 1;,,,,,,PR:000008922,interferon-alpha/beta receptor alpha chain,type I interferon receptor 1;IFN-alpha/beta receptor 1;IFNAR;cytokine receptor class-II member 1;cytokine receptor family 2 member 1;Ifar;IFN-R-1;IFNAR1;CRF2-1;,http://pir.georgetown.edu/cgi-bin/pro/entry_pro?id=PR:000008922,107450,,,,,,,,,,,,,,,,,,,,,,,,,,,,,,,,,,,,,,,,,,,,,,,,,,,,,,,,,,,,,
CID_265,IL10RB,HGNC:5965,"interleukin 10 receptor, beta",3588,IL10RB,CDW210B;CRF2-4;CRFB4;D21S58;D21S66;IL-10R2;,"IL-10 receptor subunit beta;IL-10R subunit 2;IL-10R subunit beta;IL-10RB;cytokine receptor class-II CRF2-4;cytokine receptor class-II member 4;cytokine receptor family 2 member 4;cytokine receptor family II, member 4;interleukin-10 receptor subunit 2;interleukin-10 receptor subunit beta;",MGI:109380,"interleukin 10 receptor, beta",16155,Il10rb,6620401D04Rik;AI528744;CRF2-4;Crfb4;D16H21S58;D21S58h;IL-10R2;Il10r2;,"IL-10 receptor subunit beta;IL-10R subunit 2;IL-10R subunit beta;IL-10RB;cytokine receptor class-II member 4;cytokine receptor family 2 member 4;cytokine receptor family II, member 4;interleukin 10 receptor 2;interleukin-10 receptor subunit 2;interleukin-10 receptor subunit beta;",I10R2_HUMAN,Interleukin-10 receptor subunit beta,IL-10 receptor subunit beta;IL-10R subunit beta;IL-10RB;Cytokine receptor class-II member 4;Cytokine receptor family 2 member 4;CRF2-4;Interleukin-10 receptor subunit 2;IL-10R subunit 2;IL-10R2;,,,,,,,,,PR:000008979,interleukin-10 receptor beta chain,IL-10R2;CRF2-4;interleukin-10 receptor subunit 2;cytokine receptor family 2 member 4;CRFB4;IL10RB;cytokine receptor class-II member 4;IL-10R subunit 2;D21S58;IL-10R subunit beta;D21S66;IL-10 receptor subunit beta;IL-10RB;CDw210b;,http://pir.georgetown.edu/cgi-bin/pro/entry_pro?id=PR:000008979,123889,,,,,,,,,,,,,,,,,,,,,,,,,,,,,,,,,,,,,,,,,,,,,,,,,,,,,,,,,,,,,
CID_266,IL22RA1,HGNC:13700,"interleukin 22 receptor, alpha 1",58985,IL22RA1,CRF2-9;IL22R;IL22R1;,IL-22 receptor subunit alpha-1;IL-22R-alpha-1;IL-22RA1;cytokine receptor class-II member 9;cytokine receptor family 2 member 9;interleukin-22 receptor subunit alpha-1;zcytoR11;,MGI:2663588,"interleukin 22 receptor, alpha 1",230828,Il22ra1,RP23-110F21.4;9130219A07Rik;ENSMUSG00000073746;IL-22R;Il22r;,IL-22 receptor subunit alpha-1;IL-22R-alpha-1;IL-22RA1;interleukin-22 receptor alpha chain;interleukin-22 receptor subunit alpha-1;,I22R1_HUMAN,Interleukin-22 receptor subunit alpha-1,IL-22 receptor subunit alpha-1;IL-22R-alpha-1;IL-22RA1;Cytokine receptor class-II member 9;Cytokine receptor family 2 member 9;CRF2-9;ZcytoR11;,I22R1_MOUSE,Interleukin-22 receptor subunit alpha-1,IL-22 receptor subunit alpha-1;IL-22R-alpha-1;IL-22RA1;,,,,,,PR:000008999,interleukin-22 receptor subunit alpha-1,CRF2-9;ZcytoR11;IL22R;IL-22R-alpha-1;IL22RA1;IL-22RA1;cytokine receptor family 2 member 9;cytokine receptor class-II member 9;IL-22 receptor subunit alpha-1;,http://pir.georgetown.edu/cgi-bin/pro/entry_pro?id=PR:000008999,605457,,,,,,,,,,,,,,,,,,,,,,,,,,,,,,,,,,,,,,,,,,,,,,,,,,,,,,,,,,,,,
CID_267,IL22RA2,HGNC:14901,"interleukin 22 receptor, alpha 2",116379,IL22RA2,UNQ5793/PRO19598/PRO19822;CRF2-10;CRF2-S1;CRF2X;IL-22BP;IL-22R-alpha-2;IL-22RA2;ZCYTOR16;,"cytokine receptor class-II member 10;cytokine receptor family type 2, soluble 1;interleukin 22-binding protein;interleukin-22 receptor subunit alpha-2;",MGI:2665114,"interleukin 22 receptor, alpha 2",237310,Il22ra2,CRF2-10;CRF2-s1;CRF2X;Il-22bp;,"IL-22 receptor subunit alpha-2;IL-22R-alpha-2;IL-22RA2;IL22BP;cytokine receptor family II soluble 1;cytokine receptor family type 2, soluble 1;interleukin-22 receptor subunit alpha-2;interleukin-22-binding protein;zcytoR16;",I22R2_HUMAN,Interleukin-22 receptor subunit alpha-2,"IL-22 receptor subunit alpha-2;IL-22R-alpha-2;IL-22RA2;Cytokine receptor class-II member 10;Cytokine receptor family 2 member 10;CRF2-10;Cytokine receptor family type 2, soluble 1;CRF2-S1;Interleukin-22-binding protein;IL-22BP;IL22BP;ZcytoR16;",I22R2_MOUSE,Interleukin-22 receptor subunit alpha-2,"IL-22 receptor subunit alpha-2;IL-22R-alpha-2;IL-22RA2;Cytokine receptor family type 2, soluble 1;CRF2-S1;Interleukin-22-binding protein;IL-22BP;IL22BP;ZcytoR16;",,,,,,PR:000009000,interleukin-22 receptor subunit alpha-2,"CRF2-S1;interleukin-22-binding protein;IL-22BP;IL22RA2;ZcytoR16;CRF2-10;cytokine receptor family type 2, soluble 1;IL22BP;cytokine receptor family 2 member 10;IL-22RA2;IL-22 receptor subunit alpha-2;IL-22R-alpha-2;cytokine receptor class-II member 10;",http://pir.georgetown.edu/cgi-bin/pro/entry_pro?id=PR:000009000,606648,,,,,,,,,,,,,,,,,,,,,,,,,,,,,,,,,,,,,,,,,,,,,,,,,,,,,,,,,,,,,
CID_268,IFNLR1,HGNC:18584,"interferon, lambda receptor 1",163702,IFNLR1,RP11-10N16.1;CRF2/12;IFNLR;IL-28R1;IL28RA;LICR2;,"CRF2-12;IFN-lambda receptor 1;IFN-lambda-R1;IL-28 receptor subunit alpha;IL-28R-alpha;IL-28RA;class II cytokine receptor CRF2/12;cytokine receptor class-II member 12;cytokine receptor family 2 member 12;interferon lambda receptor 1;interferon lambda, receptor 1;interleukin 28 alpha receptor;interleukin 28 receptor A;interleukin 28 receptor, alpha (interferon, lambda receptor);interleukin or cytokine receptor 2;interleukin-28 receptor subunit alpha;likely interleukin or cytokine receptor 2;",MGI:2429859,interferon lambda receptor 1,242700,Ifnlr1,RP23-110F21.2;CRF2-12;Il28ra;,IFN-lambda R1;IL-28 receptor subunit alpha;IL-28R-alpha;IL-28RA;class II cytokine receptor 12;cytokine receptor class-II member 12;cytokine receptor family 2 member 12;interferon-lambda receptor 1;interleukin 28 receptor alpha;interleukin-28 receptor subunit alpha;,INLR1_HUMAN,Interferon lambda receptor 1,IFN-lambda receptor 1;IFN-lambda-R1;Cytokine receptor class-II member 12;Cytokine receptor family 2 member 12;CRF2-12;Interleukin-28 receptor subunit alpha;IL-28 receptor subunit alpha;IL-28R-alpha;IL-28RA;Likely interleukin or cytokine receptor 2;LICR2;,INLR1_MOUSE,Interferon lambda receptor 1,IFN-lambda R1;Cytokine receptor class-II member 12;Cytokine receptor family 2 member 12;CRF2-12;Interleukin-28 receptor subunit alpha;IL-28 receptor subunit alpha;IL-28R-alpha;IL-28RA;,,,,,,PR:000009003,interleukin-28 receptor alpha chain,IFN-lambda-R1;IFN-lambda R1;interferon lambda receptor 1;IL-28R-alpha;IFN-lambda receptor 1;IL28RA;cytokine receptor family 2 member 12;IFNLR1;likely interleukin or cytokine receptor 2;IL-28 receptor subunit alpha;LICR2;CRF2-12;cytokine receptor class-II member 12;IL-28RA;,http://pir.georgetown.edu/cgi-bin/pro/entry_pro?id=PR:000009003,607404,,,,,,,,,,,,,,,,,,,,,,,,,,,,,,,,,,,,,,,,,,,,,,,,,,,,,,,,,,,,,
CID_27,Chemokine CCL26,HGNC:10625,chemokine (C-C motif) ligand 26,10344,CCL26 ,IMAC;TSC-1;MIP-4a;SCYA26;MIP-4alpha;,"chemokine N1;eotaxin3;small inducible cytokine A26;CC chemokine IMAC;CC motif chemokine 26;macrophage inflammatory protein 4alpha;small inducible cytokine subfamily A (CysCys), member 26;thymic stroma chemokine1;smallinducible cytokine A26;MIP4alpha;",MGI:3589281,chemokine (C-C motif) ligand 26,541307,Ccl26 ,Ccl26l;,eotaxin3;chemokine (CC motif) ligand 26like;,CCL26_HUMAN,C-C motif chemokine 26,CC chemokine IMAC;Eotaxin-3;Macrophage inflammatory protein 4-alpha;MIP-4-alpha;Small-inducible cytokine A26;Thymic stroma chemokine-1;TSC-1;,F8VQM2_MOUSE,,,,,,213,ccl-26;,PR:000001997,C-C motif chemokine 26,small-inducible cytokine A26;TSC-1;MIP-4-alpha;CC chemokine IMAC;SCYA26;CCL26;macrophage inflammatory protein 4-alpha;eotaxin-3;thymic stroma chemokine-1;,http://pir.georgetown.edu/cgi-bin/pro/entry_pro?id=PR:000001997,604697,,,,,,,,,,,,,,,,,,,,,,,,,,,,,,,,,,,,,,,,,,,,,,,,,,,,,,,,,,,,,
CID_28,Chemokine CCL27,HGNC:10626,chemokine (C-C motif) ligand 27,10850,CCL27 ,ALP;ILC;CTAK;CTACK;PESKY;ESKINE;SCYA27;,"IL11 Ralphalocus chemokine;cutaneous Tcellattracting chemokine;CC motif chemokine 27;smallinducible cytokine A27;CC chemokine ILC;small inducible cytokine subfamily A (CysCys), member 27;cutaneous Tcell attracting chemokine;skinkine;",MGI:1343459,chemokine (C-C motif) ligand 27A,20301,Ccl27a ,ALP;ILC;CTAK;CTACK;Ccl27;PESKY;ESkine;Scya27;Scya27a;AW558992;,IL11 Ralphalocus chemokine;skinskine;cutaneous Tcellattracting chemokine;CC motif chemokine 27;small inducible cytokine A27a;smallinducible cytokine A27;CC chemokine ILC;chemokine (CC motif) ligand 27;skinkine;small inducible cytokine A27;,CCL27_HUMAN,C-C motif chemokine 27,CC chemokine ILC;Cutaneous T-cell-attracting chemokine;CTACK;ESkine;IL-11 R-alpha-locus chemokine;Skinkine;Small-inducible cytokine A27;,CCL27_MOUSE,C-C motif chemokine 27,CC chemokine ILC;Cutaneous T-cell-attracting chemokine;CTACK;ESkine;IL-11 R-alpha-locus chemokine;ALP;mILC;Skinkine;Small-inducible cytokine A27;,D054425,Chemokine CCL27,Chemokine CCL27;CCL27;,215,ccl-27;,PR:000001802,C-C motif chemokine 27,mILC;SCYA27;ILC;CC chemokine ILC;skinkine;cutaneous T-cell-attracting chemokine;small-inducible cytokine A27;CTACK;ESkine;IL-11 R-alpha-locus chemokine;ALP;CCL27;,http://pir.georgetown.edu/cgi-bin/pro/entry_pro?id=PR:000001802,604833,,,,,,,,,,,,,,,,,,,,,,,,,,,,,,,,,,,,,,,,,,,,,,,,,,,,,,,,,,,,,
CID_29,Chemokine CCL3,HGNC:10627,chemokine (C-C motif) ligand 3,6348,CCL3 ,MIP1A;SCYA3;G0S19-1;LD78ALPHA;MIP-1-alpha;,macrophage inflammatory protein 1alpha;PAT 464.1;SISbeta;CC motif chemokine 3;small inducible cytokine A3 (homologous to mouse Mip1a);tonsillar lymphocyte LD78 alpha protein;G0/G1 switch regulatory protein 191;,MGI:98260,chemokine (C-C motif) ligand 3,20302,Ccl3 ,Mip1a;Scya3;G0S19-1;AI323804;MIP1-(a);LD78alpha;MIP-1alpha;MIP1-alpha;,MIP1 alpha;macrophage inflammatory protein 1alpha;heparinbinding chemotaxis protein;MIP1 (a);smallinducible cytokine A3;CC motif chemokine 3;SISalpha;MIP1alpha;small inducible cytokine A3;TY5;macrophage inflammatory protein1alpha;L2G25B;,CCL3_HUMAN,MIP-1-alpha(4-69),G0/G1 switch regulatory protein 19-1;Macrophage inflammatory protein 1-alpha;MIP-1-alpha;PAT 464.1;SIS-beta;Small-inducible cytokine A3;Tonsillar lymphocyte LD78 alpha protein;LD78-alpha(4-69);,CCL3_MOUSE,C-C motif chemokine 3,Heparin-binding chemotaxis protein;L2G25B;Macrophage inflammatory protein 1-alpha;MIP-1-alpha;SIS-alpha;Small-inducible cytokine A3;TY-5;,D054405,Chemokine CCL3,C-C motif chemokine 3;CCL3;Chemokine CCL3;,229,ccl-3;mip1-alpha;ccl 3;mip 1 alpha;mip-1 alpha;,PR:000002123,C-C motif chemokine 3,TY-5;SCYA3;tonsillar lymphocyte LD78 alpha protein;MIP-1-alpha;heparin-binding chemotaxis protein;L2G25B;macrophage inflammatory protein 1-alpha;PAT 464.1;G0S19-1;SIS-alpha;small-inducible cytokine A3;SIS-beta;MIP1A;G0/G1 switch regulatory protein 19-1;CCL3;,http://pir.georgetown.edu/cgi-bin/pro/entry_pro?id=PR:000002123,182283,,,,,,,,,,,,,,,,,,,,,,,,,,,,,,,,,,,,,,,,,,,,,,,,,,,,,,,,,,,,,
CID_3,CCL3L1,HGNC:10628,chemokine (C-C motif) ligand 3-like 1,6349,CCL3L1 ,LD78;464.2;MIP1AP;SCYA3L;G0S19-2;SCYA3L1;D17S1718;LD78BETA;LD78-beta(1-70);,small inducible cytokine A3like 1;G0/G1 switch regulatory protein 192;tonsillar lymphocyte LD78 beta protein;CC motif chemokine 3like 1;,,,,,,,CL3L1_HUMAN,LD78-beta(5-70),G0/G1 switch regulatory protein 19-2;LD78-beta(1-70);PAT 464.2;Small-inducible cytokine A3-like 1;Tonsillar lymphocyte LD78 beta protein;,,,,D054405,Chemokine CCL3,,249,ccl3l1;chemokine (c-c motif) ligand 3-like 1;mgc182017;scya3l1;ld78-beta;g0s19-2;464.2;ld78beta;c-c motif chemokine 3-like 1;mip1ap;scya3l;mgc104178;mgc12815;ld78;d17s1718;,,,,,601395,,,,,,,,,,,,,,,,,,,,,,,,,,,,,,,,,,,,,,,,,,,,,,,,,,,,,,,,,,,,,
CID_30,Chemokine CCL4,HGNC:10630,chemokine (C-C motif) ligand 4,6351,CCL4 ,ACT2;G-26;HC21;LAG1;LAG-1;MIP1B;SCYA2;SCYA4;MIP1B1;AT744.1;MIP-1-beta;,CC motif chemokine 4;G26 Tlymphocytesecreted protein;MIP1beta(169);SISgamma;macrophage inflammatory protein 1beta;lymphocyte activation gene 1 protein;secreted protein G26;Tcell activation protein 2;PAT 744;small inducible cytokine A4 (homologous to mouse Mip1b);,MGI:98261,chemokine (C-C motif) ligand 4,20303,Ccl4 ,Act-2;Mip1b;Scya4;MIP-1B;AT744.1;,CC motif chemokine 4;MIP1 beta;SISgamma;immune activation protein 2;ACT2;macrophage inflammatory protein 1beta;MIP1beta;smallinducible cytokine A4;small inducible cytokine A4;,CCL4_HUMAN,MIP-1-beta(3-69),G-26 T-lymphocyte-secreted protein;HC21;Lymphocyte activation gene 1 protein;LAG-1;MIP-1-beta(1-69);Macrophage inflammatory protein 1-beta;MIP-1-beta;PAT 744;Protein H400;SIS-gamma;Small-inducible cytokine A4;T-cell activation protein 2;ACT-2;,CCL4_MOUSE,C-C motif chemokine 4,Immune activation protein 2;ACT-2;ACT2;Macrophage inflammatory protein 1-beta;MIP-1-beta;Protein H400;SIS-gamma;Small-inducible cytokine A4;,D054407,Chemokine CCL4,C-C motif chemokine 4;CCL4;Chemokine CCL4;,227,ccl-4;mip1-beta;mip 1 beta;mip-1 beta;ccl 4;,PR:000002124,C-C motif chemokine 4,LAG-1;immune activation protein 2;ACT2;ACT-2;SCYA4;HC21;macrophage inflammatory protein 1-beta;small-inducible cytokine A4;T-cell activation protein 2;LAG1;SIS-gamma;MIP-1-beta;CCL4;MIP1B;G-26 T-lymphocyte-secreted protein;MIP-1-beta(1-69);protein H400;lymphocyte activation gene 1 protein;PAT 744;,http://pir.georgetown.edu/cgi-bin/pro/entry_pro?id=PR:000002124,182284,,,,,,,,,,,,,,,,,,,,,,,,,,,,,,,,,,,,,,,,,,,,,,,,,,,,,,,,,,,,,
CID_31,Chemokine CCL5,HGNC:10632,chemokine (C-C motif) ligand 5,6352,CCL5 ,SISd;eoCP;SCYA5;RANTES;TCP228;D17S136E;SIS-delta;,"small inducible cytokine subfamily A (CysCys), member 5;regulated upon activation, normally Texpressed, and presumably secreted;betachemokine RANTES;eosinophil chemotactic cytokine;Tcell specific protein p288;CC motif chemokine 5;",MGI:98262,chemokine (C-C motif) ligand 5,20304,Ccl5 ,SISd;Scya5;RANTES;TCP228;MuRantes;,small inducible cytokine A5;SISdelta;smallinducible cytokine A5;Tcellspecific protein RANTES;CC motif chemokine 5;,CCL5_HUMAN,RANTES(4-68),EoCP;Eosinophil chemotactic cytokine;SIS-delta;Small-inducible cytokine A5;T cell-specific protein P228;TCP228;T-cell-specific protein RANTES;,CCL5_MOUSE,C-C motif chemokine 5,MuRantes;SIS-delta;Small-inducible cytokine A5;T-cell-specific protein RANTES;,D018946,Chemokine CCL5,CCL5;Chemokine CCL5;,237,ccl-5;small inducible cytokine a5;eocp;eocp-1;eosinophil chemotactic cytokine;chemokine (c-c motif) ligand 5;sisd;scya5;tcp228;eosinophil chemotactic polypeptide-1;t-cell-specific protein rantes;sis-delta;ccl5;t-cell-specific protein p228;mgc17164;murantes;d17s136e;rantes;,PR:000002094,small inducible cytokine A5,CCL5;D17S136E;EoCP;RANTES;SCYA5;SIS-delta;T cell-specific protein P228;T-cell-specific protein RANTES;TCP228;eosinophil chemotactic cytokine;small inducible cytokine A5;small-inducible cytokine A5;,http://pir.georgetown.edu/cgi-bin/pro/entry_pro?id=PR:000002094,187011,,,,,,,,,,,,,,,,,,,,,,,,,,,,,,,,,,,,,,,,,,,,,,,,,,,,,,,,,,,,,
CID_32,Chemokine CCL6,,chemokine (C-C motif) ligand 6,6353,CCL6 ,C10;MRP-1;SCYA6;,,MGI:98263,chemokine (C-C motif) ligand 6,20305,Ccl6 ,c10;MRP-1;Scya6;,small inducible cytokine A6;CC chemokine C10;smallinducible cytokine A6;CC motif chemokine 6;,,,,CCL6_MOUSE,CCL6(23-95),Protein C10;Small-inducible cytokine A6;,,,,235,ccl-6;,PR:000006166,C-C motif chemokine 6,small-inducible cytokine A6;protein C10;Ccl6;C10;Scya6;,http://pir.georgetown.edu/cgi-bin/pro/entry_pro?id=PR:000006166,,,,,,,,,,,,,,,,,,,,,,,,,,,,,,,,,,,,,,,,,,,,,,,,,,,,,,,,,,,,,,
CID_33,Chemokine CCL7,HGNC:10634,chemokine (C-C motif) ligand 7,6354,CCL7 ,FIC;MARC;MCP3;NC28;MCP-3;SCYA6;SCYA7;,monocyte chemoattractant protein 3;monocyte chemotactic protein 3;CC motif chemokine 7;smallinducible cytokine A7;small inducible cytokine A7 (monocyte chemotactic protein 3);,MGI:99512,chemokine (C-C motif) ligand 7,20306,Ccl7 ,fic;marc;mcp3;MCP-3;Scya7;,monocyte chemoattractant protein 3;monocyte chemotactic protein 3;small inducible cytokine A7;RANTES/sis homolog;CC motif chemokine 7;smallinducible cytokine A7;intercrine/chemokine MARC;,CCL7_HUMAN,C-C motif chemokine 7,Monocyte chemoattractant protein 3;Monocyte chemotactic protein 3;MCP-3;NC28;Small-inducible cytokine A7;,CCL7_MOUSE,C-C motif chemokine 7,Intercrine/chemokine MARC;Monocyte chemoattractant protein 3;Monocyte chemotactic protein 3;MCP-3;Protein FIC;Small-inducible cytokine A7;,D054410,Chemokine CCL7,C-C motif chemokine 7;CCL7;Chemokine CCL7;,233,ccl-7;,PR:000002125,C-C motif chemokine 7,monocyte chemoattractant protein 3;SCYA6;MCP3;CCL7;SCYA7;small-inducible cytokine A7;NC28;monocyte chemotactic protein 3;Fic;protein FIC;MCP-3;intercrine/chemokine MARC;,http://pir.georgetown.edu/cgi-bin/pro/entry_pro?id=PR:000002125,158106,,,,,,,,,,,,,,,,,,,,,,,,,,,,,,,,,,,,,,,,,,,,,,,,,,,,,,,,,,,,,
CID_34,Chemokine CCL8,HGNC:10635,chemokine (C-C motif) ligand 8,6355,CCL8 ,HC14;MCP2;MCP-2;SCYA8;SCYA10;,"CC motif chemokine 8;small inducible cytokine subfamily A (CysCys), member 8 (monocyte chemotactic protein 2);monocyte chemotactic protein 2;smallinducible cytokine A8;monocyte chemoattractant protein 2;",MGI:101878,chemokine (C-C motif) ligand 8,20307,Ccl8 ,HC14;Mcp2;MCP-2;Scya8;AB023418;1810063B20Rik;,monocyte chemoattractant protein2;CC motif chemokine 8;monocyte chemotactic protein 2;small inducible cytokine A8;smallinducible cytokine A8;monocyte chemoattractant protein 2;,CCL8_HUMAN,MCP-2(6-76),HC14;Monocyte chemoattractant protein 2;Monocyte chemotactic protein 2;MCP-2;Small-inducible cytokine A8;,CCL8_MOUSE,C-C motif chemokine 8,Monocyte chemoattractant protein 2;Monocyte chemotactic protein 2;MCP-2;Small-inducible cytokine A8;,D054412,Chemokine CCL8,Chemokine CCL8;CCL8;,,,PR:000002126,C-C motif chemokine 8,HC14;MCP2;small-inducible cytokine A8;SCYA10;SCYA8;MCP-2;CCL8;monocyte chemotactic protein 2;monocyte chemoattractant protein 2;,http://pir.georgetown.edu/cgi-bin/pro/entry_pro?id=PR:000002126,602283,,,,,,,,,,,,,,,,,,,,,,,,,,,,,,,,,,,,,,,,,,,,,,,,,,,,,,,,,,,,,
CID_35,Chemokine CCL9,,chemokine (C-C motif) ligand 9,337988,CCL9 ,CCL10;Scya9;Scya10;,,MGI:104533,chemokine (C-C motif) ligand 9,20308,Ccl9 ,CCF18;MRP-2;Scya9;Scya10;,small inducible cytokine A9;macrophage inflammatory protein 1gamma;CC motif chemokine 9;MIP1 gamma;macrophage inflammatory proteinrelated protein 2;small inducible cytokine A10;,,,,CCL9_MOUSE,CCL9(31-101),CCF18;Macrophage inflammatory protein 1-gamma;MIP-1-gamma;Macrophage inflammatory protein-related protein 2;MRP-2;Small-inducible cytokine A9;,,,,239,ccl-9;mip-1-gamma;chemokine (c-c motif) ligand 9;mip1(gamma);mip-1(gamma);scya10;ccf-18;mip1-gamma;mrp-2;mrp2;small-inducible cytokine a9;ccf18;c-c motif chemokine 9;small inducible cytokine a10;macrophage inflammatory protein 1-gamma;ccl9;mip-1gamma;macrophage inflammatory protein-related protein 2;scya9;,PR:000006167,C-C motif chemokine 9,MIP-1-gamma;macrophage inflammatory protein 1-gamma;small-inducible cytokine A9;Scya9;macrophage inflammatory protein-related protein 2;Ccl9;MRP-2;CCF18;Mrp2;Scya10;,http://pir.georgetown.edu/cgi-bin/pro/entry_pro?id=PR:000006167,,,,,,,,,,,,,,,,,,,,,,,,,,,,,,,,,,,,,,,,,,,,,,,,,,,,,,,,,,,,,,
CID_36,Chemokine CX3CL1,HGNC:10647,chemokine (C-X3-C motif) ligand 1,6376,CX3CL1 ,NTN;NTT;CXC3;CXC3C;SCYD1;ABCD-3;C3Xkine;fractalkine;neurotactin;,"CX3C membraneanchored chemokine;small inducible cytokine subfamily D (CysX3Cys), member 1 (fractalkine, neurotactin);CX3C motif chemokine 1;smallinducible cytokine D1;small inducible cytokine subfamily D (CysX3Cys), member1;fractalkine;",MGI:1097153,chemokine (C-X3-C motif) ligand 1,20312,Cx3cl1 ,CX3C;Cxc3;Scyd1;ABCD-3;AB030188;AI848747;D8Bwg0439e;,"CX3C membraneanchored chemokine;small inducible cytokine subfamily D, 1;CX3C motif chemokine 1;neurotactin;smallinducible cytokine D1;fractalkine;",X3CL1_HUMAN,Processed fractalkine,C-X3-C motif chemokine 1;CX3C membrane-anchored chemokine;Neurotactin;Small-inducible cytokine D1;,X3CL1_MOUSE,Processed fractalkine,C-X3-C motif chemokine 1;CX3C membrane-anchored chemokine;Neurotactin;Small-inducible cytokine D1;,D054428,Chemokine CX3CL1,C-X3-C motif chemokine 1;CX3CL1;Chemokine CX3CL1;,297,cx3cl1;abcd-3;ntn;c3xkine;fractalkine;ntt;c-x3-c motif chemokine 1;cxc3;neurotactin;scyd1;small-inducible cytokine d1;cxc3c;abcd3;fkn;cx3c membrane-anchored chemokine;chemokine (c-x3-c motif) ligand 1;,PR:000001855,fractalkine,FKN;small-inducible cytokine D1;CX3C membrane-anchored chemokine;NTT;CX3CL1;C-X3-C motif chemokine 1;neurotactin;Cx3c;SCYD1;,http://pir.georgetown.edu/cgi-bin/pro/entry_pro?id=PR:000001855,601880,,,,,,,,,,,,,,,,,,,,,,,,,,,,,,,,,,,,,,,,,,,,,,,,,,,,,,,,,,,,,
CID_37,Chemokine CXCL1,HGNC:4602,"chemokine (C-X-C motif) ligand 1 (melanoma growth stimulating activity, alpha)",2919,CXCL1 ,FSP;GRO1;GROa;MGSA;NAP-3;SCYB1;MGSA-a;,"GROalpha(173);CXC motif chemokine 1;melanoma growth stimulatory activity alpha;GRO1 oncogene (melanoma growth stimulating activity, alpha);GRO1 oncogene (melanoma growthstimulating activity);fibroblast secretory protein;MGSA alpha;growthregulated alpha protein;neutrophilactivating protein 3;",MGI:108068,chemokine (C-X-C motif) ligand 1,14825,Cxcl1 ,KC;Fsp;N51;gro;Gro1;Mgsa;Scyb1;,alphachemokine;KC/GROalpha;CXC motif chemokine 1;plateletderived growth factorinducible protein KC;secretory protein N51;KC/GR)alpha;growthregulated alpha protein;GRO1 oncogene;,GROA_HUMAN,GRO-alpha(6-73),C-X-C motif chemokine 1;GRO-alpha(1-73);Melanoma growth stimulatory activity;MGSA;Neutrophil-activating protein 3;NAP-3;,GROA_MOUSE,KC(5-72),C-X-C motif chemokine 1;Platelet-derived growth factor-inducible protein KC;Secretory protein N51;Hematopoietic synergistic factor;HSF;KC-T;,D054360,Chemokine CXCL1,C-X-C motif chemokine 1;CXCL1;Chemokine CXCL1;,291,Chemokine_CXCL1;fsp;groa;gro-alpha;c-x-c motif chemokine 1;chemokine (c-x-c motif) ligand 1;gro1;cxcl-1;cxcl1;gro(alpha);,PR:000006063,growth-regulated alpha protein,platelet-derived growth factor-inducible protein KC;melanoma growth stimulatory activity;GRO1;neutrophil-activating protein 3;NAP-3;GROA;GRO-alpha(1-73);GRO;CXCL1;secretory protein N51;MGSA;C-X-C motif chemokine 1;SCYB1;,http://pir.georgetown.edu/cgi-bin/pro/entry_pro?id=PR:000006063,155730,,,,,,,,,,,,,,,,,,,,,,,,,,,,,,,,,,,,,,,,,,,,,,,,,,,,,,,,,,,,,
CID_38,Chemokine CXCL10,HGNC:10637,chemokine (C-X-C motif) ligand 10,3627,CXCL10 ,C7;IFI10;INP10;IP-10;crg-2;mob-1;SCYB10;gIP-10;,"gamma IP10;smallinducible cytokine B10;small inducible cytokine subfamily B (CysXCys), member 10;gammaIP10;CXC motif chemokine 10;interferoninducible cytokine IP10;protein 10 from interferon (gamma)induced cell line;10 kDa interferon gammainduced protein;",MGI:1352450,chemokine (C-X-C motif) ligand 10,15945,Cxcl10 ,C7;IP10;CRG-2;INP10;IP-10;Ifi10;mob-1;Scyb10;gIP-10;,"interferongammainduced protein CRG2;smallinducible cytokine B10;gammaIP10;CXC motif chemokine 10;interferon activated gene 10;interferongamma induced protein CRG2;small inducible cytokine B subfamily (CysXCys), member 10;10 kDa interferon gammainduced protein;",CXL10_HUMAN,CXCL10(1-73),10 kDa interferon gamma-induced protein;Gamma-IP10;IP-10;Small-inducible cytokine B10;,CXL10_MOUSE,C-X-C motif chemokine 10,10 kDa interferon gamma-induced protein;Gamma-IP10;IP-10;C7;Interferon-gamma induced protein CRG-2;Small-inducible cytokine B10;,D054357,Chemokine CXCL10,C-X-C motif chemokine 10;C7;CXCL10;Chemokine CXCL10;,289,Chemokine_CXCL10;interferon-inducible protein-10;ifi10;gip-10;scyb10;inp10;cxcl10;gip10;crg-2;c7;inp-10;cxcl-10;small-inducible cytokine b10;chemokine (c-x-c motif) ligand 10;mob1;c-x-c motif chemokine 10;ip-10;gamma-ip10;mob-1;interferon-gamma induced protein crg-2;10 kda interferon gamma-induced protein;crg2;,PR:000006064,C-X-C motif chemokine 10,C-X-C motif chemokine 10;10 kDa interferon gamma-induced protein;C7;CXCL10;Crg2;INP10;IP-10;Ifi10;SCYB10;gamma-IP10;interferon-gamma induced protein CRG-2;small-inducible cytokine B10;,http://pir.georgetown.edu/cgi-bin/pro/entry_pro?id=PR:000006064,147310,,,,,,,,,,,,,,,,,,,,,,,,,,,,,,,,,,,,,,,,,,,,,,,,,,,,,,,,,,,,,
CID_39,Chemokine CXCL11,HGNC:10638,chemokine (C-X-C motif) ligand 11,6373,CXCL11 ,IP9;H174;IP-9;b-R1;I-TAC;SCYB11;SCYB9B;,"interferon gammainducible protein 9;smallinducible cytokine B11;small inducible cytokine B11;small inducible cytokine subfamily B (CysXCys), member 11;small inducible cytokine subfamily B (CysXCys), member 9B;interferoninducible Tcell alpha chemoattractant;betaR1;CXC motif chemokine 11;",MGI:1860203,chemokine (C-X-C motif) ligand 11,56066,Cxcl11 ,Ip9;H174;Itac;b-R1;Cxc11;I-tac;Scyb11;Scyb9b;betaR1;,"smallinducible cytokine B11;small inducible cytokine subfamily B (CysXCys), member 11;interferoninducible Tcell alpha chemoattractant;CXC motif chemokine 11;",CXL11_HUMAN,C-X-C motif chemokine 11,Beta-R1;H174;Interferon gamma-inducible protein 9;IP-9;Interferon-inducible T-cell alpha chemoattractant;I-TAC;Small-inducible cytokine B11;,CXL11_MOUSE,C-X-C motif chemokine 11,Interferon-inducible T-cell alpha chemoattractant;I-TAC;Small-inducible cytokine B11;,D054371,Chemokine CXCL11,Chemokine CXCL11;,293,cxcl-11;i-tac;scyb11;b-r1;cxcl11;beta-r1;ip-9;scyb9b;h174;mgc102770;small-inducible cytokine b11;itac;small inducible cytokine subfamily b member 11;c-x-c motif chemokine 11;ip9;interferon-inducible t-cell alpha chemoattractant;chemokine (c-x-c motif) ligand 11;,PR:000006065,C-X-C motif chemokine 11,SCYB9B;small-inducible cytokine B11;IP-9;interferon-inducible T-cell alpha chemoattractant;H174;SCYB11;I-TAC;interferon gamma-inducible protein 9;beta-R1;CXCL11;ITAC;,http://pir.georgetown.edu/cgi-bin/pro/entry_pro?id=PR:000006065,604852,,,,,,,,,,,,,,,,,,,,,,,,,,,,,,,,,,,,,,,,,,,,,,,,,,,,,,,,,,,,,
CID_4,CCL3L2,HGNC:10629,chemokine (C-C motif) ligand 3 pseudogene 1,390788,CCL3P1,CCL3L2; G0S19-3; SCYA3L2; LD78gamma;,,,,,,,,,,,,,,D054405,Chemokine CCL3,,247,ccl3l2;ld78gamma;ld78-gamma;chemokine (c-c motif) ligand 3-like 2;scya3l2;g0s19-3;chemokine cc motif ligand 3-like protein 2;,,,,,609467,,,,,,,,,,,,,,,,,,,,,,,,,,,,,,,,,,,,,,,,,,,,,,,,,,,,,,,,,,,,,
CID_40,Chemokine CXCL12,HGNC:10672,chemokine (C-X-C motif) ligand 12,6387,CXCL12 ,IRH;PBSF;SDF1;TLSF;TPAR1;SCYB12;,intercrine reduced in hepatomas;preB cell growthstimulating factor;stromal cellderived factor 1;,MGI:103556,chemokine (C-X-C motif) ligand 12,20315,Cxcl12 ,Pbsf;Sdf1;Tlsf;Tpar1;Scyb12;,preBcell growthstimulating factor;12Otetradecanoylphorbol 13acetate repressed protein 1;thymic lymphoma cellstimulating factor;stromal cellderived factor 1;,SDF1_HUMAN,SDF-1-alpha(3-67),SDF-1;hSDF-1;C-X-C motif chemokine 12;Intercrine reduced in hepatomas;IRH;hIRH;Pre-B cell growth-stimulating factor;PBSF;,SDF1_MOUSE,Stromal cell-derived factor 1,SDF-1;12-O-tetradecanoylphorbol 13-acetate repressed protein 1;TPAR1;C-X-C motif chemokine 12;Pre-B cell growth-stimulating factor;PBSF;Thymic lymphoma cell-stimulating factor;TLSF;,D054377,Chemokine CXCL12,Chemokine CXCL12;,,,PR:000006066,stromal cell-derived factor 1,SDF1A;TPAR1;TLSF;IRH;SDF1;SDF-1;SDF1B;12-O-tetradecanoylphorbol 13-acetate repressed protein 1;CXCL12;PBSF;C-X-C motif chemokine 12;intercrine reduced in hepatomas;pre-B cell growth-stimulating factor;thymic lymphoma cell-stimulating factor;,http://pir.georgetown.edu/cgi-bin/pro/entry_pro?id=PR:000006066,600835,,,,,,,,,,,,,,,,,,,,,,,,,,,,,,,,,,,,,,,,,,,,,,,,,,,,,,,,,,,,,
CID_41,Chemokine CXCL13,HGNC:10639,chemokine (C-X-C motif) ligand 13,10563,CXCL13 ,BLC;BCA1;ANGIE;BCA-1;BLR1L;ANGIE2;SCYB13;,"chemokine (CXC motif) ligand 13 (Bcell chemoattractant);CXC motif chemokine 13;b lymphocyte chemoattractant;small inducible cytokine B subfamily (CysXCys motif), member 13 (Bcell chemoattractant);b cellattracting chemokine 1;Bcellhoming chemokine (ligand for Burkitt's lymphoma receptor1);Blymphocyte chemoattractant;Bcellattracting chemokine 1;Bcell chemoattractant;CXC chemokine BLC;smallinducible cytokine B13;",MGI:1888499,chemokine (C-X-C motif) ligand 13,55985,Cxcl13 ,BLC;Angie;BCA-1;BLR1L;ANGIE2;Scyb13;4631412M08Rik;,"CXC motif chemokine 13;small inducible cytokine subfamily B (CysXCys), member 13;B lymphocyte chemoattractant;CXC chemokine BLC;smallinducible cytokine B13;",CXL13_HUMAN,C-X-C motif chemokine 13,Angie;B cell-attracting chemokine 1;BCA-1;B lymphocyte chemoattractant;CXC chemokine BLC;Small-inducible cytokine B13;,CXL13_MOUSE,C-X-C motif chemokine 13,B lymphocyte chemoattractant;CXC chemokine BLC;Small-inducible cytokine B13;,D054382,Chemokine CXCL13,Chemokine CXCL13;,275,cxcl-13;,PR:000006067,C-X-C motif chemokine 13,small-inducible cytokine B13;SCYB13;B lymphocyte chemoattractant;BCA1;CXCL13;BCA-1;B cell-attracting chemokine 1;CXC chemokine BLC;angie;BLC;,http://pir.georgetown.edu/cgi-bin/pro/entry_pro?id=PR:000006067,605149,,,,,,,,,,,,,,,,,,,,,,,,,,,,,,,,,,,,,,,,,,,,,,,,,,,,,,,,,,,,,
CID_42,Chemokine CXCL14,HGNC:10640,chemokine (C-X-C motif) ligand 14,9547,CXCL14 ,KEC;KS1;BMAC;BRAK;NJAC;MIP2G;MIP-2g;SCYB14;,"chemokine BRAK;tumorsuppressing chemokine;MIP2 gamma;smallinducible cytokine B14;CXC motif chemokine 14;bolekine;small inducible cytokine subfamily B (CysXCys), member 14 (BRAK);CXC chemokine in breast and kidney;breast and kidney;",MGI:1888514,chemokine (C-X-C motif) ligand 14,57266,Cxcl14 ,KS1;Kec;BMAC;BRAK;NJAC;MIP-2g;Scyb14;AI414372;bolekine;MIP2gamma;1110031L23Rik;1200006I23Rik;,"chemokine BRAK;small inducible cytokine subfamily B (CysXCys), member 14;musculus CXC chemokine MIP2gamma;Bcell and monocyteactivating chemokine;smallinducible cytokine B14;CXC motif chemokine 14;kidneyexpressed chemokine CXC;",CXL14_HUMAN,C-X-C motif chemokine 14,Chemokine BRAK;MIP-2G;Small-inducible cytokine B14;,CXL14_MOUSE,C-X-C motif chemokine 14,B-cell and monocyte-activating chemokine;Chemokine BRAK;Kidney-expressed chemokine CXC;MIP-2G;Small-inducible cytokine B14;,,,,279,cxcl-14;,PR:000006068,C-X-C motif chemokine 14,CXCL14;SCYB14;NJAC;chemokine BRAK;small-inducible cytokine B14;,http://pir.georgetown.edu/cgi-bin/pro/entry_pro?id=PR:000006068,604186,,,,,,,,,,,,,,,,,,,,,,,,,,,,,,,,,,,,,,,,,,,,,,,,,,,,,,,,,,,,,
CID_43,Chemokine CXCL15,,chemokine (C-X-C motif) ligand 15,337989,CXCL15 ,weche;lungkine;,,MGI:1339941,chemokine (C-X-C motif) ligand 15,20309,Cxcl15 ,Il8;weche;Scyb15;lungkine;,"smallinducible cytokine B15;interleukin 8;CXC motif chemokine 15;small inducible cytokine subfamily B, member 15;",,,,CXL15_MOUSE,C-X-C motif chemokine 15,Lungkine;Small-inducible cytokine B15;,,,,283,cxcl-15;,PR:000006217,C-X-C motif chemokine 15,small-inducible cytokine B15;Cxcl15;Scyb15;lungkine;,http://pir.georgetown.edu/cgi-bin/pro/entry_pro?id=PR:000006217,,,,,,,,,,,,,,,,,,,,,,,,,,,,,,,,,,,,,,,,,,,,,,,,,,,,,,,,,,,,,,
CID_44,Chemokine CXCL16,HGNC:16642,chemokine (C-X-C motif) ligand 16,58191,CXCL16 ,SRPSOX;CXCLG16;SR-PSOX;,transmembrane chemokine CXCL16;smallinducible cytokine B16;CXC motif chemokine 16;CXC chemokine ligand 16;scavenger receptor for phosphatidylserine and oxidized low density lipoprotein;,MGI:1932682,chemokine (C-X-C motif) ligand 16,66102,Cxcl16 ,SR-PSOX;Zmynd15;AV290116;BB024863;CXCL16v1;CXCL16v2;b2b498Clo;0910001K24Rik;,"transmembrane chemokine CXCL16;zinc finger, MYNDtype containing 15;smallinducible cytokine B16;CXC motif chemokine 16;scavenger receptor for phosphatidylserine and oxidized low density lipoprotein;SRPSOX/CXCL16;Mutant line 498;Cxc chemokine ligand 16;",CXL16_HUMAN,C-X-C motif chemokine 16,Scavenger receptor for phosphatidylserine and oxidized low density lipoprotein;SR-PSOX;Small-inducible cytokine B16;Transmembrane chemokine CXCL16;,CXL16_MOUSE,C-X-C motif chemokine 16,Scavenger receptor for phosphatidylserine and oxidized low density lipoprotein;SR-PSOX;Small-inducible cytokine B16;Transmembrane chemokine CXCL16;,,,,285,cxcl-16;,PR:000001804,C-X-C motif chemokine 16,transmembrane chemokine CXCL16;CXCL16;SRPSOX;SR-PSOX;small-inducible cytokine B16;scavenger receptor for phosphatidylserine and oxidized low density lipoprotein;SCYB16;,http://pir.georgetown.edu/cgi-bin/pro/entry_pro?id=PR:000001804,605398,,,,,,,,,,,,,,,,,,,,,,,,,,,,,,,,,,,,,,,,,,,,,,,,,,,,,,,,,,,,,
CID_45,Chemokine CXCL17,HGNC:19232,chemokine (C-X-C motif) ligand 17,284340,CXCL17 ,DMC;VCC1;Dcip1;VCC-1;UNQ473;,dendritic cell and monocyte chemokinelike protein;VEGF coregulated chemokine 1;CXC motif chemokine 17;,MGI:2387642,chemokine (C-X-C motif) ligand 17,232983,Cxcl17 ,Vcc1;VCC-1;,13.6 kDa protein;13.6kDa protein;VEGF coregulated chemokine 1;CXC motif chemokine 17;,VCC1_HUMAN,VEGF coregulated chemokine 1,C-X-C motif chemokine 17;Dendritic cell and monocyte chemokine-like protein;DMC;,VCC1_MOUSE,VEGF coregulated chemokine 1,13.6 kDa protein;C-X-C motif chemokine 17;,,,,287,cxcl-17;vcc-1;vegf co-regulated chemokine 1;cxcl17;vcc1;dmc;unq473;mgc138300;dcip1;chemokine (c-x-c motif) ligand 17;c-x-c motif chemokine 17;dendritic cell and monocyte chemokine-like protein;,PR:000001805,VEGF co-regulated chemokine 1,DMC;dendritic cell and monocyte chemokine-like protein;13.6 kDa protein;CXCL17;VCC1;,http://pir.georgetown.edu/cgi-bin/pro/entry_pro?id=PR:000001805,611387,,,,,,,,,,,,,,,,,,,,,,,,,,,,,,,,,,,,,,,,,,,,,,,,,,,,,,,,,,,,,
CID_46,Chemokine CXCL2,HGNC:4603,chemokine (C-X-C motif) ligand 2,2920,CXCL2 ,GRO2;GROb;MIP2;MIP2A;SCYB2;MGSA-b;MIP-2a;CINC-2a;,MGSA beta;melanoma growth stimulatory activity beta;growthregulated protein beta;MIP2alpha;GRO2 oncogene;grobeta;macrophage inflammatory protein 2alpha;CXC motif chemokine 2;,MGI:1340094,chemokine (C-X-C motif) ligand 2,20310,Cxcl2 ,GROb;Gro2;Mip2;Scyb;MIP-2;Scyb2;MIP-2a;Mgsa-b;CINC-2a;,"macrophage inflammatory protein 2;small inducible cytokine subfamily, member 2;CXC motif chemokine 2;",CXCL2_HUMAN,GRO-beta(5-73),Growth-regulated protein beta;Gro-beta;Macrophage inflammatory protein 2-alpha;MIP2-alpha;GRO-beta-T;Hematopoietic synergistic factor;HSF;SB-251353;,CXCL2_MOUSE,C-X-C motif chemokine 2,Macrophage inflammatory protein 2;MIP2;,D054426,Chemokine CXCL2,Chemokine CXCL2;CXCL2;,,,PR:000006069,C-X-C motif chemokine 2,macrophage inflammatory protein 2-alpha;Mip-2;SCYB2;GROB;MIP2-alpha;CXCL2;MIP2;growth-regulated protein beta;Gro-beta;macrophage inflammatory protein 2;GRO2;MIP2A;,http://pir.georgetown.edu/cgi-bin/pro/entry_pro?id=PR:000006069,139110,,,,,,,,,,,,,,,,,,,,,,,,,,,,,,,,,,,,,,,,,,,,,,,,,,,,,,,,,,,,,
CID_47,Chemokine CXCL3,HGNC:4604,chemokine (C-X-C motif) ligand 3,2921,CXCL3 ,GRO3;GROg;MIP2B;SCYB3;MIP-2b;CINC-2b;,macrophage inflammatory protein 2beta;MGSA gamma;GROgamma;GROgamma(173);MIP2beta;CXC motif chemokine 3;melanoma growth stimulatory activity gamma;GRO3 oncogene;growthregulated protein gamma;,MGI:3037818,chemokine (C-X-C motif) ligand 3,330122,Cxcl3 ,Dcip1;Gm1960;,CXC motif chemokine 3;dendritic cell inflammatory protein 1;,CXCL3_HUMAN,GRO-gamma(5-73),GRO-gamma(1-73);Growth-regulated protein gamma;GRO-gamma;Macrophage inflammatory protein 2-beta;MIP2-beta;,CXCL3_MOUSE,C-X-C motif chemokine 3,Dendritic cell inflammatory protein 1;,,,,265,cxcl-3;,PR:000006070,C-X-C motif chemokine 3,SCYB3;MIP2-beta;GRO-gamma(1-73);CXCL3;GRO-gamma;dendritic cell inflammatory protein 1;GRO3;Gm1960;GROG;growth-regulated protein gamma;Dcip1;macrophage inflammatory protein 2-beta;,http://pir.georgetown.edu/cgi-bin/pro/entry_pro?id=PR:000006070,139111,,,,,,,,,,,,,,,,,,,,,,,,,,,,,,,,,,,,,,,,,,,,,,,,,,,,,,,,,,,,,
CID_48,Chemokine CXCL4,HGNC:8861,platelet factor 4,5196,PF4 ,PF-4;CXCL4;SCYB4;,chemokine (CXC motif) ligand 4;iroplact;platelet factor 4;oncostatinA;CXC motif chemokine 4;,MGI:1888711,platelet factor 4,56744,Pf4 ,Cxcl4;Scyb4;,PF4;chemokine (CXC motif) ligand 4;platelet factor 4;CXC motif chemokine 4;,PLF4_HUMAN,"Platelet factor 4, short form",PF-4;C-X-C motif chemokine 4;Iroplact;Oncostatin-A;,PLF4_MOUSE,Platelet factor 4,PF-4;C-X-C motif chemokine 4;,D010978,Platelet Factor 4,Platelet Factor 4;,269,cxcl-4;mgc138298;pf-4;cxcl4;iroplact;platelet factor-4;pf4;scyb4;c-x-c motif chemokine 4;oncostatin-A;chemokine (c-x-c motif) ligand 4;platelet factor 4;,PR:000012569,platelet factor 4,SCYB4;PF4;iroplact;PF-4;CXCL4;C-X-C motif chemokine 4;oncostatin-A;,http://pir.georgetown.edu/cgi-bin/pro/entry_pro?id=PR:000012569,173460,,,,,,,,,,,,,,,,,,,,,,,,,,,,,,,,,,,,,,,,,,,,,,,,,,,,,,,,,,,,,
CID_49,Chemokine CXCL5,HGNC:10642,chemokine (C-X-C motif) ligand 5,6374,CXCL5 ,SCYB5;ENA-78;,"CXC motif chemokine 5;epithelialderived neutrophilactivating protein 78;neutrophilactivating peptide ENA78;small inducible cytokine subfamily B (CysXCys), member 5 (epithelialderived neutrophilactivating peptide 78);neutrophilactivating protein 78;",MGI:1096868,chemokine (C-X-C motif) ligand 5,20311,Cxcl5 ,LIX;GCP-2;Scyb5;Scyb6;ENA-78;AMCF-II;,"CXC motif chemokine 5;cytokine LIX;smallinducible cytokine B5;small inducible cytokine B subfamily, member 5;granulocyte chemotactic protein2;small inducible cytokine subfamily B, member 15;",CXCL5_HUMAN,ENA-78(9-78),ENA-78(1-78);Epithelial-derived neutrophil-activating protein 78;Neutrophil-activating peptide ENA-78;Small-inducible cytokine B5;,CXCL5_MOUSE,GCP-2(9-78),Cytokine LIX;Small-inducible cytokine B5;,D054365,Chemokine CXCL5,C-X-C motif chemokine 5;CXCL5;Chemokine CXCL5;,295,Chemokine_CXCL5;ena-78;cxcl-5;small-inducible cytokine b5;cxcl5;scyb5;lix;c-x-c motif chemokine 5;cytokine lix;epithelial-derived neutrophil-activating protein 78;amcf2;ena78;amcf-2;neutrophil-activating peptide ena-78;chemokine (c-x-c motif) ligand 5;,PR:000006071,C-X-C motif chemokine 5,neutrophil-activating peptide ENA-78;cytokine LIX;epithelial-derived neutrophil-activating protein 78;small-inducible cytokine B5;ENA78;ENA-78(1-78);CXCL5;SCYB5;,http://pir.georgetown.edu/cgi-bin/pro/entry_pro?id=PR:000006071,600324,,,,,,,,,,,,,,,,,,,,,,,,,,,,,,,,,,,,,,,,,,,,,,,,,,,,,,,,,,,,,
CID_5,CCL3L3,HGNC:30554,chemokine (C-C motif) ligand 3-like 3,414062,CCL3L3 ,LD78;464.2;SCYA3L;G0S19-2;SCYA3L1;D17S1718;LD78BETA;,"small inducible cytokine A3like 1;LD78beta(170);chemokine (CC motif) ligand 3like, centromeric;G0/G1 switch regulatory protein 192;tonsillar lymphocyte LD78 beta protein;CC motif chemokine 3like 1;",,,,,,,CL3L1_HUMAN,LD78-beta(5-70),G0/G1 switch regulatory protein 19-2;LD78-beta(1-70);PAT 464.2;Small-inducible cytokine A3-like 1;Tonsillar lymphocyte LD78 beta protein;,,,,D054405,Chemokine CCL3,,245,ccl3l3;chemokine (c-c motif) ligand 3-like 3;scya3l1;scya3l;mgc12815;,PR:000019256,"C-C motif chemokine 3-like 1, full-length form",CCL3L3/Full;,http://pir.georgetown.edu/cgi-bin/pro/entry_pro?id=PR:000019256,609468,,,,,,,,,,,,,,,,,,,,,,,,,,,,,,,,,,,,,,,,,,,,,,,,,,,,,,,,,,,,,
CID_50,Chemokine CXCL6,HGNC:10643,chemokine (C-X-C motif) ligand 6,6372,CXCL6 ,GCP2;CKA-3;GCP-2;SCYB6;,"smallinducible cytokine B6;chemokine (CXC motif) ligand 6 (granulocyte chemotactic protein 2);chemokine alpha 3;CXC motif chemokine 6;small inducible cytokine subfamily B (CysXCys), member 6 (granulocyte chemotactic protein 2);granulocyte chemotactic protein 2;Small inducible cytokine subfamily B (CysXCys), member b;",,,,,,,CXCL6_HUMAN,"Small-inducible cytokine B6, N-processed variant 3",Chemokine alpha 3;CKA-3;Granulocyte chemotactic protein 2;GCP-2;Small-inducible cytokine B6;,,,,D054427,Chemokine CXCL6,Chemokine CXCL6;CXCL6;,,,PR:000006072,C-X-C motif chemokine 6,GCP2;chemokine alpha 3;granulocyte chemotactic protein 2;GCP-2;CKA-3;SCYB6;CXCL6;small-inducible cytokine B6;,http://pir.georgetown.edu/cgi-bin/pro/entry_pro?id=PR:000006072,138965,,,,,,,,,,,,,,,,,,,,,,,,,,,,,,,,,,,,,,,,,,,,,,,,,,,,,,,,,,,,,
CID_51,Chemokine CXCL7,HGNC:9240,pro-platelet basic protein (chemokine (C-X-C motif) ligand 7),5473,PPBP ,PBP;TC1;TC2;TGB;LDGF;MDGF;TGB1;B-TG1;CTAP3;CXCL7;NAP-2;SCYB7;THBGB;LA-PF4;THBGB1;Beta-TG;CTAPIII;CTAP-III;,"lowaffinity platelet factor IV;macrophagederived growth factor;CXC motif chemokine 7;leukocytederived growth factor;thrombocidin 2;neutrophilactivating peptide2;neutrophilactivating peptide 2;betathromboglobulin;smallinducible cytokine B7;connective tissueactivating peptide III;CXC chemokine ligand 7;small inducible cytokine B7;thromboglobulin, beta1;platelet basic protein;thrombocidin 1;small inducible cytokine subfamily B, member 7;",MGI:1888712,pro-platelet basic protein,57349,Ppbp ,TGB;LDGF;MDGF;TGB1;CTAP3;Cxcl7;NAP-2;Scyb7;b-TG1;LA-PF4;THBGB1;CTAPIII;beta-TG;AI854500;NAP-2-L1;2400003M24Rik;,chemokine (CXC motif) ligand 7;platelet basic protein;,CXCL7_HUMAN,Neutrophil-activating peptide 2(1-63),PBP;C-X-C motif chemokine 7;Leukocyte-derived growth factor;LDGF;Macrophage-derived growth factor;MDGF;Small-inducible cytokine B7;CTAP-III;LA-PF4;Low-affinity platelet factor IV;CTAP-III(1-81);Beta-TG;NAP-2(74);NAP-2(73);NAP-2;NAP-2(1-66);NAP-2(1-63);,Q9EQI5_MOUSE,,,D001620,beta-Thromboglobulin,beta Thromboglobulin;beta-Thromboglobulin;,277,cxcl-7;ctapiii;connective tissue-activating peptide iii;ctap iii;(beta)-thromboglobulin 2;macrophage-derived growth factor;ctap-3;pro-platelet basic protein-like-1;connective tissue-activating peptide 3;tgb-1;pbp;platelet basic protein;tgb;ctap-iii;(beta)-thromboglobulin-2;pro-platelet basic protein;tgb1;tgb2;mdgf;beta tg;thbgb;beta-thromboglobulin-2;thbg-b1;ppbp;cxcl7;tc-2;scyb7;nap-2;neutrophil-activating peptide 2;nap2;beta thromboglobulin 2;leukocyte-derived growth factor;b-tg1;ppbpl1;ctap3;btg1;c-x-c motif chemokine 7;tc-1;la-pf4;ldgf;beta-thromboglobulin 2;tc2;chemokine (c-x-c motif) ligand 7;tc1;small-inducible cytokine B7;thbgb1;beta thromboglobulin-2;beta-tg;,PR:000013062,platelet basic protein,small-inducible cytokine B7;macrophage-derived growth factor;PPBP;LDGF;THBGB1;SCYB7;CXCL7;leukocyte-derived growth factor;C-X-C motif chemokine 7;TGB1;PBP;CTAP3;MDGF;,http://pir.georgetown.edu/cgi-bin/pro/entry_pro?id=PR:000013062,121010,,,,,,,,,,,,,,,,,,,,,,,,,,,,,,,,,,,,,,,,,,,,,,,,,,,,,,,,,,,,,
CID_52,Chemokine CXCL8,HGNC:6025,chemokine (C-X-C motif) ligand 8,3576,CXCL8 ,IL8;NAF;GCP1;LECT;LUCT;NAP1;GCP-1;LYNAP;MDNCF;MONAP;NAP-1;,"betathromboglobulinlike protein;beta endothelial cellderived neutrophil activating peptide;emoctakin;granulocyte chemotactic protein 1;neutrophilactivating peptide 1;lung giant cell carcinomaderived chemotactic protein;monocytederived neutrophil chemotactic factor;Tcell chemotactic factor;alveolar macrophage chemotactic factor I;small inducible cytokine subfamily B, member 8;tumor necrosis factorinduced gene 1;interleukin8;interleukin 8;monocytederived neutrophilactivating peptide;lymphocyte derived neutrophil activating peptide;",,,,,,,IL8_HUMAN,IL-8(9-77),IL-8;C-X-C motif chemokine 8;Chemokine (C-X-C motif) ligand 8;Emoctakin;Granulocyte chemotactic protein 1;GCP-1;Monocyte-derived neutrophil chemotactic factor;MDNCF;Monocyte-derived neutrophil-activating peptide;MONAP;Neutrophil-activating protein 1;NAP-1;Protein 3-10C;T-cell chemotactic factor;GCP/IL-8 protein IV;IL8/NAP1 form I;(Ala-IL-8)77;GCP/IL-8 protein II;IL-8(1-77);IL8/NAP1 form II;MDNCF-b;(Ser-IL-8)72;GCP/IL-8 protein I;IL8/NAP1 form III;Lymphocyte-derived neutrophil-activating factor;LYNAP;MDNCF-c;Neutrophil-activating factor;NAF;GCP/IL-8 protein V;IL8/NAP1 form IV;GCP/IL-8 protein VI;IL8/NAP1 form V;GCP/IL-8 protein III;IL8/NAP1 form VI;,,,,D016209,Interleukin-8,C-X-C motif chemokine 8;Chemokine CXCL8;IL 8;IL-8;IL8;Interleukin-8;,177,il-8;leukocyte adhesion inhibitor;fibroblast-derived neutrophil-activating protein;ncp;ncf;embryo fibroblast protein 1;plf;neutrophil chemotactic protein;endothelial cell neutrophil-activating peptide;anionic neutrophil-activating peptide;mdnap;interleukin 8;neutrophil-activating protein 1;cxcl8;moc;tsg1;ednap;cef4;emf-1;nap-1;luct;finap;monap;monocyte-derived neutrophil chemotactic factor;ldnap;granulocyte chemotactic factor;fibroblast-derived neutrophil-activating peptide;neutrophil-activating protein-1;gcp1;granulocyte chemotactic protein 1;il8;fdnap;lymphocyte-derived neutrophil-activating peptide;lynap;lung carcinoma-derived chemotaxin;hl-60-derived apoptosis inducing factor;leukocyte-derived neutrophil-activating peptide;alveolar macrophage chemotactic factor-1;enap;ct/il8;neutrophil chemotactic factor;cxcl-8;protein 3-10c;aif;granulocyte chemotactic peptide;naf;cef-4;tcf;chemotaxin;monocyte-derived neutrophil-activating peptide;lai;amcf1;neutrophil-activating factor;monocyte-derived chemotaxin;gcp;mdncf;gcp-1;endothelial-derived neutrophil-activating peptide;nap1;c-x-c motif chemokine 8;interleukin-8;alveolar macrophage chemotactic factor 1;lect;psoriatic leukotactic factor;tsg-1;emoctakin;anap;t-cell chemotactic factor;amcf-1;gcf;,PR:000001395,interleukin-8,GCP-1;emoctakin;granulocyte chemotactic protein 1;MDNCF;CXCL8;T-cell chemotactic factor;IL-8;monocyte-derived neutrophil-activating peptide;NAP-1;neutrophil-activating protein 1;MONAP;protein 3-10C;IL8;monocyte-derived neutrophil chemotactic factor;C-X-C motif chemokine 8;,http://pir.georgetown.edu/cgi-bin/pro/entry_pro?id=PR:000001395,146930,,,,,,,,,,,,,,,,,,,,,,,,,,,,,,,,,,,,,,,,,,,,,,,,,,,,,,,,,,,,,
CID_53,Chemokine CXCL9,HGNC:7098,chemokine (C-X-C motif) ligand 9,4283,CXCL9 ,CMK;MIG;Humig;SCYB9;crg-10;,monokine induced by interferongamma;smallinducible cytokine B9;monokine induced by gamma interferon;gammainterferoninduced monokine;CXC motif chemokine 9;,MGI:1352449,chemokine (C-X-C motif) ligand 9,17329,Cxcl9 ,CMK;Mig;MuMIG;Scyb9;crg-10;BB139920;,"monokine induced by interferongamma;gamma interferoninduced monokine;smallinducible cytokine B9;small inducible cytokine B subfamily (CysXCys), member 9;M119;monokine induced by gamma interferon;gammainterferoninduced monokine;CXC motif chemokine 9;protein m119;",CXCL9_HUMAN,C-X-C motif chemokine 9,Gamma-interferon-induced monokine;Monokine induced by interferon-gamma;HuMIG;MIG;Small-inducible cytokine B9;,CXCL9_MOUSE,C-X-C motif chemokine 9,Gamma-interferon-induced monokine;Monokine induced by interferon-gamma;MIG;MuMIG;Protein m119;Small-inducible cytokine B9;,D054370,Chemokine CXCL9,C-X-C motif chemokine 9;CXCL9;Chemokine CXCL9;,273,cxcl-9;chemokine (c-x-c motif) ligand 9;m119;cxcl9;small-inducible cytokine b9;monokine induced by gamma-interferon;gamma-interferon-induced monokine;humig;c-x-c motif chemokine 9;crg10;cmk;scyb9;crg-10;mig;,PR:000006073,C-X-C motif chemokine 9,MIG;M119;gamma-interferon-induced monokine;SCYB9;small-inducible cytokine B9;CMK;CXCL9;,http://pir.georgetown.edu/cgi-bin/pro/entry_pro?id=PR:000006073,601704,,,,,,,,,,,,,,,,,,,,,,,,,,,,,,,,,,,,,,,,,,,,,,,,,,,,,,,,,,,,,
CID_54,Chemokine-like Factor,HGNC:13253,chemokine-like factor,51192,CKLF ,C32;CKLF1;CKLF2;CKLF3;CKLF4;UCK-1;HSPC224;,chemokinelike factor 4;chemokinelike factor;chemokinelike factor 1;chemokinelike factor 2;chemokinelike factor 3;transmembrane proteolipid;,MGI:1922708,chemokine-like factor,75458,Cklf ,C32;CKLF1;CKLF3;CKLF4;CKLF5;Cklf2;Cklf6;UCK-1;HSPC224;1700001C14Rik;1810018M11Rik;,chemokinelike factor 4;chemokinelike factor 6;chemokinelike factor 2;chemokinelike factor;,CKLF_HUMAN,Chemokine-like factor,C32;,CKLF_MOUSE,Chemokine-like factor,,,,,207,Chemokine-like_Factor;,PR:000005514,chemokine-like factor,chemokine-like factor;C32;CKLF;CKLF1;,http://pir.georgetown.edu/cgi-bin/pro/entry_pro?id=PR:000005514,,,,,,,,,,,,,,,,,,,,,,,,,,,,,,,,,,,,,,,,,,,,,,,,,,,,,,,,,,,,,,
CID_55,CKLF-like MARVEL transmembrane domain containing 1,HGNC:19172,CKLF-like MARVEL transmembrane domain containing 1,113540,CMTM1 ,CKLFH;CKLFH1;CKLFSF1;,chemokinelike factor super family 1;chemokinelike factor superfamily member 1;CKLFlike MARVEL transmembrane domaincontaining protein 1;chemokinelike factor superfamily 1;chemokinelike factorlike protein CKLFH1;,MGI:2447159,CKLF-like MARVEL transmembrane domain containing 1,100504164,Cmtm1 ,CKLFH;CKLFH1;CHLFH1a;Cklfsf1;,chemokinelike factor super family 1;CKLFlike MARVEL transmembrane domain containing 1;,CKLF1_HUMAN,CKLF-like MARVEL transmembrane domain-containing protein 1,Chemokine-like factor superfamily member 1;,B7ZP21_MOUSE,,,,,,205,cmtm1;cklf-like marvel transmembrane domain containing 1;mgc71870;cklfh;cmtm-1;cklfsf1;cklfh1;,PR:000029358,CKLF-like MARVEL transmembrane domain-containing protein 1,CMTM1;chemokine-like factor superfamily member 1;CKLFSF1;,http://pir.georgetown.edu/cgi-bin/pro/entry_pro?id=PR:000029358,607884,,,,,,,,,,,,,,,,,,,,,,,,,,,,,,,,,,,,,,,,,,,,,,,,,,,,,,,,,,,,,
CID_56,CKLF-like MARVEL transmembrane domain containing 6,HGNC:19177,CKLF-like MARVEL transmembrane domain containing 6,54918,CMTM6 ,CKLFSF6;PRO2219;,chemokinelike factor superfamily 6;chemokinelike factor superfamily member 6;chemokinelike factor super family 6;CKLFlike MARVEL transmembrane domaincontaining protein 6;,MGI:2447165,CKLF-like MARVEL transmembrane domain containing 6,67213,Cmtm6 ,Cklfsf6;AA536733;2810051A14Rik;,chemokinelike factor super family 6;chemokinelike factor superfamily 6;chemokinelike factor superfamily member 6;CKLFlike MARVEL transmembrane domaincontaining protein 6;,CKLF6_HUMAN,CKLF-like MARVEL transmembrane domain-containing protein 6,Chemokine-like factor superfamily member 6;,CKLF6_MOUSE,CKLF-like MARVEL transmembrane domain-containing protein 6,Chemokine-like factor superfamily member 6;,,,,201,cmtm6;flj20396;cmtm-6;pro2219;cklfsf6;cklf-like marvel transmembrane domain containing 6;,PR:000029359,CKLF-like MARVEL transmembrane domain-containing protein 6,CMTM6;CKLFSF6;chemokine-like factor superfamily member 6;,http://pir.georgetown.edu/cgi-bin/pro/entry_pro?id=PR:000029359,607889,,,,,,,,,,,,,,,,,,,,,,,,,,,,,,,,,,,,,,,,,,,,,,,,,,,,,,,,,,,,,
CID_57,CKLF-like MARVEL transmembrane domain containing 7,HGNC:19178,CKLF-like MARVEL transmembrane domain containing 7,112616,CMTM7 ,CKLFSF7;,CKLFlike MARVEL transmembrane domaincontaining protein 7;chemokinelike factor superfamily member 7;chemokinelike factor superfamily 7;chemokinelike factor super family 7;chemokinelike factor super family member 7 variant 2;,MGI:2447166,CKLF-like MARVEL transmembrane domain containing 7,102545,Cmtm7 ,LNV;Cklfsf7;AI481279;,CKLFlike MARVEL transmembrane domaincontaining protein 7;chemokinelike factor superfamily member 7;chemokinelike factor super family 7;,CKLF7_HUMAN,CKLF-like MARVEL transmembrane domain-containing protein 7,Chemokine-like factor superfamily member 7;,CKLF7_MOUSE,CKLF-like MARVEL transmembrane domain-containing protein 7,Chemokine-like factor superfamily member 7;LNV;,,,,203,cmtm7;cmtm-7;cklfsf7;cklf-like marvel transmembrane domain containing 7;flj30992;,PR:000031311,CKLF-like MARVEL transmembrane domain-containing protein 7,Lnv;CMTM7;chemokine-like factor superfamily member 7;CKLFSF7;LNV;,http://pir.georgetown.edu/cgi-bin/pro/entry_pro?id=PR:000031311,607890,,,,,,,,,,,,,,,,,,,,,,,,,,,,,,,,,,,,,,,,,,,,,,,,,,,,,,,,,,,,,
CID_58,Epidermal growth factor,HGNC:3229,epidermal growth factor,1950,EGF ,URG;HOMG4;,proepidermal growth factor;betaurogastrone;,MGI:95290,epidermal growth factor,13645,Egf ,AI790464;,Proepidermal growth factor precursor (EGF);proepidermal growth factor;,EGF_HUMAN,Epidermal growth factor,EGF;Urogastrone;,EGF_MOUSE,Epidermal growth factor,EGF;,D004815,Epidermal Growth Factor,Epidermal Growth Factor;EGF;,329,Epidermal_growth_factor;,PR:000006928,pro-epidermal growth factor,EGF;,http://pir.georgetown.edu/cgi-bin/pro/entry_pro?id=PR:000006928,131530,,,,,,,,,,,,,,,,,,,,,,,,,,,,,,,,,,,,,,,,,,,,,,,,,,,,,,,,,,,,,
CID_59,Erythropoietin,HGNC:3415,erythropoietin,2056,EPO ,EP;MVCD2;,epoetin;erythropoietin;,MGI:95407,erythropoietin,13856,Epo ,,erythropoietin;,EPO_HUMAN,Erythropoietin,,EPO_MOUSE,Erythropoietin,,D004921,Erythropoietin,Erythropoietin;,,,PR:000007141,erythropoietin,epoetin;EPO;,http://pir.georgetown.edu/cgi-bin/pro/entry_pro?id=PR:000007141,133170,,,,,,,,,,,,,,,,,,,,,,,,,,,,,,,,,,,,,,,,,,,,,,,,,,,,,,,,,,,,,
CID_6,CCL4L1,HGNC:10631,chemokine (C-C motif) ligand 4-like 1,388372,CCL4L1 ,LAG1;CCL4L;LAG-1;SCYA4L;AT744.2;SCYA4L1;,"CC motif chemokine 4like;chemokine (CC motif) ligand 4like 1, telomeric;macrophage inflammatory protein1b2;lymphocyte activation gene 1;small inducible cytokine A4like;CC chemokine ligand 4L1;",,,,,,,CC4L_HUMAN,C-C motif chemokine 4-like,Lymphocyte activation gene 1 protein;LAG-1;Macrophage inflammatory protein 1-beta;MIP-1-beta;Monocyte adherence-induced protein 5-alpha;Small-inducible cytokine A4-like;,,,,D054407,Chemokine CCL4,,261,ccl4l1;scya4l;chemokine (c-c motif) ligand 4-like 1;c-c motif chemokine 4-like;at744.2;lag-1;lag1;ccl4l;,,,,,603782,,,,,,,,,,,,,,,,,,,,,,,,,,,,,,,,,,,,,,,,,,,,,,,,,,,,,,,,,,,,,
CID_60,Fibroblast Growth Factor-1,HGNC:3665,fibroblast growth factor 1 (acidic),2246,FGF1 ,AFGF;ECGF;FGFA;ECGFA;ECGFB;FGF-1;HBGF1;HBGF-1;GLIO703;ECGF-beta;FGF-alpha;,"betaendothelial cell growth factor;endothelial cell growth factor, beta;endothelial cell growth factor, alpha;fibroblast growth factor 1;heparinbinding growth factor 1;",MGI:95515,fibroblast growth factor 1,14164,Fgf1 ,Fam;Fgfa;Dffrx;Fgf-1;,HBGF1;heparinbinding growth factor 1;fibroblast growth factor 1 (acidic);acidic fibroblast growth factor;aFGF;fibroblast growth factor 1;,FGF1_HUMAN,Fibroblast growth factor 1,FGF-1;Acidic fibroblast growth factor;aFGF;Endothelial cell growth factor;ECGF;Heparin-binding growth factor 1;HBGF-1;,FGF1_MOUSE,Fibroblast growth factor 1,FGF-1;Acidic fibroblast growth factor;aFGF;Heparin-binding growth factor 1;HBGF-1;,D016220,Fibroblast Growth Factor 1,Fibroblast Growth Factor 1;FGF1;FGF-1;,327,Fibroblast_Growth_Factor-1;ecgfb;ecgfa;fgf-a;glio703;fgfa;beta-endothelial cell growth factor;ecgf-beta;ecgf-(beta);fgf-alpha;fgf(alpha);fibroblast growth factor 1;acidic fibroblast growth factor;ecgf;afgf;fgf1;hbgf1;hbgf-1;fgf-1;(alpha)-fgf;fgf-(alpha);alpha-fgf;heparin-binding growth factor 1;fibroblast growth factor-1;(alpha)fgf;,PR:000007479,heparin-binding growth factor 1,ECGF-beta;FGF1PRO-short-label;FGFA (RELATED);Fgf-1 (RELATED);HBGF-1;aFGF;acidic fibroblast growth factor;beta-endothelial cell growth factor;heparin-binding growth factor 1;,http://pir.georgetown.edu/cgi-bin/pro/entry_pro?id=PR:000007479,131220,,,,,,,,,,,,,,,,,,,,,,,,,,,,,,,,,,,,,,,,,,,,,,,,,,,,,,,,,,,,,
CID_61,Fibroblast Growth Factor-2,HGNC:3676,fibroblast growth factor 2 (basic),2247,FGF2 ,BFGF;FGFB;FGF-2;HBGF-2;,basic fibroblast growth factor bFGF;prostatropin;fibroblast growth factor 2;heparinbinding growth factor 2;,MGI:95516,fibroblast growth factor 2,14173,Fgf2 ,Fgfb;bFGF;Fgf-2;,basic fibroblast growth factor;HBGF2;heparinbinding growth factor 2;fibroblast growth factor 2;,FGF2_HUMAN,Fibroblast growth factor 2,FGF-2;Basic fibroblast growth factor;bFGF;Heparin-binding growth factor 2;HBGF-2;,FGF2_MOUSE,Fibroblast growth factor 2,FGF-2;Basic fibroblast growth factor;bFGF;Heparin-binding growth factor 2;HBGF-2;,D016222,Fibroblast Growth Factor 2,Fibroblast Growth Factor 2; FGF2;FGF-2;,325,Fibroblast_Growth_Factor-2;fgfb;(beta)-fgf;fgf(beta);beta-fgf;basic fibroblast growth factor;fgf-(beta);fibroblast growth factor 2;hbgf-2;fgf2;(beta)fgf;hbgf2;heparin-binding growth factor 2;fgf-2;bfgf;fibroblast growth factor-2;fgf-beta;,PR:000007489   ,fibroblast growth factor 2,BFGF;FGF2PRO-short-label;FGFB (RELATED);Fgf-2 (RELATED);HBGF-2;basic fibroblast growth factor;heparin-binding growth factor 2;,http://pir.georgetown.edu/cgi-bin/pro/entry_pro?id=PR:000007489   ,134920,,,,,,,,,,,,,,,,,,,,,,,,,,,,,,,,,,,,,,,,,,,,,,,,,,,,,,,,,,,,,
CID_62,Granulocyte Colony-Stimulating Factor,HGNC:2438,colony stimulating factor 3 (granulocyte),1440,CSF3 ,GCSF;CSF3OS;C17orf33;,filgrastim;lenograstim;granulocyte colonystimulating factor;pluripoietin;,MGI:1339751,colony stimulating factor 3 (granulocyte),12985,Csf3 ,Csfg;G-CSF;MGI-IG;,granulocyte colonystimulating factor;,CSF3_HUMAN,Granulocyte colony-stimulating factor,G-CSF;Pluripoietin;,CSF3_MOUSE,Granulocyte colony-stimulating factor,G-CSF;,D016179,Granulocyte Colony-Stimulating Factor,CSF3;G-CSF;GCSF;Granulocyte Colony-Stimulating Factor;granulocyte colony stimulating factor;,317,Granulocyte_Colony_Stimulating_Factor;granulocyte colony-stimulating factor;mgc45931;granulocyte-colony stimulating factor 3;csf-3;lenograstim;gcsf;pluripoietin;g-csf;granulocyte colony stimulating factor 3;csf3;colony stimulating factor 3;filgrastim;,PR:000005932,granulocyte colony-stimulating factor,filgrastim;CSF3;lenograstim;G-CSF;Csfg;pluripoietin;GCSF;,http://pir.georgetown.edu/cgi-bin/pro/entry_pro?id=PR:000005932,138970,,,,,,,,,,,,,,,,,,,,,,,,,,,,,,,,,,,,,,,,,,,,,,,,,,,,,,,,,,,,,
CID_63,Granulocyte-Macrophage Colony-Stimulating Factor,HGNC:2434,colony stimulating factor 2 (granulocyte-macrophage),1437,CSF2 ,GMCSF;,molgramostin;sargramostim;granulocytemacrophage colonystimulating factor;CSF;,MGI:1339752,colony stimulating factor 2 (granulocyte-macrophage),12981,Csf2 ,Csfgm;GMCSF;Gm-CSf;MGI-IGM;,granulocytemacrophage colony stimulating factor 2;granulocytemacrophage colonystimulating factor;put. GMCSF;colonystimulating factor;CSF;,CSF2_HUMAN,Granulocyte-macrophage colony-stimulating factor,GM-CSF;Colony-stimulating factor;CSF;Molgramostin;Sargramostim;,CSF2_MOUSE,Granulocyte-macrophage colony-stimulating factor,GM-CSF;Colony-stimulating factor;CSF;,D016178,Granulocyte-Macrophage Colony-Stimulating Factor,CSF;CSF2;GM-CSF;GMCSF;Granulocyte-Macrophage Colony-Stimulating Factor;colony-stimulating factor;granulocyte-macrophage colony stimulating factor;,319,Granulocyte_Macrophage_Colony-Stimulating_Factor;sargramostim;csf-2;granulocyte-macrophage colony stimulating factor 2;gmcsf;csf2;molgramostin;colony stimulating factor 2;mgc131935;mgc138897;gm-csf;,PR:000005931,granulocyte-macrophage colony-stimulating factor,molgramostin;sargramostim;CSF2;GM-CSF;colony-stimulating factor;GMCSF;Csfgm;CSF;,http://pir.georgetown.edu/cgi-bin/pro/entry_pro?id=PR:000005931,138960,,,,,,,,,,,,,,,,,,,,,,,,,,,,,,,,,,,,,,,,,,,,,,,,,,,,,,,,,,,,,
CID_64,Growth Differentiation Factor 15,HGNC:30142,growth differentiation factor 15,9518,GDF15 ,PDF;MIC1;PLAB;MIC-1;NAG-1;PTGFB;GDF-15;,NSAID (nonsteroidal antiinflammatory drug)activated protein 1;NSAIDregulated gene 1 protein;growth/differentiation factor 15;macrophage inhibitory cytokine 1;prostate differentiation factor;NRG1;NSAIDactivated gene 1 protein;PTGFbeta;placental bone morphogenetic protein;placental TGFbeta;,MGI:1346047,growth differentiation factor 15,23886,Gdf15 ,SBF;MIC-1;NAG-1;,macrophage inhibiting cytokine1;growth/differentiation factor 15;GDF15;,GDF15_HUMAN,Growth/differentiation factor 15,GDF-15;Macrophage inhibitory cytokine 1;MIC-1;NSAID-activated gene 1 protein;NAG-1;NSAID-regulated gene 1 protein;NRG-1;Placental TGF-beta;Placental bone morphogenetic protein;Prostate differentiation factor;,GDF15_MOUSE,Growth/differentiation factor 15,GDF-15;,D055436,Growth Differentiation Factor 15,Growth Differentiation Factor 15;,,,PR:000007920,growth/differentiation factor 15,GDF-15;Sbf;NAG-1;prostate differentiation factor;macrophage inhibitory cytokine 1;placental TGF-beta;GDF15;NRG-1;PTGFB;NSAID-regulated gene 1 protein;PDF;placental bone morphogenetic protein;MIC1;NSAID-activated gene 1 protein;PLAB;MIC-1;,http://pir.georgetown.edu/cgi-bin/pro/entry_pro?id=PR:000007920,605312,,,,,,,,,,,,,,,,,,,,,,,,,,,,,,,,,,,,,,,,,,,,,,,,,,,,,,,,,,,,,
CID_65,Hepatocyte Growth Factor,HGNC:4893,hepatocyte growth factor (hepapoietin A; scatter factor),3082,HGF ,SF;HGFB;HPTA;F-TCF;DFNB39;,lung fibroblastderived mitogen;hepatocyte growth factor;hepatopoietinA;fibroblastderived tumor cytotoxic factor;hepatopoeitinA;,MGI:96079,hepatocyte growth factor,15234,Hgf ,SF;NK1;NK2;HGF/SF;SF/HGF;C230052L06Rik;,hepatocyte growth factor;hepatopoietinA;scatter factor;,HGF_HUMAN,Hepatocyte growth factor beta chain,Hepatopoietin-A;Scatter factor;SF;,HGF_MOUSE,Hepatocyte growth factor beta chain,Hepatopoietin-A;Scatter factor;SF;,D017228,Hepatocyte Growth Factor,Hepatocyte Growth Factor;,335,Hepatocyte_Growth_Factor;hepatocyte growth factor;ftcf;hgfb;hepapoietin a;sf;hpta;hgf;f-tcf;hepapoietin-a;scatter factor;,PR:000008534,hepatocyte growth factor,hepatopoeitin-A;HGF;scatter factor;HPTA;SF;,http://pir.georgetown.edu/cgi-bin/pro/entry_pro?id=PR:000008534,142409,,,,,,,,,,,,,,,,,,,,,,,,,,,,,,,,,,,,,,,,,,,,,,,,,,,,,,,,,,,,,
CID_66,Interferon Type I,,,,,,,,,,,,,,,,,,,D007370,Interferon Type I,Interferon Type 1;Interferon Type I;,,,PR:000025848,type I interferon,IFN type I;interferon type I;,http://pir.georgetown.edu/cgi-bin/pro/entry_pro?id=PR:000025848,,,,,,,,,,,,,,,,,,,,,,,,,,,,,,,,,,,,,,,,,,,,,,,,,,,,,,,,,,,,,,
CID_67,Interferon-alpha,,,,,,,MGI:107670,interferon alpha,111654,Ifna ,Ifa;Ifa8;,,,,,,,,D016898,Interferon-alpha,Interferon a;IFNa;IFN-a;IFN-alpha;IFN alpha;Interferon alpha;alpha interferon;a interferon;Interferon-a;Interferon-alpha;,9,"Interferon-alpha;ifn-alpha;alpha-ifn;ifna;ifn{alpha};ifn(alpha);interferon alpha;alpha-interferon;alpha interferon;interferon, alpha;ifn-a;",PR:000024938,interferon alpha,,http://pir.georgetown.edu/cgi-bin/pro/entry_pro?id=PR:000024938,,,,,,,,,,,,,,,,,,,,,,,,,,,,,,,,,,,,,,,,,,,,,,,,,,,,,,,,,,,,,,
CID_68,Interferon-alpha 1,HGNC:5417,"interferon, alpha 1",3439,IFNA1 ,IFL;IFN;IFNA;IFNA13;IFN-ALPHA;IFN-alphaD;,interferonalpha1;interferon alphaD;interferon alpha1/13;IFNalpha 1b;leIF D;IFNalpha1/13;interferon alpha 1b;,MGI:107668,interferon alpha 1,15962,Ifna1 ,Ifa1;,IFNalpha1;interferon alpha family gene 1;interferon alpha1;,IFNA1_HUMAN,Interferon alpha-1/13,IFN-alpha-1/13;Interferon alpha-D;LeIF D;,IFNA1_MOUSE,Interferon alpha-1,IFN-alpha-1;,,,,10,Interferon_alpha_1;,PR:000009177,interferon alpha-1,,http://pir.georgetown.edu/cgi-bin/pro/entry_pro?id=PR:000009177,147660,,,,,,,,,,,,,,,,,,,,,,,,,,,,,,,,,,,,,,,,,,,,,,,,,,,,,,,,,,,,,
CID_69,interferon-alpha 10,HGNC:5418,"interferon, alpha 10",3446,IFNA10 ,IFN-alphaC;,IFNalpha10;interferon alpha10;leIF C;interferon alphaC;interferon alpha6L;,MGI:107667,interferon alpha 10,110296,Ifna10 ,Ifa10;,"interferon alpha family, gene 10;interferon alpha 10;interferon alpha family, gene 10GENE LINKOUTThe following LinkOut(www.ncbi.nlm.nih.gov/projects/linkout/index.html) resourcesare supplied by external providers. These providers are responsible formaintaining the links.;",IFN10_HUMAN,Interferon alpha-10,IFN-alpha-10;Interferon alpha-6L;Interferon alpha-C;LeIF C;,,,,,,,33,"interferon_alpha_10;interferon alpha-10;interferon alpha-c;ifn-alpha-10;interferon, alpha-10;interferon alpha-6l;interferon alpha 10;interferon, alpha 10;leif c;mgc119878;ifn-alpha 10;ifna10;mgc119879;",PR:000008911,interferon alpha-10,interferon alpha-C;IFN-alpha-10;interferon alpha-6L;LeIF C;IFNA10;,http://pir.georgetown.edu/cgi-bin/pro/entry_pro?id=PR:000008911,147577,,,,,,,,,,,,,,,,,,,,,,,,,,,,,,,,,,,,,,,,,,,,,,,,,,,,,,,,,,,,,
CID_7,CCL4L2,HGNC:24066,chemokine (C-C motif) ligand 4-like 2,9560,CCL4L2 ,CCL4L;SCYA4L;AT744.2;SCYQ4L2;,MIP1beta;CC motif chemokine 4like;macrophage inflammatory protein1b2;monocyte adherenceinduced protein 5alpha;small inducible cytokine A4like;macrophage inflammatory protein 1beta;,,,,,,,,,,,,,D054407,Chemokine CCL4,,259,ccl4l2;chemokine (c-c motif) ligand 4-like 2;scya4l;at744.2;,PR:000005112,C-C motif chemokine 4-like,monocyte adherence-induced protein 5-alpha;small-inducible cytokine A4-like;LAG-1;CCL4L2;macrophage inflammatory protein 1-beta;MIP-1-beta;SCYA4L2;CCL4L;lymphocyte activation gene 1 protein;,http://pir.georgetown.edu/cgi-bin/pro/entry_pro?id=PR:000005112,610757,,,,,,,,,,,,,,,,,,,,,,,,,,,,,,,,,,,,,,,,,,,,,,,,,,,,,,,,,,,,,
CID_70,Interferon-alpha 13,HGNC:5419,"interferon, alpha 13",3447,IFNA13 ,,interferon alphaD;interferon alpha1/13;leIF D;IFNalpha1/13;,MGI:2667155,interferon alpha 13,230396,Ifna13 ,,"IFNalpha13;interferon alpha family, gene 13;interferon alpha13;",IFNA1_HUMAN,Interferon alpha-1/13,IFN-alpha-1/13;Interferon alpha-D;LeIF D;,IFNAD_MOUSE,Interferon alpha-13,IFN-alpha-13;,,,,12,Interferon_alpha_13;,PR:000032985,interferon alpha-13,Ifna13;IFN-alpha-13;,http://pir.georgetown.edu/cgi-bin/pro/entry_pro?id=PR:000032985,147578,,,,,,,,,,,,,,,,,,,,,,,,,,,,,,,,,,,,,,,,,,,,,,,,,,,,,,,,,,,,,
CID_71,Interferon-alpha 14,HGNC:5420,"interferon, alpha 14",3448,IFNA14 ,LEIF2H;IFN-alphaH;,IFNalpha14;interferon alpha14;interferon alphaH;leIF H;interferon lambda2H;,MGI:3641425,interferon alpha 14,404549,Ifna14 ,OTTMUSG00000007662;,interferon alpha 14;,IFN14_HUMAN,Interferon alpha-14,IFN-alpha-14;Interferon alpha-H;LeIF H;Interferon lambda-2-H;,Q810G3_MOUSE,,,,,,14,Interferon_alpha_14;,PR:000008912,interferon alpha-14,IFNA14;interferon lambda-2-H;interferon alpha-H;IFN-alpha-14;LeIF H;,http://pir.georgetown.edu/cgi-bin/pro/entry_pro?id=PR:000008912,147579,,,,,,,,,,,,,,,,,,,,,,,,,,,,,,,,,,,,,,,,,,,,,,,,,,,,,,,,,,,,,
CID_72,Interferon-alpha 16,HGNC:5421,"interferon, alpha 16",3449,IFNA16 ,IFN-alphaO;,IFNalphaNprotein;IFNalpha16;interferon alphaWA;interferon alpha16;,MGI:3649260,interferon alpha 16,230398,Ifna16 ,Ifna6T;Ifnat6;Gm13280;BC114392;OTTMUSG00000011275;,interferon alpha 6T;interferon alpha 16;,IFN16_HUMAN,Interferon alpha-16,IFN-alpha-16;Interferon alpha-WA;,Q810G1_MOUSE,,,,,,16,Interferon_alpha_16;,PR:000008913,interferon alpha-16,interferon alpha-WA;IFN-alpha-16;IFNA16;,http://pir.georgetown.edu/cgi-bin/pro/entry_pro?id=PR:000008913,147580,,,,,,,,,,,,,,,,,,,,,,,,,,,,,,,,,,,,,,,,,,,,,,,,,,,,,,,,,,,,,
CID_73,interferon-alpha 17,HGNC:5422,"interferon, alpha 17",3451,IFNA17 ,IFNA;INFA;LEIF2C1;IFN-alphaI;,interferon alphaI';leIF I;IFNalpha17;interferon alpha17;interferon alphaWA;interferon alphaT;interferon alpha88;,,,,,,,IFN17_HUMAN,Interferon alpha-17,IFN-alpha-17;Interferon alpha-88;Interferon alpha-I';LeIF I;Interferon alpha-T;,,,,,,,35,"interferon_alpha_17;interferon alpha-88;interferon alpha-t;interferon, alpha-17;ifna17;ifn-alpha-17;ifn-alpha 17;interferon alpha 88;interferon alpha-wa;interferon alpha 17;interferon, alpha 17;leif2c1;interferon alpha-i';interferon alpha-17;leif i;interferon-alpha-17;",PR:000008914,interferon alpha-17,LeIF I;interferon alpha-T;interferon alpha-I';interferon alpha-88;IFNA17;IFN-alpha-17;,http://pir.georgetown.edu/cgi-bin/pro/entry_pro?id=PR:000008914,147583,,,,,,,,,,,,,,,,,,,,,,,,,,,,,,,,,,,,,,,,,,,,,,,,,,,,,,,,,,,,,
CID_74,Interferon-alpha 2,HGNC:5423,"interferon, alpha 2",3440,IFNA2 ,IFNA;INFA2;IFNA2B;IFN-alphaA;,leIF A;IFNalpha2;alpha2a interferon;interferon alpha A;interferon alpha2;interferon alpha 2b;interferon alpha 2a;,MGI:107666,interferon alpha 2,15965,Ifna2 ,Ifa2;,"interferon alpha family, gene 2;interferon alpha2;IFNalpha2;",IFNA2_HUMAN,Interferon alpha-2,IFN-alpha-2;Interferon alpha-A;LeIF A;,B1AYH7_MOUSE,,,,,,18,Interferon_alpha_2;,PR:000008915,interferon alpha-2,LeIF A;IFNA2;IFN-alpha-2;interferon alpha-A;,http://pir.georgetown.edu/cgi-bin/pro/entry_pro?id=PR:000008915,147562,,,,,,,,,,,,,,,,,,,,,,,,,,,,,,,,,,,,,,,,,,,,,,,,,,,,,,,,,,,,,
CID_75,Interferon-alpha 21,HGNC:5424,"interferon, alpha 21",3452,IFNA21 ,LeIF F;leIF-F;IFN-alphaI;,IFNalpha21;interferon alpha21;leukocyte interferon protein;interferon alphaF;,,,,,,,IFN21_HUMAN,Interferon alpha-21,IFN-alpha-21;Interferon alpha-F;LeIF F;,,,,,,,20,Interferon_alpha_21;,PR:000008916,interferon alpha-21,interferon alpha-F;IFN-alpha-21;IFNA21;LeIF F;,http://pir.georgetown.edu/cgi-bin/pro/entry_pro?id=PR:000008916,147584,,,,,,,,,,,,,,,,,,,,,,,,,,,,,,,,,,,,,,,,,,,,,,,,,,,,,,,,,,,,,
CID_76,Interferon-alpha 4,HGNC:5425,"interferon, alpha 4",3441,IFNA4 ,INFA4;IFN-alpha4a;,interferon alphaM1;IFNalpha4;interferon alpha4B;interferon alpha4;interferon alpha76;,MGI:107664,interferon alpha 4,15967,Ifna4 ,Ifa4;,"MuIFNalpha 4;interferon alpha family, gene 4;IFNalpha4;interferon alpha4;",IFNA4_HUMAN,Interferon alpha-4,IFN-alpha-4;Interferon alpha-4B;Interferon alpha-76;Interferon alpha-M1;,IFNA4_MOUSE,Interferon alpha-4,IFN-alpha-4;,,,,22,Interferon_alpha_4;,PR:000008917,interferon alpha-4,IFNA4;interferon alpha-76;interferon alpha-4B;IFN-alpha-4;interferon alpha-M1;,http://pir.georgetown.edu/cgi-bin/pro/entry_pro?id=PR:000008917,147564,,,,,,,,,,,,,,,,,,,,,,,,,,,,,,,,,,,,,,,,,,,,,,,,,,,,,,,,,,,,,
CID_77,Interferon-alpha 5,HGNC:5426,"interferon, alpha 5",3442,IFNA5 ,INA5;INFA5;leIF G;IFN-alphaG;IFN-alpha-5;,interferon alpha5;interferon alpha61;interferon alphaG;,MGI:107663,interferon alpha 5,15968,Ifna5 ,Ifa5;,"interferon alpha5;interferon alpha family, gene 5;IFNalpha5;",IFNA5_HUMAN,Interferon alpha-5,IFN-alpha-5;Interferon alpha-61;Interferon alpha-G;LeIF G;,Q810G2_MOUSE,,,,,,24,Interferon_alpha_5;,PR:000008918,interferon alpha-5,interferon alpha-G;IFNA5;IFN-alpha-5;interferon alpha-61;LeIF G;,http://pir.georgetown.edu/cgi-bin/pro/entry_pro?id=PR:000008918,147565,,,,,,,,,,,,,,,,,,,,,,,,,,,,,,,,,,,,,,,,,,,,,,,,,,,,,,,,,,,,,
CID_78,Interferon-alpha 6,HGNC:5427,"interferon, alpha 6",3443,IFNA6 ,IFN-alphaK;,IFNalpha6;interferon alpha54;leIF K;interferon alpha6;interferon alphaK;,MGI:107662,interferon alpha 6,15969,Ifna6 ,Ifa6;Ifa8;Ifna8;IFNa8/6;,"interferon alpha family, gene 6;IFNalpha6;IFNalpha8;interferon alpha6;interferon alpha 8/6;interferon alpha family, gene 8;interferon alpha8;",IFNA6_HUMAN,Interferon alpha-6,IFN-alpha-6;Interferon alpha-54;Interferon alpha-K;LeIF K;,Q810G5_MOUSE,,,,,,26,Interferon_alpha_6;,PR:000008919,interferon alpha-6,interferon alpha-54;IFN-alpha-6;interferon alpha-K;LeIF K;Ifa6;IFN-alpha-8;Ifna8;Ifa8;IFNA6;interferon alpha-8;,http://pir.georgetown.edu/cgi-bin/pro/entry_pro?id=PR:000008919,147566,,,,,,,,,,,,,,,,,,,,,,,,,,,,,,,,,,,,,,,,,,,,,,,,,,,,,,,,,,,,,
CID_79,Interferon-alpha 7,HGNC:5428,"interferon, alpha 7",3444,IFNA7 ,IFNA-J;IFN-alphaJ;,IFNalpha 7;IFNalpha7;interferon alpha7;leIF J;interferon alphaJ1;IFNalphaJ1;interferon alphaJ;,MGI:107661,interferon alpha 7,15970,Ifna7 ,Ifa7;,"IFNalpha7;interferon alpha family, gene 7;interferon alpha7;",IFNA7_HUMAN,Interferon alpha-7,IFN-alpha-7;Interferon alpha-J;LeIF J;Interferon alpha-J1;IFN-alpha-J1;,Q810G6_MOUSE,,,,,,28,Interferon_alpha_7;,PR:000008920,interferon alpha-7,IFNA7;LeIF J;IFN-alpha-J1;IFN-alpha-7;interferon alpha-J1;interferon alpha-J;Ifa7;,http://pir.georgetown.edu/cgi-bin/pro/entry_pro?id=PR:000008920,147567,,,,,,,,,,,,,,,,,,,,,,,,,,,,,,,,,,,,,,,,,,,,,,,,,,,,,,,,,,,,,
CID_8,CD40 ligand,HGNC:11935,CD40 ligand,959,CD40LG ,IGM;IMD3;TRAP;gp39;CD154;CD40L;HIGM1;T-BAM;TNFSF5;hCD40L;,CD40L;tumor necrosis factor (ligand) superfamily member 5;CD40 ligand;TB cellactivating molecule;CD40 antigen ligand;Tcell antigen Gp39;TNFrelated activation protein;,MGI:88337,CD40 ligand,21947,Cd40lg ,IGM;IMD3;Ly62;TRAP;gp39;CD154;Cd40l;HIGM1;Ly-62;T-BAM;CD40-L;Tnfsf5;,CD40 ligand;Tcell antigen Gp39;tumor necrosis factor ligand superfamily member 5;TNFrelated activation protein;,CD40L_HUMAN,"CD40 ligand, soluble form",CD40-L;T-cell antigen Gp39;TNF-related activation protein;TRAP;Tumor necrosis factor ligand superfamily member 5;,CD40L_MOUSE,"CD40 ligand, soluble form",CD40-L;T-cell antigen Gp39;TNF-related activation protein;TRAP;Tumor necrosis factor ligand superfamily member 5;,,,,55,cd40lg;cd40 ligand;higm1;hcd40l;tumor necrosis factor ligand superfamily member 5;imd3;t-bam;gp39;tnf-related activation protein;igm;t-cell antigen gp39;cd40l;cd154;trap;tnfsf5;,PR:000001950,tumor necrosis factor ligand superfamily member 5,TRAP;CD40L;TNF-related activation protein;TNFSF5;T-cell antigen Gp39;CD40LG;CD154;CD40-L;,http://pir.georgetown.edu/cgi-bin/pro/entry_pro?id=PR:000001950,300386,,,,,,,,,,,,,,,,,,,,,,,,,,,,,,,,,,,,,,,,,,,,,,,,,,,,,,,,,,,,,
CID_80,Interferon-alpha 8,HGNC:5429,"interferon, alpha 8",3445,IFNA8 ,IFN-alphaB;,interferon alphaB;interferon alphaB2;IFNalpha8;interferon alpha type 201;interferon alphaB';leIF B;interferon alpha8;,MGI:107662,"interferon alpha family, gene 8",15969,Ifna8,Ifa6;Ifa8;Ifna8;IFNa8/6;,"interferon alpha family, gene 6;IFNalpha6;IFNalpha8;interferon alpha6;interferon alpha 8/6;interferon alpha family, gene 8;interferon alpha8;",IFNA8_HUMAN,Interferon alpha-8,IFN-alpha-8;Interferon alpha-B;LeIF B;Interferon alpha-B2;,Q810G5_MOUSE,,,,,,30,Interferon_alpha_8;,PR:000008921,interferon alpha-8,LeIF B;IFN-alpha-8;interferon alpha-B;interferon alpha-B2;IFNA8;,http://pir.georgetown.edu/cgi-bin/pro/entry_pro?id=PR:000008921,147568,,,,,,,,,,,,,,,,,,,,,,,,,,,,,,,,,,,,,,,,,,,,,,,,,,,,,,,,,,,,,
CID_81,Interferon-beta,HGNC:5434,"interferon, beta 1, fibroblast",3456,IFNB1 ,IFB;IFF;IFNB;,IFNbeta;fibroblast interferon;interferon beta;,MGI:107657,"interferon beta 1, fibroblast",15977,Ifnb1 ,Ifb;IFNB;IFN-beta;,interferon beta;,IFNB_HUMAN,Interferon beta,IFN-beta;Fibroblast interferon;,IFNB_MOUSE,Interferon beta,IFN-beta;,D016899,Interferon-beta,interferon b;IFNb;IFN-b;IFN-beta;IFN beta;interferon beta;beta interferon;b interferon;interferon-b;interferon-beta;,41,"Interferon-beta;interferon-beta-1;interferon beta1;ifnb;interferon-beta1;ifn{beta};fibroblast interferon;ifn beta;ifn-beta;beta-1 interferon;interferon beta;ifnb1;mgc96956;interferon, beta-1;beta-interferon;ifn-{beta};ifnbeta;interferon b;fiblaferon;interferon, beta1;ifn {beta};interferon, beta 1;ifn-b;ifn b;interferon-beta;interferon beta-1;iff;interferon-b;beta interferon;interferon, beta 1, fibroblast;ifb;",PR:000024939,interferon beta,,http://pir.georgetown.edu/cgi-bin/pro/entry_pro?id=PR:000024939,147640,,,,,,,,,,,,,,,,,,,,,,,,,,,,,,,,,,,,,,,,,,,,,,,,,,,,,,,,,,,,,
CID_82,Interferon-epsilon,HGNC:18163,"interferon, epsilon",338376,IFNE ,IFN-E;IFNE1;IFNT1;INFE1;PRO655;,IFNepsilon;interferon epsilon 1;interferon epsilon;interferonepsilon;interferon tau1;interferon epsilon1;,MGI:2667156,interferon epsilon,230405,Ifne ,Ifne1;Ifnt1;Infe1;Ifn-tau-1;,IFNepsilon;interferon epsilon 1;interferon epsilon;interferon tau1;interferon epsilon1;,IFNE_HUMAN,Interferon epsilon,IFN-epsilon;Interferon epsilon-1;,IFNE_MOUSE,Interferon epsilon,IFN-epsilon;Interferon epsilon-1;Interferon tau-1;,,,,37,"Interferon-epsilon;ifn-e;mgc119020;ifne;ifn-epsilon;interferon, epsilon;ifnt1;interferon-epsilon;pro655;ifne1;interferon tau-1;interferon epsilon;mgc119018;interferon epsilon-1;",PR:000008925,interferon epsilon,IFNE;Ifnt1;IFNE1;interferon epsilon-1;interferon tau-1;IFN-epsilon;,http://pir.georgetown.edu/cgi-bin/pro/entry_pro?id=PR:000008925,615223,,,,,,,,,,,,,,,,,,,,,,,,,,,,,,,,,,,,,,,,,,,,,,,,,,,,,,,,,,,,,
CID_83,Interferon-gamma,HGNC:5438,"interferon, gamma",3458,IFNG ,IFG;IFI;,IFNgamma;interferon gamma;immune interferon;,MGI:107656,interferon gamma,15978,Ifng ,Ifg;IFN-g;,gamma interferon;IFNgamma;interferon gamma;,IFNG_HUMAN,Interferon gamma,IFN-gamma;Immune interferon;,IFNG_MOUSE,Interferon gamma,IFN-gamma;,D007371,Interferon-gamma,IFN-gamma;IFN gamma;IFNG;IFN-g;Interferon-gamma;Interferon-g;Interferon g;interferon gamma;gamma interferon;g interferon;,43,"Interferon-gamma;ifng;ifg;ifn-gamma;interferon, gamma;ifn-g;interferon-gamma;ifi;gamma-interferon;gamma interferon;immune interferon;interferon gamma;",PR:000000017,interferon gamma,IFN-gamma;IFNG;immune interferon;,http://pir.georgetown.edu/cgi-bin/pro/entry_pro?id=PR:000000017,147570,,,,,,,,,,,,,,,,,,,,,,,,,,,,,,,,,,,,,,,,,,,,,,,,,,,,,,,,,,,,,
CID_84,Interferon-kappa,HGNC:21714,"interferon, kappa",56832,IFNK ,IFNT1;INFE1;,interferon kappa;interferonlike protein;IFNkappa;,MGI:2683287,interferon kappa,387510,Ifnk ,,interferon kappa;IFNkappa;,IFNK_HUMAN,Interferon kappa,IFN-kappa;,IFNK_MOUSE,Interferon kappa,IFN-kappa;,,,,39,Interferon-kappa;,PR:000008927,interferon kappa,IFNK;IFN-kappa;,http://pir.georgetown.edu/cgi-bin/pro/entry_pro?id=PR:000008927,615326;615223,,,,,,,,,,,,,,,,,,,,,,,,,,,,,,,,,,,,,,,,,,,,,,,,,,,,,,,,,,,,,
CID_85,Interferon-omega,,,,,,,,,,,,,,,,,,,,,,45,Interferon-omega;,PR:000025020,interferon omega,,http://pir.georgetown.edu/cgi-bin/pro/entry_pro?id=PR:000025020,,,,,,,,,,,,,,,,,,,,,,,,,,,,,,,,,,,,,,,,,,,,,,,,,,,,,,,,,,,,,,
CID_86,Interleukin 1 Receptor Antagonist Protein,HGNC:6000,interleukin 1 receptor antagonist,3557,IL1RN ,DIRA;IRAP;IL1F3;IL1RA;MVCD4;IL-1RN;IL-1ra;IL-1ra3;ICIL-1RA;,IL1RN (IL1F3);IL1 inhibitor;interleukin1 receptor antagonist protein;type II interleukin1 receptor antagonist;intracellular interleukin1 receptor antagonist (icIL1ra);intracellular IL1 receptor antagonist type II;,MGI:96547,interleukin 1 receptor antagonist,16181,Il1rn ,IL-1ra;F630041P17Rik;,IRAP;IL1 inhibitor;IL1RN;interleukin1 receptor antagonist protein;,IL1RA_HUMAN,Interleukin-1 receptor antagonist protein,IL-1RN;IL-1ra;IRAP;ICIL-1RA;IL1 inhibitor;,IL1RA_MOUSE,Interleukin-1 receptor antagonist protein,IL-1RN;IL-1ra;IRAP;IL1 inhibitor;,D053590,Interleukin 1 Receptor Antagonist Protein,ICIL-1RA;IL-1RN;IL-1ra;IL1RN;IRAP;Interleukin 1 Receptor Antagonist Protein;Interleukin-1 receptor antagonist;interleukin-1 receptor antagonist protein;,,,PR:000001137,interleukin-1 receptor antagonist protein,anakinra;ICIL-1RA;IL-1RN;IL1 inhibitor;IL1RN;IRAP;IL-1ra;IL1F3;IL1RA;,http://pir.georgetown.edu/cgi-bin/pro/entry_pro?id=PR:000001137,147679,,,,,,,,,,,,,,,,,,,,,,,,,,,,,,,,,,,,,,,,,,,,,,,,,,,,,,,,,,,,,
CID_87,Interleukin-1,,,,,,,MGI:96536,interleukin 1 complex,111343,Il1 ,Il-1;,,,,,,,,D007375,Interleukin-1,IL 1;IL-1;IL1;Interleukin 1;Interleukin-1;,103,Interleukin-1;interleukin 1;il-1;il 1;il1;,PR:000001091,interleukin-1,interleukin-1;,http://pir.georgetown.edu/cgi-bin/pro/entry_pro?id=PR:000001091,,,,,,,,,,,,,,,,,,,,,,,,,,,,,,,,,,,,,,,,,,,,,,,,,,,,,,,,,,,,,,
CID_88,Interleukin-1 alpha,HGNC:5991,"interleukin 1, alpha",3552,IL1A ,IL1;IL-1A;IL1F1;IL1-ALPHA;,prointerleukin1alpha;IL1 alpha;preinterleukin 1 alpha;interleukin1 alpha;hematopoietin1;,MGI:96542,interleukin 1 alpha,16175,Il1a ,Il-1a;,interleukin1 alpha;IL1 alpha;,IL1A_HUMAN,Interleukin-1 alpha,IL-1 alpha;Hematopoietin-1;,IL1A_MOUSE,Interleukin-1 alpha,IL-1 alpha;,D053582,Interleukin-1alpha,IL-1 alpha;IL1A;Interleukin-1alpha;interleukin-1 alpha;interleukin 1 alpha;,104,IL-1alpha;,PR:000001135,interleukin-1 alpha,IL1F1;IL-1 alpha;IL1A;hematopoietin-1;,http://pir.georgetown.edu/cgi-bin/pro/entry_pro?id=PR:000001135,147760,,,,,,,,,,,,,,,,,,,,,,,,,,,,,,,,,,,,,,,,,,,,,,,,,,,,,,,,,,,,,
CID_89,Interleukin-1 beta,HGNC:5992,"interleukin 1, beta",3553,IL1B ,IL-1;IL1F2;IL1-BETA;,prointerleukin1beta;preinterleukin 1 beta;catabolin;IL1 beta;interleukin1 beta;,MGI:96543,interleukin 1 beta,16176,Il1b ,Il-1b;IL-1beta;,IL1 beta;interleukin1 beta;,IL1B_HUMAN,Interleukin-1 beta,IL-1 beta;Catabolin;,IL1B_MOUSE,Interleukin-1 beta,IL-1 beta;,D053583,Interleukin-1beta,IL-1 beta;IL1B;Interleukin-1beta;catabolin;interleukin-1 beta;interleukin 1 beta;,106,IL-1beta;,PR:000001136,interleukin-1 beta,IL1F2;catabolin;IL1B;IL-1 beta;,http://pir.georgetown.edu/cgi-bin/pro/entry_pro?id=PR:000001136,147720,,,,,,,,,,,,,,,,,,,,,,,,,,,,,,,,,,,,,,,,,,,,,,,,,,,,,,,,,,,,,
CID_9,CD70 molecule,HGNC:11937,CD70 molecule,970,CD70 ,CD27L;CD27LG;TNFSF7;,"surface antigen CD70;CD27L;CD70 antigen;tumor necrosis factor ligand superfamily member 7;Ki24 antigen;CD27 ligand;tumor necrosis factor (ligand) superfamily, member 7;",MGI:1195273,CD70 antigen,21948,Cd70 ,Cd27l;CD27LG;Tnfsf7;,"CD27L;CD70 antigen;tumor necrosis factor ligand superfamily member 7;Ki24 antigen;CD27 ligand;tumor necrosis factor (ligand) superfamily, member 7;",CD70_HUMAN,CD70 antigen,CD27 ligand;CD27-L;Tumor necrosis factor ligand superfamily member 7;,CD70_MOUSE,CD70 antigen,CD27 ligand;CD27-L;Tumor necrosis factor ligand superfamily member 7;,D053282,"Antigens, CD70",,59,"cd27l;cd27lg;tumor necrosis factor (ligand) superfamily, member 7;tnfsf7;cd70;tumor necrosis factor ligand superfamily member 7;t14;tnf superfamily, member 7;cd27l receptor;t-cell activation antigen cd27;",PR:000001309,CD70 molecule,CD27 ligand;CD27-L;CD27L;CD27LG;CD70PRO-short-label;CD70 antigen;TNFSF7;tumor necrosis factor ligand superfamily member 7;,http://pir.georgetown.edu/cgi-bin/pro/entry_pro?id=PR:000001309,602840,,,,,,,,,,,,,,,,,,,,,,,,,,,,,,,,,,,,,,,,,,,,,,,,,,,,,,,,,,,,,
CID_90,interleukin-1 delta,HGNC:15561,interleukin 36 receptor antagonist,26525,IL36RN ,FIL1;FIL1D;IL1F5;IL1L1;PSORP;IL1HY1;IL1RP3;IL36RA;FIL1(DELTA);,"IL1F5 (Canonical product IL1F5a);IL1F5 (IL1HY1, FIL1delta, IL1RP3, IL1L1, IL1delta);IL1ra homolog 1;interleukin1 HY1;interleukin1 receptor antagonist homolog 1;interleukin36 receptor antagonist protein;IL1 related protein 3;interleukin 1 family, member 5 (delta);interleukin1like protein 1;",MGI:1859325,"interleukin 1 family, member 5 (delta)",54450,Il1f5 ,IL36RN;Il-1h3;Il1hy1;AI413231;Fil1delta;,IL1 delta;interleukin1 homolog 3;IL1F5;interleukin1 HY1;IL1L1;interleukin1 family member 5;interleukin1 delta;IL1HY1;interleukin36 receptor antagonist protein;interleukin 1 receptor antagonist homolog 1;interleukin1like protein 1;,I36RA_HUMAN,Interleukin-36 receptor antagonist protein,FIL1 delta;IL-1-related protein 3;IL-1RP3;Interleukin-1 HY1;IL-1HY1;Interleukin-1 delta;IL-1 delta;Interleukin-1 family member 5;IL-1F5;Interleukin-1 receptor antagonist homolog 1;IL-1ra homolog 1;Interleukin-1-like protein 1;IL-1L1;,I36RA_MOUSE,Interleukin-36 receptor antagonist protein,Interleukin-1 HY1;IL-1HY1;Interleukin-1 delta;IL-1 delta;Interleukin-1 family member 5;IL-1F5;Interleukin-1 homolog 3;IL-1H3;Interleukin-1-like protein 1;IL-1L1;,,,,109,interleukin-1_delta;fil1;interleukin-1 hy1;interleukin-1-like protein 1;il-1-related protein 3;fil1(delta);mgc29840;il-1rp3;il1l1;fil1 delta;interleukin-1 homolog 3;il-1h3;fil1d;il-1 delta;interleukin-1 receptor antagonist homolog 1;il-1hy1;il-1f5;interleukin-1 family member 5;il1h3;il-1l1;il1hy1;il1rp3;il-1ra homolog 1;interleukin-1 delta;il1f5;,PR:000008988,interleukin-1 family member 5,interleukin-1 family member 5;FIL1 delta;FIL1D;IL-1 delta;IL-1-related protein 3;IL-1F5;IL-1H3;IL-1HY1;IL-1L1;IL-1RP3;IL-1ra homolog 1;IL1F5;IL1HY1;IL1L1;IL1RP3;IL36RN;Il1h3;interleukin-1 HY1;interleukin-1 delta;interleukin-1 homolog 3;interleukin-1 receptor antagonist homolog 1;interleukin-1-like protein 1;,http://pir.georgetown.edu/cgi-bin/pro/entry_pro?id=PR:000008988,605507,,,,,,,,,,,,,,,,,,,,,,,,,,,,,,,,,,,,,,,,,,,,,,,,,,,,,,,,,,,,,
CID_91,interleukin-1 epsilon,HGNC:15741,"interleukin 36, gamma",56300,IL36G ,IL1E;IL1F9;IL1H1;IL-1F9;IL-1H1;IL1RP2;IL-1RP2;,"interleukin1 family member 9;interleukin1 homolog 1;IL1(EPSILON);IL1epsilon;interleukin36 gamma;interleukin 1related protein 2;interleukin1 epsilon;IL1related protein 2;IL1 related protein 2;IL1 epsilon;interleukin 1 family, member 9;",,,,,,,IL36G_HUMAN,Interleukin-36 gamma,IL-1-related protein 2;IL-1RP2;Interleukin-1 epsilon;IL-1 epsilon;Interleukin-1 family member 9;IL-1F9;Interleukin-1 homolog 1;IL-1H1;,,,,,,,113,"interleukin-1_epsilon;il-1-related protein 2;interleukin 1 family, member 9;il-1rp2;il-1h1;il1f9;interleukin-1 homolog 1;il1e;interleukin-1 family member 9;interleukin-1 epsilon;il-1 epsilon;il1rp2;il1h1;il-1f9;",PR:000008990,interleukin-1 family member 9,interleukin-1 family member 9 IL-1 epsilon;IL-1-related protein 2;IL-1F9;IL-1H1;IL-1RP2;IL1E;IL1F9;IL1H1;IL1RP2;IL36G;interleukin-1 epsilon;interleukin-1 homolog 1;,http://pir.georgetown.edu/cgi-bin/pro/entry_pro?id=PR:000008990,605542,,,,,,,,,,,,,,,,,,,,,,,,,,,,,,,,,,,,,,,,,,,,,,,,,,,,,,,,,,,,,
CID_92,interleukin-1 theta,HGNC:15552,"interleukin 1 family, member 10 (theta)",84639,IL1F10 ,IL-38;FKSG75;IL1HY2;IL-1HY2;IL1-theta;FIL1-theta;,IL1F10 (canonical form IL1F10a);interleukin1 family member 10;interleukin1 receptor antagonistlike FIL1 theta;IL1 theta;FIL1 theta;interleukin1 receptor antagonist FKSG75;interleukin38;family of interleukin 1theta;interleukin1 HY2;,MGI:2652548,"interleukin 1 family, member 10",215274,Il1f10 ,,"interleukin1 family member 10;interleukin 1 family, member 7;IL1F10;",IL1FA_HUMAN,Interleukin-1 family member 10,IL-1F10;Family of interleukin 1-theta;FIL1 theta;Interleukin-1 HY2;IL-1HY2;Interleukin-1 theta;IL-1 theta;Interleukin-38;IL-38;,IL1FA_MOUSE,Interleukin-1 family member 10,IL-1F10;,,,,111,interleukin-1_teta;il1f10;fil1t;interleukin-1 hy2;mgc119833;fksg75;mgc119831;mgc119832;il1 theta;interleukin-1 theta;il-1hy2;il1-theta;fil1-theta;fil1 theta;il1hy2;interleukin-1 family member 10;,PR:000008987,interleukin-1 family member 10,interleukin-1 family member 10;FIL1 theta;FIL1T;IL-1 theta;IL-1F10;IL-1HY2;IL1F10;IL1HY2;interleukin-1 HY2;interleukin-1 theta;,http://pir.georgetown.edu/cgi-bin/pro/entry_pro?id=PR:000008987,615296,,,,,,,,,,,,,,,,,,,,,,,,,,,,,,,,,,,,,,,,,,,,,,,,,,,,,,,,,,,,,
CID_93,Interleukin-10,HGNC:5962,interleukin 10,3586,IL10 ,CSIF;TGIF;GVHDS;IL-10;IL10A;,Tcell growth inhibitory factor;cytokine synthesis inhibitory factor;interleukin10;,MGI:96537,interleukin 10,16153,Il10 ,CSIF;Il-10;,cytokine synthesis inhibitory factor;interleukin10;,IL10_HUMAN,Interleukin-10,IL-10;Cytokine synthesis inhibitory factor;CSIF;,IL10_MOUSE,Interleukin-10,IL-10;Cytokine synthesis inhibitory factor;CSIF;,D016753,Interleukin-10,IL 10;IL-10;IL10;Interleukin-10;interleukin 10;,85,Interleukin-10;b-cell derived t-cell growth factor;il10a;cytokine synthesis inhibitory factor;t-cell growth inhibitory factor;il-10a;interleukin-10;il-10;il10;mgc126451;mgc126450;csif;b-tcgf;interleukin 10;tgif;,PR:000001471,interleukin-10,CSIF;IL-10;cytokine synthesis inhibitory factor;IL10;,http://pir.georgetown.edu/cgi-bin/pro/entry_pro?id=PR:000001471,124092,,,,,,,,,,,,,,,,,,,,,,,,,,,,,,,,,,,,,,,,,,,,,,,,,,,,,,,,,,,,,
CID_94,Interleukin-11,HGNC:5966,interleukin 11,3589,IL11 ,AGIF;IL-11;,interleukin11;adipogenesis inhibitory factor;oprelvekin;,MGI:107613,interleukin 11,16156,Il11 ,IL-11;,interleukin11;,IL11_HUMAN,Interleukin-11,IL-11;Adipogenesis inhibitory factor;AGIF;,IL11_MOUSE,Interleukin-11,IL-11;,D017370,Interleukin-11,IL 11;IL-11;IL11;Interleukin-11;interleukin 11;,163,il-11;agif;hpaec survival factor;interleukin 11;meg-csf;interleukin-11;il11;adipogenesis inhibitory factor;oprelvekin;human pulmonary artery endothelial cell-derived survival factor;megakaryocyte colony stimulating factor;,PR:000001366,interleukin-11,oprelvekin;IL-11;AGIF;IL11;adipogenesis inhibitory factor;,http://pir.georgetown.edu/cgi-bin/pro/entry_pro?id=PR:000001366,147681,,,,,,,,,,,,,,,,,,,,,,,,,,,,,,,,,,,,,,,,,,,,,,,,,,,,,,,,,,,,,
CID_95,Interleukin-12,,,,,,,,,,,,,,,,,,,D018664,Interleukin-12,IL 12;IL-12;IL12;Interleukin-12;interleukin 12;,161,il-12;il12;nksf;interleukin 12;nk cell stimulatory factor;natural killer cell stimulatory factor;tcmf;il-12p70;il 12;interleukin-12;edodekin alfa;il-12 p70;,,,,,,,,,,,,,,,,,,,,,,,,,,,,,,,,,,,,,,,,,,,,,,,,,,,,,,,,,,,,,,,,,,
CID_96,Interleukin-12 Subunit p35,HGNC:5969,interleukin 12A,3592,IL12A ,P35;CLMF;NFSK;NKSF1;IL-12A;,"interleukin12 alpha chain;CLMF p35;IL35 subunit;interleukin12 subunit alpha;cytotoxic lymphocyte maturation factor 35 kDa subunit;IL12, subunit p35;interleukin 12, p35;cytotoxic lymphocyte maturation factor 1, p35;NF cell stimulatory factor chain 1;interleukin 12A (natural killer cell stimulatory factor 1, cytotoxic lymphocyte maturation factor 1, p35);NK cell stimulatory factor chain 1;",MGI:96539,interleukin 12a,16159,Il12a ,p35;Ll12a;Il-12a;IL-12p35;,CLMF p35;interleukin12 subunit alpha;cytotoxic lymphocyte maturation factor 35 kDa subunit;IL12 subunit p35;interleukin 12a p35 subunit;,IL12A_HUMAN,Interleukin-12 subunit alpha,IL-12A;Cytotoxic lymphocyte maturation factor 35 kDa subunit;CLMF p35;IL-12 subunit p35;NK cell stimulatory factor chain 1;NKSF1;,IL12A_MOUSE,Interleukin-12 subunit alpha,IL-12A;Cytotoxic lymphocyte maturation factor 35 kDa subunit;CLMF p35;IL-12 subunit p35;,D053765,Interleukin-12 Subunit p35,Interleukin-12 Subunit p35;,,,PR:000001368,interleukin-12 subunit alpha,CLMF p35;IL-12 subunit p35;IL-12A;IL12A;NK cell stimulatory factor chain 1;NKSF1;cytotoxic lymphocyte maturation factor 35 kDa subunit;,http://pir.georgetown.edu/cgi-bin/pro/entry_pro?id=PR:000001368,161560,,,,,,,,,,,,,,,,,,,,,,,,,,,,,,,,,,,,,,,,,,,,,,,,,,,,,,,,,,,,,
CID_97,Interleukin-12 Subunit p40,HGNC:5970,interleukin 12B,3593,IL12B ,CLMF;NKSF;CLMF2;NKSF2;IL-12B;,"cytotoxic lymphocyte maturation factor 40 kDa subunit;IL12, subunit p40;IL12 subunit p40;NK cell stimulatory factor chain 2;interleukin12 beta chain;interleukin 12B (natural killer cell stimulatory factor 2, cytotoxic lymphocyte maturation factor 2, p40);natural killer cell stimulatory factor, 40 kD subunit;interleukin12 subunit beta;CLMF p40;interleukin 12, p40;",MGI:96540,interleukin 12b,16160,Il12b ,p40;Il-12b;Il12p40;Il-12p40;,cytotoxic lymphocyte maturation factor 40 kDa subunit;IL12 subunit p40;IL12 p40;interleukin12 subunit beta;IL23 subunit p40;CLMF p40;,IL12B_HUMAN,Interleukin-12 subunit beta,IL-12B;Cytotoxic lymphocyte maturation factor 40 kDa subunit;CLMF p40;IL-12 subunit p40;NK cell stimulatory factor chain 2;NKSF2;,IL12B_MOUSE,Interleukin-12 subunit beta,IL-12B;Cytotoxic lymphocyte maturation factor 40 kDa subunit;CLMF p40;IL-12 subunit p40;,D053762,Interleukin-12 Subunit p40,IL-12 subunit p40;IL-12B;IL12B;Interleukin-12 Subunit p40;interleukin-12 p40;interleukin-12 subunit beta;,,,PR:000001369,interleukin-12 subunit beta,cytotoxic lymphocyte maturation factor 40 kDa subunit;IL-12B;CLMF p40;IL-12 subunit p40;IL12B;NKSF2;NK cell stimulatory factor chain 2;,http://pir.georgetown.edu/cgi-bin/pro/entry_pro?id=PR:000001369,161561,,,,,,,,,,,,,,,,,,,,,,,,,,,,,,,,,,,,,,,,,,,,,,,,,,,,,,,,,,,,,
CID_98,Interleukin-13,HGNC:5973,interleukin 13,3596,IL13 ,P600;IL-13;,interleukin13;,MGI:96541,interleukin 13,16163,Il13 ,Il-13;,interleukin13;Tcell activation protein P600;,IL13_HUMAN,Interleukin-13,IL-13;,IL13_MOUSE,Interleukin-13,IL-13;T-cell activation protein P600;,D018793,Interleukin-13,IL 13;IL-13;IL13;Interleukin-13;T-cell activation protein P600;interleukin 13;,157,il-13;il13;interleukin 13;bhr1;t-cell activation protein p600;interleukin-13;p600;nc30;mgc116786;alrh;mgc116788;mgc116789;,PR:000001370,interleukin-13,NC30;IL-13;T-cell activation protein P600;IL13;,http://pir.georgetown.edu/cgi-bin/pro/entry_pro?id=PR:000001370,147683,,,,,,,,,,,,,,,,,,,,,,,,,,,,,,,,,,,,,,,,,,,,,,,,,,,,,,,,,,,,,
CID_99,Interleukin-14,,interleukin 14,3599,IL14 ,IL-14;HMW-BCGF;,,MGI:105968,taxilin alpha,109658,Txlna ,Il14;Txln;AI425952;AW209241;2600010N21Rik;,alphataxilin;interleukin 14;taxilin Txln;,,,,TXLNA_MOUSE,Alpha-taxilin,,,,,153,il-14;,PR:000001321,alpha-taxilin,TXLN;TXLNA;,http://pir.georgetown.edu/cgi-bin/pro/entry_pro?id=PR:000001321,,,,,,,,,,,,,,,,,,,,,,,,,,,,,,,,,,,,,,,,,,,,,,,,,,,,,,,,,,,,,,
CID_271,Lymphotoxin-beta,HGNC:6711,"lymphotoxin beta (TNF superfamily, member 3)",4050,LBT,p33;TNFC;TNFSF3;,LT-beta;TNF-C;tumor necrosis factor C;tumor necrosis factor ligand superfamily member 3;,MGI:104796,lymphotoxin B,16994,Ltb,p33;Tnfc;LTbeta;Tnfsf3;AI662801;,LT-beta;TNF-C;lymphotoxin beta;tumor necrosis factor C;tumor necrosis factor ligand superfamily member 3;,TNFC_HUMAN,Lymphotoxin-beta,LT-beta;Tumor necrosis factor C;TNF-C;Tumor necrosis factor ligand superfamily member 3;,TNFC_MOUSE,Lymphotoxin-beta,LT-beta;Tumor necrosis factor C;TNF-C;Tumor necrosis factor ligand superfamily member 3;,D053308,Lymphotoxin-beta,,,,PR:000002205 ,lymphotoxin-beta ,LT-beta;LTBPRO;TNF-C;TNFC;TNFSF3;tumor necrosis factor C;tumor necrosis factor ligand superfamily member 3;,http://pir.georgetown.edu/cgi-bin/pro/entry_pro?id=PR:000002205,600978,,,,,,,,,,,,,,,,,,,,,,,,,,,,,,,,,,,,,,,,,,,,,,,,,,,,,,,,,,,,,
CID_272,Tumor necrosis factor ligand superfamily member 18,HGNC:11932,"tumor necrosis factor (ligand) superfamily, member 18",8995,TNFSF18,TL6;AITRL;GITRL;hGITRL;,AITR ligand;GITR ligand;activation-inducible TNF-related ligand;glucocorticoid-induced TNF-related ligand;glucocorticoid-induced TNFR-related protein ligand;,MGI:2673064 ,"tumor necrosis factor (ligand) superfamily, member 18",240873,Tnfsf18,Gitrl;,GITR ligand;glucocorticoid-induced TNF-related ligand;glucocorticoid-induced-tumor necrosis factor receptor ligand;,TNF18_HUMAN,Tumor necrosis factor ligand superfamily member 18,Activation-inducible TNF-related ligand;AITRL;Glucocorticoid-induced TNF-related ligand;hGITRL;,TNF18_MOUSE,Tumor necrosis factor ligand superfamily member 18,GITRL;Glucocorticoid-induced TNF-related ligand;,,,,,,PR:000016488 ,tumor necrosis factor ligand superfamily member 18 ,AITRL;GITRL;TL6;TNFSF18;activation-inducible TNF-related ligand;glucocorticoid-induced TNF-related ligand;,http://pir.georgetown.edu/cgi-bin/pro/entry_pro?id=PR:000016488,603898,,,,,,,,,,,,,,,,,,,,,,,,,,,,,,,,,,,,,,,,,,,,,,,,,,,,,,,,,,,,,
CID_273,Tumor necrosis factor ligand superfamily member 10,HGNC:11925,"tumor necrosis factor (ligand) superfamily, member 10",8743,TNFSF10,TL2;APO2L;CD253;TRAIL;Apo-2L;,"Apo-2 ligand;TNF-related apoptosis inducing ligand TRAIL;chemokine tumor necrosis factor ligand superfamily member 10;tumor necrosis factor (ligand) family, member 10;tumor necrosis factor apoptosis-inducing ligand splice variant delta;",MGI:107414,"tumor necrosis factor (ligand) superfamily, member 10",22035,Tnfsf10,TL2;Ly81;Trail;APO-2L;AI448571;A330042I21Rik;,TNF-related apoptosis inducing ligand;TNF-related apoptosis-inducing ligand;TRAIL/APO2L;,TNF10_HUMAN,Tumor necrosis factor ligand superfamily member 10,Apo-2 ligand;Apo-2L;TNF-related apoptosis-inducing ligand;Protein TRAIL;CD253;,TNF10_MOUSE,Tumor necrosis factor ligand superfamily member 10,TNF-related apoptosis-inducing ligand;TRAIL;CD253;,D053220,"Receptors, TNF-Related Apoptosis-Inducing Ligand",,,,PR:000002106,tumor necrosis factor ligand superfamily member 10,APO2L;CD253;TNF-related apoptosis-inducing ligand;TNFSF10;TRAIL;apo-2 ligand;apo-2L;protein TRAIL;,http://pir.georgetown.edu/cgi-bin/pro/entry_pro?id=PR:000002106,603598,,,,,,,,,,,,,,,,,,,,,,,,,,,,,,,,,,,,,,,,,,,,,,,,,,,,,,,,,,,,,
CID_274,Macrophage stimulating factor,HGNC:7380,macrophage stimulating 1,4485,MST1,MSP;HGFL;NF15S2;D3F15S2;DNF15S2;,hepatocyte growth factor-like protein homolog;macrophage stimulating 1 (hepatocyte growth factor-like);macrophage-stimulating protein;,MGI:96080,macrophage stimulating 1,15235,Mst1,Hgfl;D3F15S2h;DNF15S2h;D9H3F15S2;,MSP;macrophage stimulatory protein;,HGFL_HUMAN,Hepatocyte growth factor-like protein,Macrophage stimulatory protein;Macrophage-stimulating protein;MSP;,HGFL_MOUSE,Hepatocyte growth factor-like protein,Macrophage stimulatory protein;MSP;,,,,,,PR:000010683,hepatocyte growth factor-like protein,D3F15S2;DNF15S2;HGFL;MSP;MST1;macrophage stimulatory protein;macrophage-stimulating protein;,http://pir.georgetown.edu/cgi-bin/pro/entry_pro?id=PR:000010683,142408,,,,,,,,,,,,,,,,,,,,,,,,,,,,,,,,,,,,,,,,,,,,,,,,,,,,,,,,,,,,,
CID_275,IL-18R1,HGNC:5988,interleukin 18 receptor 1,8809,IL18R1,CD218a;IL18RA;IL1RRP;CDw218a;IL-1Rrp;,CD218 antigen-like family member A;IL-18R-1;IL-18R1;IL1 receptor-related protein;IL18Ralpha2;IL1R-rp;cytokine receptor;,MGI:105383,interleukin 18 receptor 1,16182,il18r1,Il1rrp;Il18ralpha;,CD218 antigen-like family member A;IL-18R-1;IL-18R1;IL-1Rrp;IL1 receptor-related protein;IL1R-rp;interleukin 1 receptor related protein;,IL18R_HUMAN,Interleukin-18 receptor 1,IL-18R-1;IL-18R1;CD218 antigen-like family member A;CDw218a;IL1 receptor-related protein;IL-1Rrp;IL1R-rp;CD218a;,IL18R_MOUSE,Interleukin-18 receptor 1,IL-18R-1;IL-18R1;CD218 antigen-like family member A;IL1 receptor-related protein;IL-1Rrp;IL1R-rp;CD218a;,,,,,,PR:000001377,interleukin-18 receptor 1,CD218 antigen-like family member A;CD218a;CDw218a;IL-18R-1;IL-18R1;IL-1Rrp;IL1 receptor-related protein;IL18R1PRO-short-label;IL1R-rp;IL1RRP;,http://pir.georgetown.edu/cgi-bin/pro/entry_pro?id=PR:000001377,604494,,,,,,,,,,,,,,,,,,,,,,,,,,,,,,,,,,,,,,,,,,,,,,,,,,,,,,,,,,,,,
CID_269,FASLG,HGNC:11936,"Fas ligand (TNF superfamily, member 6)",356,FASLG,APTL;FASL;CD178;CD95L;ALPS1B;CD95-L;TNFSF6;APT1LG1,tumor necrosis factor ligand superfamily member 6;CD95 ligand;apoptosis (APO-1) antigen ligand 1;apoptosis antigen ligand;fas antigen ligand;mutant tumor necrosis factor family member 6,MGI:99255,,14103,Fasl,gld;CD178;CD95L;Fas-L;Faslg;CD95-L;Tnfsf6;APT1LG1,tumor necrosis factor ligand superfamily member 6;CD95 ligand;Fas antigen ligand;generalized lymphoproliferative disease,TNFL6_HUMAN,Tumor necrosis factor ligand superfamily member 6,Apoptosis antigen ligand;APTL;CD95 ligand;CD95-L;Fas antigen ligand;Fas ligand;FasL;CD178;,TNFL6_MOUSE,Tumor necrosis factor ligand superfamily member 6,CD95 ligand;CD95-L;Fas antigen ligand;Fas ligand;FasL;CD178;,D053222,Fas Ligand Protein,,,,PR:000000095 ,"fas ligand, TNF-like ",APT1LG1;APTL;CD178;CD95 ligand;CD95-L;CD95L;FASL;FASLGPRO-short-label;Fas antigen ligand;Fas ligand;TNFSF6;apoptosis antigen ligand;,http://pir.georgetown.edu/cgi-bin/pro/entry_pro?id=PR:000000095,134638,,,,,,,,,,,,,,,,,,,,,,,,,,,,,,,,,,,,,,,,,,,,,,,,,,,,,,,,,,,,,
CID_270,FLT3LG,HGNC:3766,fms-related tyrosine kinase 3 ligand,2323,FLT3LG,FL;FLT3L;,flt3 ligand;fms-related tyrosine kinase 3 ligand;,MGI:95560 ,FMS-like tyrosine kinase 3 ligand ,14256,Flt3l,Ly72L;Flt3lg;,flt3 ligand;fms-related tyrosine kinase 3 ligand;,FLT3L_HUMAN,Fms-related tyrosine kinase 3 ligand,Fms-related tyrosine kinase 3 ligand;Flt3 ligand;Flt3L;SL cytokine;,FLT3L_MOUSE,Fms-related tyrosine kinase 3 ligand,Fms-related tyrosine kinase 3 ligand;Flt3 ligand;Flt3L;SL cytokine;,,,,,,PR:000007564,fms-related tyrosine kinase 3 ligand ,FLT3LG;Flt3L;flt3 ligand;,http://pir.georgetown.edu/cgi-bin/pro/entry_pro?id=PR:000007564,600007,,,,,,,,,,,,,,,,,,,,,,,,,,,,,,,,,,,,,,,,,,,,,,,,,,,,,,,,,,,,,